9|2|San Alvaro|4326|900001|1|2026-09-29 02:50:00
9|2|San Salvador Xochimanca|4326|900002|2|2026-09-29 02:50:00
9|2|Obrero Popular|4326|900003|3|2026-09-29 02:50:00
9|2|San Bernabe|4326|900004|4|2026-09-29 02:50:00
9|2|Nueva Santa Maria (hogar Y Seguridad)|4326|900005|5|2026-09-29 02:50:00
9|2|Tlatilco|4326|900006|6|2026-09-29 02:50:00
9|2|Tlatilco|4326|900007|7|2026-09-29 02:50:00
9|2|Victoria De Las Democracias|4326|900008|8|2026-09-29 02:50:00
9|2|Ignacio Allende|4326|900009|9|2026-09-29 02:50:00
9|2|Cuitlahuac|4326|900010|10|2026-09-29 02:50:00
9|2|Hogares Ferrocarrileros|4326|900011|11|2026-09-29 02:50:00
9|2|Jardin Azpeitia|4326|900012|12|2026-09-29 02:50:00
9|2|Claveria|4326|900013|13|2026-09-29 02:50:00
9|2|Angel Zimbron|4326|900014|14|2026-09-29 02:50:00
9|2|Del Recreo|4326|900015|15|2026-09-29 02:50:00
9|2|Nextengo|4326|900016|16|2026-09-29 02:50:00
9|2|Libertad|4326|900017|17|2026-09-29 02:50:00
9|2|Sindicato Mexicano De Electricistas|4326|900018|18|2026-09-29 02:50:00
9|2|Un Hogar Para Cada Trabajador|4326|900019|19|2026-09-29 02:50:00
9|2|San Sebastian|4326|900020|20|2026-09-29 02:50:00
9|2|Del Maestro|4326|900021|21|2026-09-29 02:50:00
9|2|Los Reyes|4326|900022|22|2026-09-29 02:50:00
9|2|Centro De Azcapotzalco (col Villa Azcapotzalco)|4326|900023|23|2026-09-29 02:50:00
9|2|San Rafael|4326|900024|24|2026-09-29 02:50:00
9|2|Nuevo Barrio San Rafael|4326|900025|25|2026-09-29 02:50:00
9|2|San Marcos|4326|900026|26|2026-09-29 02:50:00
9|2|Santo Tomas|4326|900027|27|2026-09-29 02:50:00
9|2|Santo Domingo|4326|900028|28|2026-09-29 02:50:00
9|2|Reynosa Tamaulipas|4326|900029|29|2026-09-29 02:50:00
9|2|San Andres|4326|900030|30|2026-09-29 02:50:00
9|2|San Andres|4326|900031|31|2026-09-29 02:50:00
9|2|Santa Catarina|4326|900032|32|2026-09-29 02:50:00
9|2|Santa Ines|4326|900033|33|2026-09-29 02:50:00
9|2|Pasteros|4326|900034|34|2026-09-29 02:50:00
9|5|25 De Julio|4326|900035|35|2026-09-29 02:50:00
9|2|Tierra Nueva|4326|900036|36|2026-09-29 02:50:00
9|2|Nueva Espa?a|4326|900037|37|2026-09-29 02:50:00
9|2|Nueva El Rosario|4326|900038|38|2026-09-29 02:50:00
9|2|El Rosario|4326|900039|39|2026-09-29 02:50:00
9|2|Manuel Rivera Anaya Croc I|4326|900040|40|2026-09-29 02:50:00
9|2|Xochinahuac|4326|900041|41|2026-09-29 02:50:00
9|2|San Pablo Xalpa|4326|900042|42|2026-09-29 02:50:00
9|2|San Martin Xochinahuac|4326|900043|43|2026-09-29 02:50:00
9|2|Santa Barbara|4326|900044|44|2026-09-29 02:50:00
9|2|El Jaguey|4326|900045|45|2026-09-29 02:50:00
9|2|San Mateo|4326|900046|46|2026-09-29 02:50:00
9|2|San Francisco Tetecala|4326|900047|47|2026-09-29 02:50:00
9|5|Plaza Oriente|4326|900048|48|2026-09-29 02:50:00
9|5|Jose Maria Morelos Y Pavon I|4326|900049|49|2026-09-29 02:50:00
9|5|51 Legislatura|4326|900050|50|2026-09-29 02:50:00
9|5|Eduardo Molina Ii|4326|900051|51|2026-09-29 02:50:00
9|5|Eduardo Molina I|4326|900052|52|2026-09-29 02:50:00
9|5|Ampliacion Providencia|4326|900053|53|2026-09-29 02:50:00
9|5|San Juan De Aragon 7 Secc|4326|900054|54|2026-09-29 02:50:00
9|5|La Pradera I|4326|900055|55|2026-09-29 02:50:00
9|5|Villa De Aragon|4326|900056|56|2026-09-29 02:50:00
9|5|La Pradera Ii|4326|900057|57|2026-09-29 02:50:00
9|5|La Pradera|4326|900058|58|2026-09-29 02:50:00
9|5|Providencia|4326|900059|59|2026-09-29 02:50:00
9|5|Indeco|4326|900060|60|2026-09-29 02:50:00
9|5|La Esmeralda|4326|900061|61|2026-09-29 02:50:00
9|5|Villa Esmeralda|4326|900062|62|2026-09-29 02:50:00
9|5|Arcos La Esmeralda|4326|900063|63|2026-09-29 02:50:00
9|5|Campamento La Esmeralda|4326|900064|64|2026-09-29 02:50:00
9|5|Nueva Esmeralda|4326|900065|65|2026-09-29 02:50:00
9|5|La Huitznahua|4326|900066|66|2026-09-29 02:50:00
9|5|La Esmeralda Iii|4326|900067|67|2026-09-29 02:50:00
9|5|La Esmeralda|4326|900068|68|2026-09-29 02:50:00
9|5|El Milagro|4326|900069|69|2026-09-29 02:50:00
9|5|Campestre Aragon|4326|900070|70|2026-09-29 02:50:00
9|5|Ampliacion Casas Aleman|4326|900071|71|2026-09-29 02:50:00
9|5|Heroes De Chapultepec|4326|900072|72|2026-09-29 02:50:00
9|5|San Miguel 1 Seccion|4326|900073|73|2026-09-29 02:50:00
9|5|La Escalera|4326|900074|74|2026-09-29 02:50:00
9|5|San Miguel 2 Seccion|4326|900075|75|2026-09-29 02:50:00
9|5|Fovissste Rio De Guadalupe|4326|900076|76|2026-09-29 02:50:00
9|5|Fovissste Cuchilla|4326|900077|77|2026-09-29 02:50:00
9|5|El Olivo|4326|900078|78|2026-09-29 02:50:00
9|5|Infonavit Camino San Juan De Aragon|4326|900079|79|2026-09-29 02:50:00
9|5|Los Olivos|4326|900080|80|2026-09-29 02:50:00
9|5|Infonavit Loreto Fabela|4326|900081|81|2026-09-29 02:50:00
9|5|Hornos De Aragon|4326|900082|82|2026-09-29 02:50:00
9|2|Aguilera|4326|900083|83|2026-09-29 02:50:00
9|2|Aldana|4326|900084|84|2026-09-29 02:50:00
9|2|Cosmopolita|4326|900085|85|2026-09-29 02:50:00
9|2|Ampliacion Del Gas|4326|900086|86|2026-09-29 02:50:00
9|2|Arenal|4326|900087|87|2026-09-29 02:50:00
9|2|Coltongo|4326|900088|88|2026-09-29 02:50:00
9|2|Cosmopolita|4326|900089|89|2026-09-29 02:50:00
9|2|Euzkadi|4326|900090|90|2026-09-29 02:50:00
9|2|Ferreria|4326|900091|91|2026-09-29 02:50:00
9|2|Industrial Vallejo|4326|900092|92|2026-09-29 02:50:00
9|2|La Raza|4326|900093|93|2026-09-29 02:50:00
9|2|Las Salinas|4326|900094|94|2026-09-29 02:50:00
9|2|Liberacion|4326|900095|95|2026-09-29 02:50:00
9|2|Monte Alto|4326|900096|96|2026-09-29 02:50:00
9|2|Patrimonio Familiar|4326|900097|97|2026-09-29 02:50:00
9|2|Porvenir|4326|900098|98|2026-09-29 02:50:00
9|2|Potrero Del Llano|4326|900099|99|2026-09-29 02:50:00
9|2|Trabajadores Del Hierro|4326|900100|100|2026-09-29 02:50:00
9|2|Pro Hogar|4326|900101|101|2026-09-29 02:50:00
9|2|San Francisco Xocotitla|4326|900102|102|2026-09-29 02:50:00
9|2|Huautla De Las Salinas|4326|900103|103|2026-09-29 02:50:00
9|2|San Andres De Las Salinas|4326|900104|104|2026-09-29 02:50:00
9|2|Santa Cruz De Las Salinas|4326|900105|105|2026-09-29 02:50:00
9|5|Profesional Adolfo Lopez Mateos|4326|900106|106|2026-09-29 02:50:00
9|5|Panamericana|4326|900107|107|2026-09-29 02:50:00
9|5|Arroyo De Guadalupe|4326|900108|108|2026-09-29 02:50:00
9|5|Bosques La Salle|4326|900109|109|2026-09-29 02:50:00
9|5|Capultitlan|4326|900110|110|2026-09-29 02:50:00
9|5|Condomodulos|4326|900111|111|2026-09-29 02:50:00
9|5|Churubusco Tepeyac|4326|900112|112|2026-09-29 02:50:00
9|5|Costas Del Mediterraneo|4326|900113|113|2026-09-29 02:50:00
9|5|Defensores De La Republica|4326|900114|114|2026-09-29 02:50:00
9|5|Detrac Heberto Castillo|4326|900115|115|2026-09-29 02:50:00
9|5|Residencial Florencia|4326|900116|116|2026-09-29 02:50:00
9|5|Fovissste Arroyo De Zacatenco|4326|900117|117|2026-09-29 02:50:00
9|5|Fovissste Ticoman|4326|900118|118|2026-09-29 02:50:00
9|5|Futurama|4326|900119|119|2026-09-29 02:50:00
9|5|Futurama Oasis|4326|900120|120|2026-09-29 02:50:00
9|5|Guadalupe Victoria Ii|4326|900121|121|2026-09-29 02:50:00
9|5|Hectometro Vallejo|4326|900122|122|2026-09-29 02:50:00
9|5|Heroe De Nacozari|4326|900123|123|2026-09-29 02:50:00
9|5|Infonavit|4326|900124|124|2026-09-29 02:50:00
9|5|Jardines Del Mediterraneo|4326|900125|125|2026-09-29 02:50:00
9|5|Jardines Del Mediterraneo Ii|4326|900126|126|2026-09-29 02:50:00
9|5|Juan De Dios Batiz|4326|900127|127|2026-09-29 02:50:00
9|5|La Laguna Ticoman|4326|900128|128|2026-09-29 02:50:00
9|5|La Purisima Ticoman|4326|900129|129|2026-09-29 02:50:00
9|5|Tres Estrellas|4326|900130|130|2026-09-29 02:50:00
9|5|La Salle|4326|900131|131|2026-09-29 02:50:00
9|5|Bondojito|4326|900132|132|2026-09-29 02:50:00
9|5|La Joyita|4326|900133|133|2026-09-29 02:50:00
9|5|Tablas De San Agustin|4326|900134|134|2026-09-29 02:50:00
9|5|Lindavista|4326|900135|135|2026-09-29 02:50:00
9|5|Lindavista|4326|900136|136|2026-09-29 02:50:00
9|5|Lindavista Norte|4326|900137|137|2026-09-29 02:50:00
9|5|Belisario Dominguez|4326|900138|138|2026-09-29 02:50:00
9|5|Emiliano Zapata|4326|900139|139|2026-09-29 02:50:00
9|5|7 De Noviembre|4326|900140|140|2026-09-29 02:50:00
9|5|Magdalena De Las Salinas|4326|900141|141|2026-09-29 02:50:00
9|5|Revolucion Imss|4326|900142|142|2026-09-29 02:50:00
9|5|Martires De Rio Blanco|4326|900143|143|2026-09-29 02:50:00
9|5|Cuchilla La Joya|4326|900144|144|2026-09-29 02:50:00
9|5|Maximino Avila Camacho|4326|900145|145|2026-09-29 02:50:00
9|5|La Joya|4326|900146|146|2026-09-29 02:50:00
9|5|Mediterrane I|4326|900147|147|2026-09-29 02:50:00
9|5|Mediterrane Ii|4326|900148|148|2026-09-29 02:50:00
9|5|Nueva Vallejo|4326|900149|149|2026-09-29 02:50:00
9|5|Panamericana|4326|900150|150|2026-09-29 02:50:00
9|5|Ex-escuela De Tiro|4326|900151|151|2026-09-29 02:50:00
9|5|Cerro Prieto|4326|900152|152|2026-09-29 02:50:00
9|5|Vallejo Poniente|4326|900153|153|2026-09-29 02:50:00
9|5|Aragon Inguaran|4326|900154|154|2026-09-29 02:50:00
9|5|Tlacamaca|4326|900155|155|2026-09-29 02:50:00
9|5|Gertrudis Sanchez 1a Seccion|4326|900156|156|2026-09-29 02:50:00
9|5|Valle Del Tepeyac|4326|900157|157|2026-09-29 02:50:00
9|5|Gertrudis Sanchez 2a Seccion|4326|900158|158|2026-09-29 02:50:00
9|5|San Bartolo Atepehuacan|4326|900159|159|2026-09-29 02:50:00
9|5|Faja De Oro|4326|900160|160|2026-09-29 02:50:00
9|5|Lomas De San Juan Ixhuatepec (2a Seccion)|4326|900161|161|2026-09-29 02:50:00
9|5|Emiliano Zapata|4326|900162|162|2026-09-29 02:50:00
9|5|San Rafael Ticoman|4326|900163|163|2026-09-29 02:50:00
9|5|Martires De Rio Blanco|4326|900164|164|2026-09-29 02:50:00
9|5|San Pedro Zacatenco|4326|900165|165|2026-09-29 02:50:00
9|5|Gertrudis Sanchez 3a Seccion|4326|900166|166|2026-09-29 02:50:00
9|5|Fernando Casas Aleman|4326|900167|167|2026-09-29 02:50:00
9|5|Residencial Zacatenco|4326|900168|168|2026-09-29 02:50:00
9|5|San Juan De Aragon 1a Seccion|4326|900169|169|2026-09-29 02:50:00
9|5|Residencial La Escalera|4326|900170|170|2026-09-29 02:50:00
9|5|San Jose Ticoman|4326|900171|171|2026-09-29 02:50:00
9|5|San Juan De Aragon 2a Seccion|4326|900172|172|2026-09-29 02:50:00
9|5|Pemex Lindavista|4326|900173|173|2026-09-29 02:50:00
9|5|Pemex La Laguna|4326|900174|174|2026-09-29 02:50:00
9|5|Zacatenco Lindavista|4326|900175|175|2026-09-29 02:50:00
9|5|Siete Maravillas|4326|900176|176|2026-09-29 02:50:00
9|5|San Juan De Aragon 3a Seccion|4326|900177|177|2026-09-29 02:50:00
9|5|Siete Maravillas|4326|900178|178|2026-09-29 02:50:00
9|5|Residencial Elite|4326|900179|179|2026-09-29 02:50:00
9|5|San Jose De La Escalera|4326|900180|180|2026-09-29 02:50:00
9|5|Torres Lindavista|4326|900181|181|2026-09-29 02:50:00
9|5|Secretaria De Comunicaciones Y Transportes|4326|900182|182|2026-09-29 02:50:00
9|5|San Juan De Aragon 4a Seccion|4326|900183|183|2026-09-29 02:50:00
9|5|Margaritas 2000|4326|900184|184|2026-09-29 02:50:00
9|5|La Esperanza|4326|900185|185|2026-09-29 02:50:00
9|5|Patera Vallejo|4326|900186|186|2026-09-29 02:50:00
9|5|Ejidos San Juan De Aragon 1a Seccion|4326|900187|187|2026-09-29 02:50:00
9|5|Nueva Industrial Vallejo|4326|900188|188|2026-09-29 02:50:00
9|5|Ejidos San Juan De Aragon 2a Seccion|4326|900189|189|2026-09-29 02:50:00
9|5|San Juan De Aragon 6a Seccion|4326|900190|190|2026-09-29 02:50:00
9|5|Cuchilla Del Tesoro|4326|900191|191|2026-09-29 02:50:00
9|5|Cuchilla Del Tesoro|4326|900192|192|2026-09-29 02:50:00
9|5|San Juan De Aragon 5a Seccion|4326|900193|193|2026-09-29 02:50:00
9|5|C T M Aragon|4326|900194|194|2026-09-29 02:50:00
9|5|C T M Aragon Ampl|4326|900195|195|2026-09-29 02:50:00
9|5|Narciso Bassols|4326|900196|196|2026-09-29 02:50:00
9|5|Fovissste Aragon|4326|900197|197|2026-09-29 02:50:00
9|5|Lindavista Vallejo|4326|900198|198|2026-09-29 02:50:00
9|2|Ecologica Novedades Impacto|4326|900199|199|2026-09-29 02:50:00
9|2|Culturas Universales|4326|900200|200|2026-09-29 02:50:00
9|2|Tepantongo Cruz Roja|4326|900201|201|2026-09-29 02:50:00
9|2|El Rosario Croc Vi Olimpia|4326|900202|202|2026-09-29 02:50:00
9|2|El Rosario Croc Viii|4326|900203|203|2026-09-29 02:50:00
9|2|Los Oyameles (croc 6 A)|4326|900204|204|2026-09-29 02:50:00
9|2|Jardines De Ceylan|4326|900205|205|2026-09-29 02:50:00
9|5|San Bernardino Ticoman I|4326|900206|206|2026-09-29 02:50:00
9|5|Sutic Vallejo|4326|900207|207|2026-09-29 02:50:00
9|5|Ticoman|4326|900208|208|2026-09-29 02:50:00
9|5|Zacatenco|4326|900209|209|2026-09-29 02:50:00
9|5|Ticoman I|4326|900210|210|2026-09-29 02:50:00
9|5|Ticoman Ii|4326|900211|211|2026-09-29 02:50:00
9|5|Tlacamaca|4326|900212|212|2026-09-29 02:50:00
9|5|Sierravista|4326|900213|213|2026-09-29 02:50:00
9|5|Planetario Lindavista|4326|900214|214|2026-09-29 02:50:00
9|5|Ctm El Risco|4326|900215|215|2026-09-29 02:50:00
9|5|Gabriel Hernandez|4326|900216|216|2026-09-29 02:50:00
9|15|Atlampa|4326|900217|217|2026-09-29 02:50:00
9|5|Gabriel Hernandez|4326|900218|218|2026-09-29 02:50:00
9|15|Santa Maria Insurgentes|4326|900219|219|2026-09-29 02:50:00
9|15|San Simon Tolnahuac|4326|900220|220|2026-09-29 02:50:00
9|15|Peralvillo|4326|900221|221|2026-09-29 02:50:00
9|15|Ex Hipodromo De Peralvillo|4326|900222|222|2026-09-29 02:50:00
9|5|Santa Isabel Tola|4326|900223|223|2026-09-29 02:50:00
9|15|Morelos|4326|900224|224|2026-09-29 02:50:00
9|15|Tlatelolco|4326|900225|225|2026-09-29 02:50:00
9|5|Juan Gonzalez Romero|4326|900226|226|2026-09-29 02:50:00
9|15|Buenavista|4326|900227|227|2026-09-29 02:50:00
9|15|Guerrero|4326|900228|228|2026-09-29 02:50:00
9|5|Villa Hermosa|4326|900229|229|2026-09-29 02:50:00
9|5|Triunfo De La Republica|4326|900230|230|2026-09-29 02:50:00
9|5|Estanzuela|4326|900231|231|2026-09-29 02:50:00
9|5|La Cruz|4326|900232|232|2026-09-29 02:50:00
9|5|Rosas Del Tepeyac|4326|900233|233|2026-09-29 02:50:00
9|5|15 De Agosto|4326|900234|234|2026-09-29 02:50:00
9|5|Villa Gustavo A Madero|4326|900235|235|2026-09-29 02:50:00
9|5|Tepeyac Insurgentes|4326|900236|236|2026-09-29 02:50:00
9|5|Estrella|4326|900237|237|2026-09-29 02:50:00
9|5|Industrial|4326|900238|238|2026-09-29 02:50:00
9|5|Guadalupe Insurgentes|4326|900239|239|2026-09-29 02:50:00
9|5|Guadalupe Tepeyac|4326|900240|240|2026-09-29 02:50:00
9|2|Sector Naval|4326|900241|241|2026-09-29 02:50:00
9|5|Vallejo|4326|900242|242|2026-09-29 02:50:00
9|5|Santa Maria Ticoman|4326|900243|243|2026-09-29 02:50:00
9|2|Petrolera|4326|900244|244|2026-09-29 02:50:00
9|2|Las Trancas|4326|900245|245|2026-09-29 02:50:00
9|2|La Preciosa|4326|900246|246|2026-09-29 02:50:00
9|2|Miguel Hidalgo|4326|900247|247|2026-09-29 02:50:00
9|2|Presidente Madero|4326|900248|248|2026-09-29 02:50:00
9|2|Azcapotzalco 2000|4326|900249|249|2026-09-29 02:50:00
9|2|Francisco Villa|4326|900250|250|2026-09-29 02:50:00
9|2|Trabajadores De Pemex|4326|900251|251|2026-09-29 02:50:00
9|2|Prados Del Rosario|4326|900252|252|2026-09-29 02:50:00
9|2|Ex-hacienda El Rosario|4326|900253|253|2026-09-29 02:50:00
9|2|San Juan Tlihuaca|4326|900254|254|2026-09-29 02:50:00
9|2|Rosendo Salazar (conjunto Rosendo Salazar)|4326|900255|255|2026-09-29 02:50:00
9|2|Providencia|4326|900256|256|2026-09-29 02:50:00
9|2|Issfam Las Armas|4326|900257|257|2026-09-29 02:50:00
9|16|Marina Nacional|4326|900258|258|2026-09-29 02:50:00
9|2|San Pedro Xalpa|4326|900259|259|2026-09-29 02:50:00
9|2|Ampliacion San Pedro Xalpa|4326|900260|260|2026-09-29 02:50:00
9|2|Santiago Ahuizotla|4326|900261|261|2026-09-29 02:50:00
9|2|San Isidro|4326|900262|262|2026-09-29 02:50:00
9|2|San Bartolo Cahualtongo|4326|900263|263|2026-09-29 02:50:00
9|2|Ampliacion Petrolera|4326|900264|264|2026-09-29 02:50:00
9|2|Santa Lucia|4326|900265|265|2026-09-29 02:50:00
9|15|Valle Gomez|4326|900266|266|2026-09-29 02:50:00
9|15|Maza|4326|900267|267|2026-09-29 02:50:00
9|15|Felipe Pescador|4326|900268|268|2026-09-29 02:50:00
9|17|Simon Bolivar|4326|900269|269|2026-09-29 02:50:00
9|17|Aquiles Serdan|4326|900270|270|2026-09-29 02:50:00
9|17|Primero De Mayo|4326|900271|271|2026-09-29 02:50:00
9|17|Damian Carmona|4326|900272|272|2026-09-29 02:50:00
9|17|Romero Rubio|4326|900273|273|2026-09-29 02:50:00
9|17|Miguel Hidalgo|4326|900274|274|2026-09-29 02:50:00
9|17|7 De Julio|4326|900275|275|2026-09-29 02:50:00
9|17|Moctezuma 1a Seccion|4326|900276|276|2026-09-29 02:50:00
9|17|Moctezuma 2a Seccion|4326|900277|277|2026-09-29 02:50:00
9|17|Santa Cruz Aviacion|4326|900278|278|2026-09-29 02:50:00
9|2|San Miguel Amantla|4326|900279|279|2026-09-29 02:50:00
9|17|Pensador Mexicano|4326|900280|280|2026-09-29 02:50:00
9|17|Pe?on De Los Ba?os|4326|900281|281|2026-09-29 02:50:00
9|17|Aeropuerto Int De La Cd De Mexico|4326|900282|282|2026-09-29 02:50:00
9|17|Ignacio Zaragoza|4326|900283|283|2026-09-29 02:50:00
9|17|Valentin Gomez Farias|4326|900284|284|2026-09-29 02:50:00
9|2|Santa Cruz Acayucan|4326|900285|285|2026-09-29 02:50:00
9|2|Plenitud|4326|900286|286|2026-09-29 02:50:00
9|2|Santa Apolonia|4326|900287|287|2026-09-29 02:50:00
9|17|Puebla|4326|900288|288|2026-09-29 02:50:00
9|17|Federal|4326|900289|289|2026-09-29 02:50:00
9|17|Industrial Puerto Aereo|4326|900290|290|2026-09-29 02:50:00
9|17|Bahia|4326|900291|291|2026-09-29 02:50:00
9|17|Secretaria 211|4326|900292|292|2026-09-29 02:50:00
9|17|Cuatro Arboles|4326|900293|293|2026-09-29 02:50:00
9|17|Aviacion Civil|4326|900294|294|2026-09-29 02:50:00
9|17|Ampl Aviacion Civil|4326|900295|295|2026-09-29 02:50:00
9|17|Ampl Adolfo Lopez Mateos|4326|900296|296|2026-09-29 02:50:00
9|17|Adolfo Lopez Mateos|4326|900297|297|2026-09-29 02:50:00
9|17|Caracol|4326|900298|298|2026-09-29 02:50:00
9|17|Ampl Caracol|4326|900299|299|2026-09-29 02:50:00
9|17|Fiviport|4326|900300|300|2026-09-29 02:50:00
9|17|El Arenal Puerto Aereo|4326|900301|301|2026-09-29 02:50:00
9|17|El Arenal 1a Seccion|4326|900302|302|2026-09-29 02:50:00
9|17|El Arenal 4a Seccion|4326|900303|303|2026-09-29 02:50:00
9|17|El Arenal 3a Seccion|4326|900304|304|2026-09-29 02:50:00
9|17|El Arenal 2a Seccion|4326|900305|305|2026-09-29 02:50:00
9|17|Calle 6 471|4326|900306|306|2026-09-29 02:50:00
9|17|Calle 5 472|4326|900307|307|2026-09-29 02:50:00
9|17|Cuchilla Pantitlan|4326|900308|308|2026-09-29 02:50:00
9|17|Calle 2 398|4326|900309|309|2026-09-29 02:50:00
9|16|Agricultura|4326|900310|310|2026-09-29 02:50:00
9|16|Plutarco Elias Calles|4326|900311|311|2026-09-29 02:50:00
9|16|Santo Tomas|4326|900312|312|2026-09-29 02:50:00
9|16|Un Hogar Para Nosotros|4326|900313|313|2026-09-29 02:50:00
9|16|Nextitla|4326|900314|314|2026-09-29 02:50:00
9|16|Huichapan|4326|900315|315|2026-09-29 02:50:00
9|17|Ficapro C Uno 670|4326|900316|316|2026-09-29 02:50:00
9|16|Ignacio Manuel Altamirano|4326|900317|317|2026-09-29 02:50:00
9|16|San Diego Ocoyoacac|4326|900318|318|2026-09-29 02:50:00
9|16|Angel Zimbron|4326|900319|319|2026-09-29 02:50:00
9|16|San Lorenzo Tlaltenango|4326|900320|320|2026-09-29 02:50:00
9|16|San Joaquin|4326|900321|321|2026-09-29 02:50:00
9|16|Mexico Nuevo|4326|900322|322|2026-09-29 02:50:00
9|16|Argentina Antigua|4326|900323|323|2026-09-29 02:50:00
9|16|Ampliacion Torre Blanca|4326|900324|324|2026-09-29 02:50:00
9|16|Torre Blanca|4326|900325|325|2026-09-29 02:50:00
9|16|Legaria|4326|900326|326|2026-09-29 02:50:00
9|16|Tlaxpana|4326|900327|327|2026-09-29 02:50:00
9|16|Tacuba|4326|900328|328|2026-09-29 02:50:00
9|16|Popotla|4326|900329|329|2026-09-29 02:50:00
9|5|Tepetates|4326|900330|330|2026-09-29 02:50:00
9|5|San Jose De La Pradera|4326|900331|331|2026-09-29 02:50:00
9|17|Valle Gomez|4326|900332|332|2026-09-29 02:50:00
9|17|Nicolas Bravo|4326|900333|333|2026-09-29 02:50:00
9|17|Popular Rastro|4326|900334|334|2026-09-29 02:50:00
9|5|La Dinamita|4326|900335|335|2026-09-29 02:50:00
9|17|Emilio Carranza|4326|900336|336|2026-09-29 02:50:00
9|17|Janitzio|4326|900337|337|2026-09-29 02:50:00
9|17|Morelos|4326|900338|338|2026-09-29 02:50:00
9|17|Zona Centro (centro)|4326|900339|339|2026-09-29 02:50:00
9|17|10 De Mayo|4326|900340|340|2026-09-29 02:50:00
9|5|Martin Carrera|4326|900341|341|2026-09-29 02:50:00
9|17|Merced Balbuena|4326|900342|342|2026-09-29 02:50:00
9|17|Lorenzo Boturini|4326|900343|343|2026-09-29 02:50:00
9|17|Escuela De Tiro|4326|900344|344|2026-09-29 02:50:00
9|17|7 De Julio|4326|900345|345|2026-09-29 02:50:00
9|17|El Parque|4326|900346|346|2026-09-29 02:50:00
9|17|Aeronautica Militar|4326|900347|347|2026-09-29 02:50:00
9|17|24 De Abril|4326|900348|348|2026-09-29 02:50:00
9|17|Alvaro Obregon|4326|900349|349|2026-09-29 02:50:00
9|17|Magdalena Mixhuca|4326|900350|350|2026-09-29 02:50:00
9|17|Magdalena Mixiuhca|4326|900351|351|2026-09-29 02:50:00
9|17|Artes Graficas|4326|900352|352|2026-09-29 02:50:00
9|17|Aaron Saenz|4326|900353|353|2026-09-29 02:50:00
9|17|Sevilla|4326|900354|354|2026-09-29 02:50:00
9|17|Jamaica|4326|900355|355|2026-09-29 02:50:00
9|17|Felipe Angeles|4326|900356|356|2026-09-29 02:50:00
9|17|Tres Mosqueteros|4326|900357|357|2026-09-29 02:50:00
9|17|Venustiano Carranza|4326|900358|358|2026-09-29 02:50:00
9|17|Progresista|4326|900359|359|2026-09-29 02:50:00
9|17|Madero|4326|900360|360|2026-09-29 02:50:00
9|17|Penitenciaria|4326|900361|361|2026-09-29 02:50:00
9|17|Morelos Iii|4326|900362|362|2026-09-29 02:50:00
9|17|Morelos I|4326|900363|363|2026-09-29 02:50:00
9|17|Morelos I|4326|900364|364|2026-09-29 02:50:00
9|17|Emiliano Zapata|4326|900365|365|2026-09-29 02:50:00
9|17|Candelaria De Los Patos|4326|900366|366|2026-09-29 02:50:00
9|17|Del Parque|4326|900367|367|2026-09-29 02:50:00
9|17|Los Pinos|4326|900368|368|2026-09-29 02:50:00
9|17|Magdalena Mixiuhca|4326|900369|369|2026-09-29 02:50:00
9|17|Morelos|4326|900370|370|2026-09-29 02:50:00
9|17|Morelos|4326|900371|371|2026-09-29 02:50:00
9|17|Troncoso|4326|900372|372|2026-09-29 02:50:00
9|17|Viaducto Troncoso|4326|900373|373|2026-09-29 02:50:00
9|5|Malvinas Mexicanas|4326|900374|374|2026-09-29 02:50:00
9|2|Estacion Pantaco|4326|900375|375|2026-09-29 02:50:00
9|5|Blanca Avila|4326|900376|376|2026-09-29 02:50:00
9|5|Loreto Fabela|4326|900377|377|2026-09-29 02:50:00
9|5|Torres De San Juan|4326|900378|378|2026-09-29 02:50:00
9|10|Santa Fe Imss|4326|900379|379|2026-09-29 02:50:00
9|10|Liberales De 1857|4326|900380|380|2026-09-29 02:50:00
9|10|Las Palmas|4326|900381|381|2026-09-29 02:50:00
9|10|Estado De Hidalgo|4326|900382|382|2026-09-29 02:50:00
9|10|Estado De Hidalgo|4326|900383|383|2026-09-29 02:50:00
9|10|Las Americas|4326|900384|384|2026-09-29 02:50:00
9|10|Cove|4326|900385|385|2026-09-29 02:50:00
9|10|Sears Roebuck|4326|900386|386|2026-09-29 02:50:00
9|10|El Capulin|4326|900387|387|2026-09-29 02:50:00
9|10|El Capulin|4326|900388|388|2026-09-29 02:50:00
9|10|Acueducto|4326|900389|389|2026-09-29 02:50:00
9|10|Acueducto|4326|900390|390|2026-09-29 02:50:00
9|10|Campo Deportivo Revolucion|4326|900391|391|2026-09-29 02:50:00
9|10|Molino De Santo Domingo|4326|900392|392|2026-09-29 02:50:00
9|10|El Paraiso|4326|900393|393|2026-09-29 02:50:00
9|10|La Conchita|4326|900394|394|2026-09-29 02:50:00
9|10|Polvora|4326|900395|395|2026-09-29 02:50:00
9|10|El Bosque 1ra Seccion|4326|900396|396|2026-09-29 02:50:00
9|10|Tolteca|4326|900397|397|2026-09-29 02:50:00
9|10|El Bosque 1a Seccion|4326|900398|398|2026-09-29 02:50:00
9|10|El Bosque 2a Seccion|4326|900399|399|2026-09-29 02:50:00
9|10|Cristo Rey|4326|900400|400|2026-09-29 02:50:00
9|10|1ra Victoria Seccion Bosques|4326|900401|401|2026-09-29 02:50:00
9|10|1ra Victoria|4326|900402|402|2026-09-29 02:50:00
9|10|Ocho De Agosto|4326|900403|403|2026-09-29 02:50:00
9|10|La Central|4326|900404|404|2026-09-29 02:50:00
9|10|San Pedro De Los Pinos|4326|900405|405|2026-09-29 02:50:00
9|10|Carola|4326|900406|406|2026-09-29 02:50:00
9|10|Lomas De Becerra|4326|900407|407|2026-09-29 02:50:00
9|10|Francisco Villa (las Butacas)|4326|900408|408|2026-09-29 02:50:00
9|10|Real Del Monte|4326|900409|409|2026-09-29 02:50:00
9|7|Morelos I|4326|900410|410|2026-09-29 02:50:00
9|7|Degollado|4326|900411|411|2026-09-29 02:50:00
9|7|Predio Degollado|4326|900412|412|2026-09-29 02:50:00
9|7|Degollado Chico|4326|900413|413|2026-09-29 02:50:00
9|11|Santa Martha|4326|900414|414|2026-09-29 02:50:00
9|11|Diaz Miron 108|4326|900415|415|2026-09-29 02:50:00
9|11|Amado Nervo No63|4326|900416|416|2026-09-29 02:50:00
9|11|Amado Nervo I|4326|900417|417|2026-09-29 02:50:00
9|7|San Jose Buenavista|4326|900418|418|2026-09-29 02:50:00
9|7|Parajes Buenavista (tetecon)|4326|900419|419|2026-09-29 02:50:00
9|11|Zapotitla Tlahuac Ll|4326|900420|420|2026-09-29 02:50:00
9|11|San Rafael Atlixco 3338|4326|900421|421|2026-09-29 02:50:00
9|7|Lomas De Santa Cruz Meyehualco|4326|900422|422|2026-09-29 02:50:00
9|11|Zapotitla|4326|900423|423|2026-09-29 02:50:00
9|11|Colonos Providencia|4326|900424|424|2026-09-29 02:50:00
9|11|Manuel M Lopez Iii|4326|900425|425|2026-09-29 02:50:00
9|11|Manuel Gutierrez Najera|4326|900426|426|2026-09-29 02:50:00
9|11|Los Volcanes|4326|900427|427|2026-09-29 02:50:00
9|11|Manuel M Lopez Ii|4326|900428|428|2026-09-29 02:50:00
9|7|Buenavista|4326|900429|429|2026-09-29 02:50:00
9|11|Gutierrez Najera 99|4326|900430|430|2026-09-29 02:50:00
9|11|Juan De Dios Peza 98|4326|900431|431|2026-09-29 02:50:00
9|7|Palmitas|4326|900432|432|2026-09-29 02:50:00
9|7|Tenorios|4326|900433|433|2026-09-29 02:50:00
9|7|Lomas De La Estancia|4326|900434|434|2026-09-29 02:50:00
9|7|Lomas Del Paraiso|4326|900435|435|2026-09-29 02:50:00
9|7|El Rodadero|4326|900436|436|2026-09-29 02:50:00
9|7|Potrero De La Luna|4326|900437|437|2026-09-29 02:50:00
9|7|Miguel De La Madrid Hurtado|4326|900438|438|2026-09-29 02:50:00
9|7|Ixtlahuacan|4326|900439|439|2026-09-29 02:50:00
9|7|Miravalle|4326|900440|440|2026-09-29 02:50:00
9|7|San Pablo I Y Ii|4326|900441|441|2026-09-29 02:50:00
9|7|Lucio Blanco|4326|900442|442|2026-09-29 02:50:00
9|7|Las Pe?as Ii|4326|900443|443|2026-09-29 02:50:00
9|7|Morelos I|4326|900444|444|2026-09-29 02:50:00
9|7|Morelos Ii|4326|900445|445|2026-09-29 02:50:00
9|7|Vergel Sta Cruz|4326|900446|446|2026-09-29 02:50:00
9|7|Violeta Arboledas|4326|900447|447|2026-09-29 02:50:00
9|7|Arboledas Zafiro|4326|900448|448|2026-09-29 02:50:00
9|7|La Magueyera|4326|900449|449|2026-09-29 02:50:00
9|7|La Magueyera I|4326|900450|450|2026-09-29 02:50:00
9|7|La Magueyera Ii|4326|900451|451|2026-09-29 02:50:00
9|7|Predio San Rafael|4326|900452|452|2026-09-29 02:50:00
9|7|Predio Bonampak|4326|900453|453|2026-09-29 02:50:00
9|7|Predio Xaltepec|4326|900454|454|2026-09-29 02:50:00
9|8|Pueblo Nuevo Bajo|4326|900455|455|2026-09-29 02:50:00
9|8|El Toro|4326|900456|456|2026-09-29 02:50:00
9|8|El Rosal|4326|900457|457|2026-09-29 02:50:00
9|8|Potrerillo|4326|900458|458|2026-09-29 02:50:00
9|8|Potrerillo|4326|900459|459|2026-09-29 02:50:00
9|8|Pueblo Nuevo Alto|4326|900460|460|2026-09-29 02:50:00
9|8|La Carbonera|4326|900461|461|2026-09-29 02:50:00
9|8|El Ocotal|4326|900462|462|2026-09-29 02:50:00
9|8|Cazulco|4326|900463|463|2026-09-29 02:50:00
9|8|Tierra Unida|4326|900464|464|2026-09-29 02:50:00
9|8|El Ermita?o|4326|900465|465|2026-09-29 02:50:00
9|10|Jalalpa El Grande|4326|900466|466|2026-09-29 02:50:00
9|8|Las Palmas|4326|900467|467|2026-09-29 02:50:00
9|12|Heroes De 1910|4326|900468|468|2026-09-29 02:50:00
9|12|Lomas De Tepemecatl|4326|900469|469|2026-09-29 02:50:00
9|8|Vista Hermosa|4326|900470|470|2026-09-29 02:50:00
9|8|Huayatla|4326|900471|471|2026-09-29 02:50:00
9|8|Lomas De San Bernabe|4326|900472|472|2026-09-29 02:50:00
9|10|Lomas De Chamontoya|4326|900473|473|2026-09-29 02:50:00
9|10|Los Cedros|4326|900474|474|2026-09-29 02:50:00
9|10|Tlacoyaque|4326|900475|475|2026-09-29 02:50:00
9|10|Lomas De La Era|4326|900476|476|2026-09-29 02:50:00
9|12|Santo Tomas Ajusco|4326|900477|477|2026-09-29 02:50:00
9|8|San Bernabe Ocotepec|4326|900478|478|2026-09-29 02:50:00
9|12|Tequimila|4326|900479|479|2026-09-29 02:50:00
9|12|Prados Ajusco|4326|900480|480|2026-09-29 02:50:00
9|10|Residencial Del Sur|4326|900481|481|2026-09-29 02:50:00
9|10|Rincon De La Bolsa|4326|900482|482|2026-09-29 02:50:00
9|10|Torres De Potrero|4326|900483|483|2026-09-29 02:50:00
9|13|Xicalhuacan|4326|900484|484|2026-09-29 02:50:00
9|10|Lomas De Los Cedros|4326|900485|485|2026-09-29 02:50:00
9|10|San Bartolo Ameyalco|4326|900486|486|2026-09-29 02:50:00
9|10|Jalalpa El Grande|4326|900487|487|2026-09-29 02:50:00
9|10|Reacomodo Pino Suarez|4326|900488|488|2026-09-29 02:50:00
9|10|Lomas De Santo Domingo|4326|900489|489|2026-09-29 02:50:00
9|10|Lomas De Santo Domingo|4326|900490|490|2026-09-29 02:50:00
9|10|Molino De Santo Domingo|4326|900491|491|2026-09-29 02:50:00
9|10|Maria G De Garcia Ruiz|4326|900492|492|2026-09-29 02:50:00
9|10|Martires De Tacubaya|4326|900493|493|2026-09-29 02:50:00
9|10|Bonanza|4326|900494|494|2026-09-29 02:50:00
9|10|Arturo Martinez|4326|900495|495|2026-09-29 02:50:00
9|10|Abraham M Gonzalez|4326|900496|496|2026-09-29 02:50:00
9|10|Isidro Fabela|4326|900497|497|2026-09-29 02:50:00
9|10|La Joya|4326|900498|498|2026-09-29 02:50:00
9|10|El Pocito|4326|900499|499|2026-09-29 02:50:00
9|10|Lomas De Becerra|4326|900500|500|2026-09-29 02:50:00
9|10|Lomas De Becerra Arvide|4326|900501|501|2026-09-29 02:50:00
9|10|Reacomodo El Cuernito|4326|900502|502|2026-09-29 02:50:00
9|10|Arvide|4326|900503|503|2026-09-29 02:50:00
9|10|El Rodeo|4326|900504|504|2026-09-29 02:50:00
9|10|Las Golondrinas 1ra Seccion|4326|900505|505|2026-09-29 02:50:00
9|10|La Presa|4326|900506|506|2026-09-29 02:50:00
9|10|Lomas De Capula|4326|900507|507|2026-09-29 02:50:00
9|10|La Presa Seccion Hornos|4326|900508|508|2026-09-29 02:50:00
9|10|Villa Solidaridad|4326|900509|509|2026-09-29 02:50:00
9|10|Tejocote|4326|900510|510|2026-09-29 02:50:00
9|10|El Piru|4326|900511|511|2026-09-29 02:50:00
9|10|Desarrollo Urbano|4326|900512|512|2026-09-29 02:50:00
9|10|Presidentes|4326|900513|513|2026-09-29 02:50:00
9|10|Santa Maria Nonoalco|4326|900514|514|2026-09-29 02:50:00
9|10|Sacramento|4326|900515|515|2026-09-29 02:50:00
9|10|Minas De Cristo|4326|900516|516|2026-09-29 02:50:00
9|10|Barrio Norte|4326|900517|517|2026-09-29 02:50:00
9|10|Las Golondrinas|4326|900518|518|2026-09-29 02:50:00
9|10|Las Golondrinas 2da Seccion|4326|900519|519|2026-09-29 02:50:00
9|10|Piloto (adolfo Lopez Mateos)|4326|900520|520|2026-09-29 02:50:00
9|10|Presidentes 2da Ampl|4326|900521|521|2026-09-29 02:50:00
9|10|Galeana|4326|900522|522|2026-09-29 02:50:00
9|10|Vergel Del Sur|4326|900523|523|2026-09-29 02:50:00
9|10|Lomas De Tarango|4326|900524|524|2026-09-29 02:50:00
9|10|Hueytlale|4326|900525|525|2026-09-29 02:50:00
9|10|Canutillo 3ra Seccion|4326|900526|526|2026-09-29 02:50:00
9|10|Olivar Del Conde 2da Seccion|4326|900527|527|2026-09-29 02:50:00
9|10|Las Palmas|4326|900528|528|2026-09-29 02:50:00
9|10|Preconcreto|4326|900529|529|2026-09-29 02:50:00
9|10|Olivar Del Conde 1ra Seccion|4326|900530|530|2026-09-29 02:50:00
9|10|Alfonso Xiii|4326|900531|531|2026-09-29 02:50:00
9|10|Molino De Rosas|4326|900532|532|2026-09-29 02:50:00
9|10|Alfalfar|4326|900533|533|2026-09-29 02:50:00
9|14|Atenor Salas|4326|900534|534|2026-09-29 02:50:00
9|14|Piedad Narvarte|4326|900535|535|2026-09-29 02:50:00
9|14|Insurgentes San Borja|4326|900536|536|2026-09-29 02:50:00
9|14|Tlacoquemecatl (tlacoquemecatl Del Valle)|4326|900537|537|2026-09-29 02:50:00
9|14|Actipan|4326|900538|538|2026-09-29 02:50:00
9|14|Acacias|4326|900539|539|2026-09-29 02:50:00
9|14|Xoco|4326|900540|540|2026-09-29 02:50:00
9|14|General Pedro Maria Anaya (general Anaya)|4326|900541|541|2026-09-29 02:50:00
9|14|Residencial Emperadores|4326|900542|542|2026-09-29 02:50:00
9|14|Letran Valle|4326|900543|543|2026-09-29 02:50:00
9|14|Portales Sur|4326|900544|544|2026-09-29 02:50:00
9|14|Centro Urbano Presidente Aleman|4326|900545|545|2026-09-29 02:50:00
9|14|Credito Constructor|4326|900546|546|2026-09-29 02:50:00
9|14|Merced Gomez|4326|900547|547|2026-09-29 02:50:00
9|14|Insurgentes Mixcoac|4326|900548|548|2026-09-29 02:50:00
9|14|Extremadura Insurgentes|4326|900549|549|2026-09-29 02:50:00
9|14|San Juan|4326|900550|550|2026-09-29 02:50:00
9|14|Santa Maria Nonoalco (nonoalco)|4326|900551|551|2026-09-29 02:50:00
9|14|Noche Buena|4326|900552|552|2026-09-29 02:50:00
9|14|Ciudad De Los Deportes|4326|900553|553|2026-09-29 02:50:00
9|14|San Pedro De Los Pinos|4326|900554|554|2026-09-29 02:50:00
9|14|Napoles|4326|900555|555|2026-09-29 02:50:00
9|14|Ampliacion Napoles|4326|900556|556|2026-09-29 02:50:00
9|14|Vertiz Narvarte|4326|900557|557|2026-09-29 02:50:00
9|14|Independencia|4326|900558|558|2026-09-29 02:50:00
9|14|La Esperanza|4326|900559|559|2026-09-29 02:50:00
9|14|Imss Narvarte|4326|900560|560|2026-09-29 02:50:00
9|14|Unidad Habitacional 8 De Agosto|4326|900561|561|2026-09-29 02:50:00
9|16|Campo Militar 1a|4326|900562|562|2026-09-29 02:50:00
9|16|Periodista|4326|900563|563|2026-09-29 02:50:00
9|16|Lomas De Sotelo|4326|900564|564|2026-09-29 02:50:00
9|16|Loma Hermosa|4326|900565|565|2026-09-29 02:50:00
9|16|Tata Lazaro|4326|900566|566|2026-09-29 02:50:00
9|16|Lomas De Sotelo|4326|900567|567|2026-09-29 02:50:00
9|16|Panteon Frances|4326|900568|568|2026-09-29 02:50:00
9|16|10 De Abril|4326|900569|569|2026-09-29 02:50:00
9|16|Irrigacion|4326|900570|570|2026-09-29 02:50:00
9|16|Ventura Perez De Alba|4326|900571|571|2026-09-29 02:50:00
9|16|Pensil San Juanico|4326|900572|572|2026-09-29 02:50:00
9|16|Legaria|4326|900573|573|2026-09-29 02:50:00
9|16|Deportiva Pensil|4326|900574|574|2026-09-29 02:50:00
9|16|5 De Mayo|4326|900575|575|2026-09-29 02:50:00
9|16|Francisco I Madero|4326|900576|576|2026-09-29 02:50:00
9|16|Popo|4326|900577|577|2026-09-29 02:50:00
9|16|Popo|4326|900578|578|2026-09-29 02:50:00
9|16|Pensil Norte|4326|900579|579|2026-09-29 02:50:00
9|16|Pensil Sur|4326|900580|580|2026-09-29 02:50:00
9|16|Reforma Pensil|4326|900581|581|2026-09-29 02:50:00
9|16|Cuauhtemoc Pensil|4326|900582|582|2026-09-29 02:50:00
9|16|Ahuehuetes Anahuac|4326|900583|583|2026-09-29 02:50:00
9|16|Anahuac Peralitos|4326|900584|584|2026-09-29 02:50:00
9|16|Anahuac Los Manzanos|4326|900585|585|2026-09-29 02:50:00
9|16|Anahuac Mariano Escobedo|4326|900586|586|2026-09-29 02:50:00
9|16|Modelo Pensil|4326|900587|587|2026-09-29 02:50:00
9|16|Anahuac Lago Norte|4326|900588|588|2026-09-29 02:50:00
9|16|Anahuac Lago Sur|4326|900589|589|2026-09-29 02:50:00
9|16|Anahuac Dos Lagos|4326|900590|590|2026-09-29 02:50:00
9|16|Granada|4326|900591|591|2026-09-29 02:50:00
9|16|Granada|4326|900592|592|2026-09-29 02:50:00
9|16|Veronica Anzures|4326|900593|593|2026-09-29 02:50:00
9|16|Anzures|4326|900594|594|2026-09-29 02:50:00
9|16|Rincon Del Bosque|4326|900595|595|2026-09-29 02:50:00
9|16|Polanco|4326|900596|596|2026-09-29 02:50:00
9|16|Militar 1 K Lomas De Sotelo|4326|900597|597|2026-09-29 02:50:00
9|16|Reforma Social|4326|900598|598|2026-09-29 02:50:00
9|16|Molino Del Rey|4326|900599|599|2026-09-29 02:50:00
9|16|Lomas De Chapultepec|4326|900600|600|2026-09-29 02:50:00
9|16|Bosques De Las Lomas|4326|900601|601|2026-09-29 02:50:00
9|16|Lomas Altas|4326|900602|602|2026-09-29 02:50:00
9|16|Plan De Barrancas|4326|900603|603|2026-09-29 02:50:00
9|16|Lomas De Reforma|4326|900604|604|2026-09-29 02:50:00
9|16|Real De Lomas|4326|900605|605|2026-09-29 02:50:00
9|16|Lomas De Bezares|4326|900606|606|2026-09-29 02:50:00
9|16|16 De Septiembre|4326|900607|607|2026-09-29 02:50:00
9|16|America|4326|900608|608|2026-09-29 02:50:00
9|16|Daniel Garza|4326|900609|609|2026-09-29 02:50:00
9|16|Observatorio|4326|900610|610|2026-09-29 02:50:00
9|16|Daniel Garza|4326|900611|611|2026-09-29 02:50:00
9|16|Bosque De Chapultepec Ii|4326|900612|612|2026-09-29 02:50:00
9|16|Bosque De Chapultepec I|4326|900613|613|2026-09-29 02:50:00
9|16|San Miguel Chapultepec|4326|900614|614|2026-09-29 02:50:00
9|16|Tacubaya|4326|900615|615|2026-09-29 02:50:00
9|16|Escandon|4326|900616|616|2026-09-29 02:50:00
9|14|Ermita|4326|900617|617|2026-09-29 02:50:00
9|14|Miravalle|4326|900618|618|2026-09-29 02:50:00
9|14|Portales Oriente|4326|900619|619|2026-09-29 02:50:00
9|14|Albert|4326|900620|620|2026-09-29 02:50:00
9|14|Zacahuitzco|4326|900621|621|2026-09-29 02:50:00
9|14|Del Carmen (ma Del Carmen)|4326|900622|622|2026-09-29 02:50:00
9|14|Nativitas|4326|900623|623|2026-09-29 02:50:00
9|14|Villa De Cortes|4326|900624|624|2026-09-29 02:50:00
9|14|Iztaccihuatl|4326|900625|625|2026-09-29 02:50:00
9|14|Moderna|4326|900626|626|2026-09-29 02:50:00
9|14|Alamos|4326|900627|627|2026-09-29 02:50:00
9|14|Postal|4326|900628|628|2026-09-29 02:50:00
9|14|Miguel Aleman|4326|900629|629|2026-09-29 02:50:00
9|14|Josefa Ortiz De Dominguez|4326|900630|630|2026-09-29 02:50:00
9|14|Ni?os Heroes De Chapultepec|4326|900631|631|2026-09-29 02:50:00
9|6|Viaducto Piedad|4326|900632|632|2026-09-29 02:50:00
9|6|Nueva Sta Anita|4326|900633|633|2026-09-29 02:50:00
9|6|La Cruz|4326|900634|634|2026-09-29 02:50:00
9|6|Coyuya|4326|900635|635|2026-09-29 02:50:00
9|6|Barrio San Pedro Iztacalco|4326|900636|636|2026-09-29 02:50:00
9|6|San Fco Xicaltongo|4326|900637|637|2026-09-29 02:50:00
9|6|Santiago Norte|4326|900638|638|2026-09-29 02:50:00
9|6|Reforma Iztaccihuatl Norte|4326|900639|639|2026-09-29 02:50:00
9|6|Reforma Iztaccihuatl Sur|4326|900640|640|2026-09-29 02:50:00
9|6|Militar Marte|4326|900641|641|2026-09-29 02:50:00
9|6|La Asuncion|4326|900642|642|2026-09-29 02:50:00
9|6|Picos Iztacalco 1a|4326|900643|643|2026-09-29 02:50:00
9|6|Santa Cruz|4326|900644|644|2026-09-29 02:50:00
9|6|Jardines Tecma|4326|900645|645|2026-09-29 02:50:00
9|6|Infonavit Iztacalco|4326|900646|646|2026-09-29 02:50:00
9|14|Periodista (periodista Francisco Zarco)|4326|900647|647|2026-09-29 02:50:00
9|14|Americas Unidas|4326|900648|648|2026-09-29 02:50:00
9|14|Del Lago|4326|900649|649|2026-09-29 02:50:00
9|14|San Simon Ticumac|4326|900650|650|2026-09-29 02:50:00
9|6|Fuentes Sta Anita|4326|900651|651|2026-09-29 02:50:00
9|6|El Ranchito|4326|900652|652|2026-09-29 02:50:00
9|6|Santa Anita|4326|900653|653|2026-09-29 02:50:00
9|6|Mercados 2|4326|900654|654|2026-09-29 02:50:00
9|6|Mercados 1|4326|900655|655|2026-09-29 02:50:00
9|6|Los Reyes|4326|900656|656|2026-09-29 02:50:00
9|8|Independencia Batan Sur|4326|900657|657|2026-09-29 02:50:00
9|10|La Mexicana|4326|900658|658|2026-09-29 02:50:00
9|8|Independencia Batan Norte|4326|900659|659|2026-09-29 02:50:00
9|12|San Bartolo El Chico|4326|900660|660|2026-09-29 02:50:00
9|12|Tlalpan Huapango|4326|900661|661|2026-09-29 02:50:00
9|12|Club De Golf|4326|900662|662|2026-09-29 02:50:00
9|8|Independencia San Ramon|4326|900663|663|2026-09-29 02:50:00
9|12|Puerta Tepepan|4326|900664|664|2026-09-29 02:50:00
9|12|Bugambilias|4326|900665|665|2026-09-29 02:50:00
9|10|Calzada Jalalpa|4326|900666|666|2026-09-29 02:50:00
9|8|San Jeronimo Lidice|4326|900667|667|2026-09-29 02:50:00
9|12|Valle Escondido|4326|900668|668|2026-09-29 02:50:00
9|12|Las Tortolas|4326|900669|669|2026-09-29 02:50:00
9|10|Jalalpa|4326|900670|670|2026-09-29 02:50:00
9|8|San Jeronimo Aculco|4326|900671|671|2026-09-29 02:50:00
9|12|Colinas Del Bosque|4326|900672|672|2026-09-29 02:50:00
9|10|La Ca?ada 1ra Seccion|4326|900673|673|2026-09-29 02:50:00
9|12|Chimalcoyotl|4326|900674|674|2026-09-29 02:50:00
9|8|Heroes De Padierna|4326|900675|675|2026-09-29 02:50:00
9|12|La Joya|4326|900676|676|2026-09-29 02:50:00
9|8|Santa Teresa|4326|900677|677|2026-09-29 02:50:00
9|12|Tlalpan Centro|4326|900678|678|2026-09-29 02:50:00
9|8|Santa Teresa|4326|900679|679|2026-09-29 02:50:00
9|8|Pedregal 2|4326|900680|680|2026-09-29 02:50:00
9|8|Santa Teresa|4326|900681|681|2026-09-29 02:50:00
9|8|La Guadalupe|4326|900682|682|2026-09-29 02:50:00
9|8|Plazuela Del Pedregal|4326|900683|683|2026-09-29 02:50:00
9|8|La Concepcion|4326|900684|684|2026-09-29 02:50:00
9|12|Villa Tlalpan|4326|900685|685|2026-09-29 02:50:00
9|10|Bejero Del Pueblo Santa Fe|4326|900686|686|2026-09-29 02:50:00
9|12|Margaritas|4326|900687|687|2026-09-29 02:50:00
9|12|Azaleas|4326|900688|688|2026-09-29 02:50:00
9|10|Gral Antonio Rosales|4326|900689|689|2026-09-29 02:50:00
9|8|San Nicolas Totolapan|4326|900690|690|2026-09-29 02:50:00
9|12|Bugambilias|4326|900691|691|2026-09-29 02:50:00
9|10|Tlapechico|4326|900692|692|2026-09-29 02:50:00
9|12|Valle De Tepepan|4326|900693|693|2026-09-29 02:50:00
9|8|Subestacion|4326|900694|694|2026-09-29 02:50:00
9|10|El Pirul|4326|900695|695|2026-09-29 02:50:00
9|10|Margarita M De Juarez|4326|900696|696|2026-09-29 02:50:00
9|10|Lomas De Nuevo Mexico|4326|900697|697|2026-09-29 02:50:00
9|8|Ixtlahualtongo|4326|900698|698|2026-09-29 02:50:00
9|10|Pueblo Nuevo|4326|900699|699|2026-09-29 02:50:00
9|12|Fuentes De Tepepan|4326|900700|700|2026-09-29 02:50:00
9|4|Abdias Garcia Soto|4326|900701|701|2026-09-29 02:50:00
9|4|Locaxco|4326|900702|702|2026-09-29 02:50:00
9|4|Lomas De San Pedro|4326|900703|703|2026-09-29 02:50:00
9|4|Ampliacin Memetla|4326|900704|704|2026-09-29 02:50:00
9|4|La Rosita|4326|900705|705|2026-09-29 02:50:00
9|16|Manuel Avila Camacho|4326|900706|706|2026-09-29 02:50:00
9|4|Agua Bendita|4326|900707|707|2026-09-29 02:50:00
9|7|Area Natural Protegida 3 Nov 1994  Cerro De La Estrella|4326|900708|708|2026-09-29 02:50:00
9|12|Residencial Acoxpa|4326|900709|709|2026-09-29 02:50:00
9|7|Campestre Potrero|4326|900710|710|2026-09-29 02:50:00
9|15|Santa Maria La Ribera|4326|900711|711|2026-09-29 02:50:00
9|10|Puertas Del Pedregal|4326|900712|712|2026-09-29 02:50:00
9|3|Infonavit Culhuacan Zona 1(ctm I Culhuacan)|4326|900713|713|2026-09-29 02:50:00
9|3|Infonavit Culhuacan Zona 2(ctm Ii Culhuacan)|4326|900714|714|2026-09-29 02:50:00
9|3|Infonavit Culhuacan Zona 3(ctm Iii Culhuacan Seccion Vi)|4326|900715|715|2026-09-29 02:50:00
9|16|Anahuac|4326|900716|716|2026-09-29 02:50:00
9|5|Camino San Juan De Aragon|4326|900717|717|2026-09-29 02:50:00
9|7|Los Cipreses|4326|900718|718|2026-09-29 02:50:00
9|12|Mirador Del Colibri|4326|900719|719|2026-09-29 02:50:00
9|5|Villa De Aragon (fracc Villa De Aragon)|4326|900720|720|2026-09-29 02:50:00
9|7|Cuchilla La Magueyera|4326|900721|721|2026-09-29 02:50:00
9|12|Acazacatongo|4326|900722|722|2026-09-29 02:50:00
9|11|Santa Cruz 127|4326|900723|723|2026-09-29 02:50:00
9|3|San Francisco Culhuacan|4326|900724|724|2026-09-29 02:50:00
9|3|Ctm Vii Culhuacan|4326|900725|725|2026-09-29 02:50:00
9|10|Abc|4326|900726|726|2026-09-29 02:50:00
9|10|Rancho Casa Blanca|4326|900727|727|2026-09-29 02:50:00
9|3|Las Caba?as|4326|900728|728|2026-09-29 02:50:00
9|10|Miguel Gaona Armenta|4326|900729|729|2026-09-29 02:50:00
9|12|La Guadalupana|4326|900730|730|2026-09-29 02:50:00
9|4|El Molino|4326|900731|731|2026-09-29 02:50:00
9|7|Rio Blanco|4326|900732|732|2026-09-29 02:50:00
9|10|Torres San Pedro|4326|900733|733|2026-09-29 02:50:00
9|10|Torres San Antonio|4326|900734|734|2026-09-29 02:50:00
9|10|Benvenuto Cellini|4326|900735|735|2026-09-29 02:50:00
9|9|San Lorenzo Tlacoyucan|4326|900736|736|2026-09-29 02:50:00
9|10|Las Haciendas|4326|900737|737|2026-09-29 02:50:00
9|10|Mayorazgo De Las Haciendas|4326|900738|738|2026-09-29 02:50:00
9|10|Canutillo (aguascalientes)|4326|900739|739|2026-09-29 02:50:00
9|5|La Malinche|4326|900740|740|2026-09-29 02:50:00
9|5|Nueva Tenochtitlan|4326|900741|741|2026-09-29 02:50:00
9|6|Barrio De Santiago|4326|900742|742|2026-09-29 02:50:00
9|6|Santiago Sur|4326|900743|743|2026-09-29 02:50:00
9|6|5 De Diciembre|4326|900744|744|2026-09-29 02:50:00
9|6|Zapotla|4326|900745|745|2026-09-29 02:50:00
9|6|Campamento 2 De Octubre-(fraccionamiento Benito Juarez)|4326|900746|746|2026-09-29 02:50:00
9|15|San Rafael|4326|900747|747|2026-09-29 02:50:00
9|15|Tabacalera|4326|900748|748|2026-09-29 02:50:00
9|15|Cuauhtemoc|4326|900749|749|2026-09-29 02:50:00
9|15|Juarez|4326|900750|750|2026-09-29 02:50:00
9|15|Condesa|4326|900751|751|2026-09-29 02:50:00
9|15|Hipodromo|4326|900752|752|2026-09-29 02:50:00
9|15|Hipodromo Condesa|4326|900753|753|2026-09-29 02:50:00
9|14|8 De Agosto|4326|900754|754|2026-09-29 02:50:00
9|14|Sta Cruz Atoyac|4326|900755|755|2026-09-29 02:50:00
9|14|Del Valle Norte|4326|900756|756|2026-09-29 02:50:00
9|15|Doctores|4326|900757|757|2026-09-29 02:50:00
9|15|Buenos Aires|4326|900758|758|2026-09-29 02:50:00
9|15|Obrera|4326|900759|759|2026-09-29 02:50:00
9|15|Transito|4326|900760|760|2026-09-29 02:50:00
9|15|Esperanza|4326|900761|761|2026-09-29 02:50:00
9|15|Paulino Navarro|4326|900762|762|2026-09-29 02:50:00
9|15|Vista Alegre|4326|900763|763|2026-09-29 02:50:00
9|15|Asturias Ampliacion|4326|900764|764|2026-09-29 02:50:00
9|15|Asturias|4326|900765|765|2026-09-29 02:50:00
9|15|Algarin|4326|900766|766|2026-09-29 02:50:00
9|6|Agricola Oriental|4326|900767|767|2026-09-29 02:50:00
9|6|Cuchilla Agricola Oriental|4326|900768|768|2026-09-29 02:50:00
9|6|El Rodeo|4326|900769|769|2026-09-29 02:50:00
9|6|Granjas Mexico|4326|900770|770|2026-09-29 02:50:00
9|6|Tlazintla|4326|900771|771|2026-09-29 02:50:00
9|6|Ex Ejidos De La Magdalena Mixihuca|4326|900772|772|2026-09-29 02:50:00
9|6|Cuchilla Ramos Millan|4326|900773|773|2026-09-29 02:50:00
9|6|Impi Iztacalco|4326|900774|774|2026-09-29 02:50:00
9|6|Tlacotal Ramos Millan|4326|900775|775|2026-09-29 02:50:00
9|6|Juventino Rosas|4326|900776|776|2026-09-29 02:50:00
9|6|Picos Iztacalco 1b Y 2a|4326|900777|777|2026-09-29 02:50:00
9|6|Mosco Chinampa,gabriel Ramos Millan|4326|900778|778|2026-09-29 02:50:00
9|6|Gabriel Ramos Millan|4326|900779|779|2026-09-29 02:50:00
9|6|Ramos Millan Bramadero|4326|900780|780|2026-09-29 02:50:00
9|6|Ampliacion Ramos Millan|4326|900781|781|2026-09-29 02:50:00
9|10|San Bartolo Ameyalco|4326|900782|782|2026-09-29 02:50:00
9|10|Rancho San Francisco (san Bartolo Ameyalco)|4326|900783|783|2026-09-29 02:50:00
9|10|El Ruedo|4326|900784|784|2026-09-29 02:50:00
9|10|La Milagrosa|4326|900785|785|2026-09-29 02:50:00
9|10|Palmas Axotitla|4326|900786|786|2026-09-29 02:50:00
9|10|Zotoltitla|4326|900787|787|2026-09-29 02:50:00
9|7|Juan Escutia|4326|900788|788|2026-09-29 02:50:00
9|7|Sideral|4326|900789|789|2026-09-29 02:50:00
9|3|Del Carmen|4326|900790|790|2026-09-29 02:50:00
9|10|Ponciano Arriaga|4326|900791|791|2026-09-29 02:50:00
9|10|La Martinica|4326|900792|792|2026-09-29 02:50:00
9|10|La Pera Xochinahuac|4326|900793|793|2026-09-29 02:50:00
9|10|De Tarango|4326|900794|794|2026-09-29 02:50:00
9|10|Colinas De Tarango|4326|900795|795|2026-09-29 02:50:00
9|3|Santa Catarina|4326|900796|796|2026-09-29 02:50:00
9|3|San Diego Churubusco|4326|900797|797|2026-09-29 02:50:00
9|10|Arcos De Centenario|4326|900798|798|2026-09-29 02:50:00
9|3|San Lucas|4326|900799|799|2026-09-29 02:50:00
9|10|Prof Jose Arturo Lopez|4326|900800|800|2026-09-29 02:50:00
9|3|La Concepcion|4326|900801|801|2026-09-29 02:50:00
9|7|Ejercito Constitucionalista|4326|900802|802|2026-09-29 02:50:00
9|3|Villa Coyoacan|4326|900803|803|2026-09-29 02:50:00
9|7|Leyes De Reforma 3a Seccion|4326|900804|804|2026-09-29 02:50:00
9|7|U H Ejto De Ote Ii|4326|900805|805|2026-09-29 02:50:00
9|7|Tepalcates|4326|900806|806|2026-09-29 02:50:00
9|3|Monte De Piedad|4326|900807|807|2026-09-29 02:50:00
9|3|Romero De Terreros|4326|900808|808|2026-09-29 02:50:00
9|10|Jardin|4326|900809|809|2026-09-29 02:50:00
9|7|Reforma Educativa|4326|900810|810|2026-09-29 02:50:00
9|3|Copilco Universidad|4326|900811|811|2026-09-29 02:50:00
9|3|Copilco El Alto|4326|900812|812|2026-09-29 02:50:00
9|10|La Joya|4326|900813|813|2026-09-29 02:50:00
9|10|Vista Lomas De Mixcoac|4326|900814|814|2026-09-29 02:50:00
9|10|Belen De Las Flores|4326|900815|815|2026-09-29 02:50:00
9|10|Tarango Zona Norte|4326|900816|816|2026-09-29 02:50:00
9|10|Tarango 4 Sur|4326|900817|817|2026-09-29 02:50:00
9|3|Santo Domingo (pgal De Sto Domingo)|4326|900818|818|2026-09-29 02:50:00
9|10|Metropolitano|4326|900819|819|2026-09-29 02:50:00
9|10|Colinas De Tarango (conciencia Proletaria)|4326|900820|820|2026-09-29 02:50:00
9|10|Loma Nueva|4326|900821|821|2026-09-29 02:50:00
9|7|U H Ejto Constitucionalista|4326|900822|822|2026-09-29 02:50:00
9|7|Renovacion|4326|900823|823|2026-09-29 02:50:00
9|3|Ajusco|4326|900824|824|2026-09-29 02:50:00
9|10|Union Popular Emiliano Zapata|4326|900825|825|2026-09-29 02:50:00
9|10|Ca?ada Del Olivar|4326|900826|826|2026-09-29 02:50:00
9|7|Chinampac De Juarez|4326|900827|827|2026-09-29 02:50:00
9|3|Adolfo Ruiz Cortines|4326|900828|828|2026-09-29 02:50:00
9|10|Batallon De San Patricio|4326|900829|829|2026-09-29 02:50:00
9|10|Molino De Rosas|4326|900830|830|2026-09-29 02:50:00
9|10|La Cascada|4326|900831|831|2026-09-29 02:50:00
9|10|La Cascada|4326|900832|832|2026-09-29 02:50:00
9|3|Santa Ursula Coapa Pgal De Santa Ursula Coapa|4326|900833|833|2026-09-29 02:50:00
9|10|Lomas De Plateros|4326|900834|834|2026-09-29 02:50:00
9|10|Torres De Mixcoac|4326|900835|835|2026-09-29 02:50:00
9|10|Merced Gomez|4326|900836|836|2026-09-29 02:50:00
9|10|Centenario 300|4326|900837|837|2026-09-29 02:50:00
9|7|Guadalupe Del Moral|4326|900838|838|2026-09-29 02:50:00
9|3|Joyas Del Pedregal|4326|900839|839|2026-09-29 02:50:00
9|3|La Zorra Ejido De Santa Ursula|4326|900840|840|2026-09-29 02:50:00
9|3|El Caracol|4326|900841|841|2026-09-29 02:50:00
9|7|Purisima I|4326|900842|842|2026-09-29 02:50:00
9|3|Bosques De Tetlameya|4326|900843|843|2026-09-29 02:50:00
9|7|Leyes De Reforma 2a Seccion|4326|900844|844|2026-09-29 02:50:00
9|3|Cantil Del Pedregal|4326|900845|845|2026-09-29 02:50:00
9|3|Santa Ursula Coapa|4326|900846|846|2026-09-29 02:50:00
9|3|El Reloj|4326|900847|847|2026-09-29 02:50:00
9|3|Romero De Terreros|4326|900848|848|2026-09-29 02:50:00
9|3|Parque San Andres|4326|900849|849|2026-09-29 02:50:00
9|3|Atlantida|4326|900850|850|2026-09-29 02:50:00
9|3|El Rosedal|4326|900851|851|2026-09-29 02:50:00
9|10|Las Aguilas Secc Hornos|4326|900852|852|2026-09-29 02:50:00
9|10|Aguilas Pilares|4326|900853|853|2026-09-29 02:50:00
9|10|Alpes|4326|900854|854|2026-09-29 02:50:00
9|10|Lomas De Guadalupe|4326|900855|855|2026-09-29 02:50:00
9|10|Lomas De Las Aguilas|4326|900856|856|2026-09-29 02:50:00
9|10|Puente Colorado|4326|900857|857|2026-09-29 02:50:00
9|10|Puente Colorado|4326|900858|858|2026-09-29 02:50:00
9|10|San Clemente|4326|900859|859|2026-09-29 02:50:00
9|7|Margarita Maza De Juarez|4326|900860|860|2026-09-29 02:50:00
9|10|Aguilas 3er Parque|4326|900861|861|2026-09-29 02:50:00
9|10|Aguilas 1er Y 2do Parque|4326|900862|862|2026-09-29 02:50:00
9|7|Real Del Moral|4326|900863|863|2026-09-29 02:50:00
9|10|Ampliacin Alpes|4326|900864|864|2026-09-29 02:50:00
9|7|Dr Alfonso Ortiz Tirado|4326|900865|865|2026-09-29 02:50:00
9|3|San Pablo Tepetlapa|4326|900866|866|2026-09-29 02:50:00
9|10|Ampliacion Las Aguilas|4326|900867|867|2026-09-29 02:50:00
9|10|Aguila Real|4326|900868|868|2026-09-29 02:50:00
9|7|Paseos De Churubusco|4326|900869|869|2026-09-29 02:50:00
9|10|Flor De Maria|4326|900870|870|2026-09-29 02:50:00
9|3|Xotepingo|4326|900871|871|2026-09-29 02:50:00
9|10|Atlamaya|4326|900872|872|2026-09-29 02:50:00
9|3|Rancho El Rosario|4326|900873|873|2026-09-29 02:50:00
9|10|Alcantarilla|4326|900874|874|2026-09-29 02:50:00
9|3|Ciudad Jardin|4326|900875|875|2026-09-29 02:50:00
9|10|Ocotillos|4326|900876|876|2026-09-29 02:50:00
9|10|La Joyita|4326|900877|877|2026-09-29 02:50:00
9|10|La Pe?ita|4326|900878|878|2026-09-29 02:50:00
9|3|Los Reyes|4326|900879|879|2026-09-29 02:50:00
9|10|Encino|4326|900880|880|2026-09-29 02:50:00
9|10|Tecalcapa|4326|900881|881|2026-09-29 02:50:00
9|10|El Mirador|4326|900882|882|2026-09-29 02:50:00
9|3|Nueva Diaz Ordaz|4326|900883|883|2026-09-29 02:50:00
9|10|San Agustin|4326|900884|884|2026-09-29 02:50:00
9|10|Lomas De Tetelpan|4326|900885|885|2026-09-29 02:50:00
9|3|Ajusco Huayamilpas|4326|900886|886|2026-09-29 02:50:00
9|10|Lomas De Los Angeles Tetelpan|4326|900887|887|2026-09-29 02:50:00
9|3|De La Candelaria|4326|900888|888|2026-09-29 02:50:00
9|10|La Herradura|4326|900889|889|2026-09-29 02:50:00
9|10|Lomas De San Angel Inn|4326|900890|890|2026-09-29 02:50:00
9|3|Ampliacion Candelaria|4326|900891|891|2026-09-29 02:50:00
9|3|Del Ni?o Jesus|4326|900892|892|2026-09-29 02:50:00
9|3|Pedregal De San Francisco|4326|900893|893|2026-09-29 02:50:00
9|3|Cuadrante De San Francisco|4326|900894|894|2026-09-29 02:50:00
9|10|Olivar De Los Padres|4326|900895|895|2026-09-29 02:50:00
9|7|San Felipe Terremotes|4326|900896|896|2026-09-29 02:50:00
9|10|Real De Leones|4326|900897|897|2026-09-29 02:50:00
9|3|Oxtopulco Universidad|4326|900898|898|2026-09-29 02:50:00
9|7|La Regadera|4326|900899|899|2026-09-29 02:50:00
9|10|Montse Pinos|4326|900900|900|2026-09-29 02:50:00
9|10|La Angostura|4326|900901|901|2026-09-29 02:50:00
9|10|Tetelpan|4326|900902|902|2026-09-29 02:50:00
9|10|Tetelpan|4326|900903|903|2026-09-29 02:50:00
9|10|San Jose Del Olivar|4326|900904|904|2026-09-29 02:50:00
9|7|San Miguel|4326|900905|905|2026-09-29 02:50:00
9|10|Segunda Del Moral|4326|900906|906|2026-09-29 02:50:00
9|3|La Cantera|4326|900907|907|2026-09-29 02:50:00
9|10|Tizampampano|4326|900908|908|2026-09-29 02:50:00
9|10|Casa De Campo|4326|900909|909|2026-09-29 02:50:00
9|10|Maria Isabel|4326|900910|910|2026-09-29 02:50:00
9|10|Omega|4326|900911|911|2026-09-29 02:50:00
9|10|Miguel Hidalgo|4326|900912|912|2026-09-29 02:50:00
9|7|Central De Abasto|4326|900913|913|2026-09-29 02:50:00
9|7|La Asuncion|4326|900914|914|2026-09-29 02:50:00
9|10|Progreso Tizapan|4326|900915|915|2026-09-29 02:50:00
9|7|San Pedro|4326|900916|916|2026-09-29 02:50:00
9|10|Campestre|4326|900917|917|2026-09-29 02:50:00
9|7|San Pablo|4326|900918|918|2026-09-29 02:50:00
9|7|San Lucas|4326|900919|919|2026-09-29 02:50:00
9|10|Tlacopac|4326|900920|920|2026-09-29 02:50:00
9|7|El Rodeo|4326|900921|921|2026-09-29 02:50:00
9|7|Casa Blanca|4326|900922|922|2026-09-29 02:50:00
9|7|Bellavista|4326|900923|923|2026-09-29 02:50:00
9|7|San Nicolas Tolentino|4326|900924|924|2026-09-29 02:50:00
9|7|Los Angeles Apanoaya|4326|900925|925|2026-09-29 02:50:00
9|7|Santa Martha Acatitla Sur|4326|900926|926|2026-09-29 02:50:00
9|7|Francisco Villa|4326|900927|927|2026-09-29 02:50:00
9|7|Santa Martha Acatitla|4326|900928|928|2026-09-29 02:50:00
9|7|Presidentes De Mexico|4326|900929|929|2026-09-29 02:50:00
9|7|Monte Alban|4326|900930|930|2026-09-29 02:50:00
9|7|Insurgentes|4326|900931|931|2026-09-29 02:50:00
9|7|Ojito De Agua|4326|900932|932|2026-09-29 02:50:00
9|7|La Estacion|4326|900933|933|2026-09-29 02:50:00
9|7|La Polvorilla|4326|900934|934|2026-09-29 02:50:00
9|7|Santa Maria Aztahuacan|4326|900935|935|2026-09-29 02:50:00
9|7|Pe?on Viejo|4326|900936|936|2026-09-29 02:50:00
9|7|Acapatzingo|4326|900937|937|2026-09-29 02:50:00
9|7|Paraiso|4326|900938|938|2026-09-29 02:50:00
9|7|Arboledas|4326|900939|939|2026-09-29 02:50:00
9|7|Paraiso|4326|900940|940|2026-09-29 02:50:00
9|7|El Triangulo|4326|900941|941|2026-09-29 02:50:00
9|7|Consejo Agrarista Mexicano|4326|900942|942|2026-09-29 02:50:00
9|7|La Antena (jose Revueltas)|4326|900943|943|2026-09-29 02:50:00
9|7|Fuerte De Loreto|4326|900944|944|2026-09-29 02:50:00
9|7|Art 4to Constitucional|4326|900945|945|2026-09-29 02:50:00
9|7|Cabeza De Juarez V|4326|900946|946|2026-09-29 02:50:00
9|7|Las Rosas|4326|900947|947|2026-09-29 02:50:00
9|7|Lomas De San Lorenzo|4326|900948|948|2026-09-29 02:50:00
9|7|Puente Blanco|4326|900949|949|2026-09-29 02:50:00
9|7|Mariel Huerta Zamacona|4326|900950|950|2026-09-29 02:50:00
9|7|A?o De Juarez|4326|900951|951|2026-09-29 02:50:00
9|7|Ignacio Zaragoza (helechos)|4326|900952|952|2026-09-29 02:50:00
9|7|Cabeza De Juarez Iv|4326|900953|953|2026-09-29 02:50:00
9|7|Carlos Pacheco|4326|900954|954|2026-09-29 02:50:00
9|7|5 De Mayo|4326|900955|955|2026-09-29 02:50:00
9|7|U Dos Ejercito De Agua Prieta|4326|900956|956|2026-09-29 02:50:00
9|7|Panteon De San Lorenzo|4326|900957|957|2026-09-29 02:50:00
9|5|Castillo Chico|4326|900958|958|2026-09-29 02:50:00
9|5|Palmatitla|4326|900959|959|2026-09-29 02:50:00
9|5|Cocoyotes|4326|900960|960|2026-09-29 02:50:00
9|5|6 De Junio|4326|900961|961|2026-09-29 02:50:00
9|5|Guadalupe Victoria|4326|900962|962|2026-09-29 02:50:00
9|5|El Carmen|4326|900963|963|2026-09-29 02:50:00
9|5|Castillo Grande|4326|900964|964|2026-09-29 02:50:00
9|5|Castillo Grande|4326|900965|965|2026-09-29 02:50:00
9|5|Vista Hermosa|4326|900966|966|2026-09-29 02:50:00
9|5|Tlalpexco|4326|900967|967|2026-09-29 02:50:00
9|7|Alvaro Obregon|4326|900968|968|2026-09-29 02:50:00
9|12|Loreto Y Pe?a Pobre|4326|900969|969|2026-09-29 02:50:00
9|12|Luis Donaldo Colosio Murrieta|4326|900970|970|2026-09-29 02:50:00
9|12|Isidro Fabela|4326|900971|971|2026-09-29 02:50:00
9|12|Zapote Iii|4326|900972|972|2026-09-29 02:50:00
9|12|Zapote I|4326|900973|973|2026-09-29 02:50:00
9|12|Zapote Ii|4326|900974|974|2026-09-29 02:50:00
9|12|Romulo Sanchez Mireles|4326|900975|975|2026-09-29 02:50:00
9|12|San Fernando|4326|900976|976|2026-09-29 02:50:00
9|12|Cantera Puente De Piedra|4326|900977|977|2026-09-29 02:50:00
9|12|Atocpa Sur|4326|900978|978|2026-09-29 02:50:00
9|12|Pueblo Quieto|4326|900979|979|2026-09-29 02:50:00
9|12|Ma Esther Zuno De Echeverria (mirador Del Valle)|4326|900980|980|2026-09-29 02:50:00
9|12|San Pedro Apostol|4326|900981|981|2026-09-29 02:50:00
9|12|Isidro Fabela|4326|900982|982|2026-09-29 02:50:00
9|12|Xitle|4326|900983|983|2026-09-29 02:50:00
9|12|Toriello Guerra|4326|900984|984|2026-09-29 02:50:00
9|12|Seccion Xvi|4326|900985|985|2026-09-29 02:50:00
9|12|Ni?o Jesus|4326|900986|986|2026-09-29 02:50:00
9|12|San Lorenzo Huipulco|4326|900987|987|2026-09-29 02:50:00
9|12|Villa Lazaro Cardenas|4326|900988|988|2026-09-29 02:50:00
9|12|Vergel Del Sur|4326|900989|989|2026-09-29 02:50:00
9|12|Vergel De Coyoacan|4326|900990|990|2026-09-29 02:50:00
9|12|Belisario Dominguez|4326|900991|991|2026-09-29 02:50:00
9|12|Arboledas Del Sur|4326|900992|992|2026-09-29 02:50:00
9|12|Chimali|4326|900993|993|2026-09-29 02:50:00
9|12|San Buenaventura|4326|900994|994|2026-09-29 02:50:00
9|12|Misiones Tlalpan|4326|900995|995|2026-09-29 02:50:00
9|12|Rancho Los Colorines|4326|900996|996|2026-09-29 02:50:00
9|12|La Magdalena Petlacalco|4326|900997|997|2026-09-29 02:50:00
9|12|Arenal De Guadalupe|4326|900998|998|2026-09-29 02:50:00
9|12|Guadalupe Tlalpan|4326|900999|999|2026-09-29 02:50:00
9|12|Escala Residencial|4326|901000|1000|2026-09-29 02:50:00
9|10|Guadalupe Inn|4326|901001|1001|2026-09-29 02:50:00
9|7|Santa Barbara|4326|901002|1002|2026-09-29 02:50:00
9|3|Viveros De Coyoacan|4326|901003|1003|2026-09-29 02:50:00
9|7|San Ignacio|4326|901004|1004|2026-09-29 02:50:00
9|10|Florida|4326|901005|1005|2026-09-29 02:50:00
9|10|Axotla|4326|901006|1006|2026-09-29 02:50:00
9|10|Axotla|4326|901007|1007|2026-09-29 02:50:00
9|10|San Angel Inn|4326|901008|1008|2026-09-29 02:50:00
9|10|Altavista|4326|901009|1009|2026-09-29 02:50:00
9|3|Buenavista|4326|901010|1010|2026-09-29 02:50:00
9|10|San Angel|4326|901011|1011|2026-09-29 02:50:00
9|10|De Guadalupe|4326|901012|1012|2026-09-29 02:50:00
9|10|Ermita Tizapan|4326|901013|1013|2026-09-29 02:50:00
9|10|Tizapan San Angel|4326|901014|1014|2026-09-29 02:50:00
9|3|Mariana|4326|901015|1015|2026-09-29 02:50:00
9|10|Tizapan|4326|901016|1016|2026-09-29 02:50:00
9|10|Loreto|4326|901017|1017|2026-09-29 02:50:00
9|10|Chimalistac|4326|901018|1018|2026-09-29 02:50:00
9|3|Altillo Universidad|4326|901019|1019|2026-09-29 02:50:00
9|3|Fortin Chimalistac|4326|901020|1020|2026-09-29 02:50:00
9|3|Torres De Chimalistac|4326|901021|1021|2026-09-29 02:50:00
9|3|Copilco El Bajo|4326|901022|1022|2026-09-29 02:50:00
9|3|Insurgentes San Angel|4326|901023|1023|2026-09-29 02:50:00
9|3|Integracion Latinoamericana|4326|901024|1024|2026-09-29 02:50:00
9|10|La Otra Banda|4326|901025|1025|2026-09-29 02:50:00
9|10|Jardines Del Pedregal|4326|901026|1026|2026-09-29 02:50:00
9|3|Ote Jardines Del Pedregal|4326|901027|1027|2026-09-29 02:50:00
9|3|Insurgentes Cuicuilco|4326|901028|1028|2026-09-29 02:50:00
9|3|Torres Del Maurel|4326|901029|1029|2026-09-29 02:50:00
9|3|Pedregal De Carrasco|4326|901030|1030|2026-09-29 02:50:00
9|3|Pedregal Del Maurel|4326|901031|1031|2026-09-29 02:50:00
9|3|Villa Panamericana|4326|901032|1032|2026-09-29 02:50:00
9|3|Centro Urbano|4326|901033|1033|2026-09-29 02:50:00
9|3|Villas Del Pedregal|4326|901034|1034|2026-09-29 02:50:00
9|3|Vistas Del Maurel|4326|901035|1035|2026-09-29 02:50:00
9|3|Pedregal Del Sur|4326|901036|1036|2026-09-29 02:50:00
9|3|Santa Ursula|4326|901037|1037|2026-09-29 02:50:00
9|3|Pedregal De Coyoacan|4326|901038|1038|2026-09-29 02:50:00
9|3|Olimpica|4326|901039|1039|2026-09-29 02:50:00
9|3|Copilco Universidad Issste|4326|901040|1040|2026-09-29 02:50:00
9|3|Para Empleados Federales|4326|901041|1041|2026-09-29 02:50:00
9|3|Ciudad Universitaria|4326|901042|1042|2026-09-29 02:50:00
9|3|Rinconada Coyoacan|4326|901043|1043|2026-09-29 02:50:00
9|3|Fovissste Oxtopulco (condominio Universiad)|4326|901044|1044|2026-09-29 02:50:00
9|3|Puerto Rico 20|4326|901045|1045|2026-09-29 02:50:00
9|3|America 141|4326|901046|1046|2026-09-29 02:50:00
9|3|Tecualiapan|4326|901047|1047|2026-09-29 02:50:00
9|7|Adame Macias|4326|901048|1048|2026-09-29 02:50:00
9|7|Texcoco El Salado|4326|901049|1049|2026-09-29 02:50:00
9|7|Sn Lorenzo Xicotencatl|4326|901050|1050|2026-09-29 02:50:00
9|7|La Colmena|4326|901051|1051|2026-09-29 02:50:00
9|7|Vicente Guerrero|4326|901052|1052|2026-09-29 02:50:00
9|7|Colonial Iztapalapa|4326|901053|1053|2026-09-29 02:50:00
9|7|Zacahuitzco|4326|901054|1054|2026-09-29 02:50:00
9|7|Constitucion De 1917|4326|901055|1055|2026-09-29 02:50:00
9|7|Luis Donaldo Colosio|4326|901056|1056|2026-09-29 02:50:00
9|7|San Andres Tetepilco|4326|901057|1057|2026-09-29 02:50:00
9|7|Santa Cruz Meyehualco|4326|901058|1058|2026-09-29 02:50:00
9|7|Predio Luis Donaldo Colosio|4326|901059|1059|2026-09-29 02:50:00
9|7|Banjidal|4326|901060|1060|2026-09-29 02:50:00
9|7|Justo Sierra|4326|901061|1061|2026-09-29 02:50:00
9|7|El Prado|4326|901062|1062|2026-09-29 02:50:00
9|7|El Reto?o|4326|901063|1063|2026-09-29 02:50:00
9|7|Sector Popular|4326|901064|1064|2026-09-29 02:50:00
9|7|Heroes De Churubusco|4326|901065|1065|2026-09-29 02:50:00
9|7|Escuadron 201|4326|901066|1066|2026-09-29 02:50:00
9|7|Ermita Zaragoza|4326|901067|1067|2026-09-29 02:50:00
9|7|Sinatel|4326|901068|1068|2026-09-29 02:50:00
9|7|Sinatel|4326|901069|1069|2026-09-29 02:50:00
9|7|Solidaridad El Salado|4326|901070|1070|2026-09-29 02:50:00
9|7|Fuentes De Zaragoza|4326|901071|1071|2026-09-29 02:50:00
9|7|Concordia Zaragoza|4326|901072|1072|2026-09-29 02:50:00
9|7|Zu Sta Martha Acatitla Nte|4326|901073|1073|2026-09-29 02:50:00
9|7|Alvaro Obregon|4326|901074|1074|2026-09-29 02:50:00
9|7|Carlos Pacheco|4326|901075|1075|2026-09-29 02:50:00
9|7|Apatlaco|4326|901076|1076|2026-09-29 02:50:00
9|7|El Triunfo|4326|901077|1077|2026-09-29 02:50:00
9|7|Ejercito De Oriente|4326|901078|1078|2026-09-29 02:50:00
9|7|El Triunfo|4326|901079|1079|2026-09-29 02:50:00
9|7|Magdalena Atlazolpa|4326|901080|1080|2026-09-29 02:50:00
9|7|San Juanico Nextipac|4326|901081|1081|2026-09-29 02:50:00
9|7|Genaro Estrada|4326|901082|1082|2026-09-29 02:50:00
9|7|El Sifon|4326|901083|1083|2026-09-29 02:50:00
9|7|El Sifon|4326|901084|1084|2026-09-29 02:50:00
9|7|Jacarandas|4326|901085|1085|2026-09-29 02:50:00
9|7|Ni?os Heroes|4326|901086|1086|2026-09-29 02:50:00
9|7|El Roble|4326|901087|1087|2026-09-29 02:50:00
9|7|Cacama|4326|901088|1088|2026-09-29 02:50:00
9|7|Santa Martha|4326|901089|1089|2026-09-29 02:50:00
9|7|Unidad Modelo|4326|901090|1090|2026-09-29 02:50:00
9|7|El Eden|4326|901091|1091|2026-09-29 02:50:00
9|7|Los Angeles|4326|901092|1092|2026-09-29 02:50:00
9|7|Paraje San Juan|4326|901093|1093|2026-09-29 02:50:00
9|7|Santa Martha Acatitla|4326|901094|1094|2026-09-29 02:50:00
9|7|Paraje San Juan 2a Amp|4326|901095|1095|2026-09-29 02:50:00
9|7|Paraje San Juan Joya|4326|901096|1096|2026-09-29 02:50:00
9|7|San Sebastian Tecoloxtitlan|4326|901097|1097|2026-09-29 02:50:00
9|7|San Lorenzo Tezonco I|4326|901098|1098|2026-09-29 02:50:00
9|7|San Lorenzo Tezonco Ii|4326|901099|1099|2026-09-29 02:50:00
9|7|Alcanfores|4326|901100|1100|2026-09-29 02:50:00
9|7|Union Civica Iztapalapa (uci)|4326|901101|1101|2026-09-29 02:50:00
9|7|San Lorenzo Tezonco|4326|901102|1102|2026-09-29 02:50:00
9|7|Ejercito De Agua Prieta|4326|901103|1103|2026-09-29 02:50:00
9|7|Guadalupe|4326|901104|1104|2026-09-29 02:50:00
9|7|San Antonio|4326|901105|1105|2026-09-29 02:50:00
9|7|San Lorenzo Tezonco|4326|901106|1106|2026-09-29 02:50:00
9|7|El Rosario|4326|901107|1107|2026-09-29 02:50:00
9|7|Jardines De San Lorenzo|4326|901108|1108|2026-09-29 02:50:00
9|7|Uscovi|4326|901109|1109|2026-09-29 02:50:00
9|7|La Planta|4326|901110|1110|2026-09-29 02:50:00
9|7|Cananea|4326|901111|1111|2026-09-29 02:50:00
9|7|Nueva Generacion|4326|901112|1112|2026-09-29 02:50:00
9|7|Tlaltenco|4326|901113|1113|2026-09-29 02:50:00
9|7|Rinconada El Molino|4326|901114|1114|2026-09-29 02:50:00
9|7|Allepetlali|4326|901115|1115|2026-09-29 02:50:00
9|7|Jose Lopez Portillo|4326|901116|1116|2026-09-29 02:50:00
9|7|La Esperanza|4326|901117|1117|2026-09-29 02:50:00
9|7|Mirasoles|4326|901118|1118|2026-09-29 02:50:00
9|7|Cerro De La Estrella|4326|901119|1119|2026-09-29 02:50:00
9|7|Estado De Anahuac|4326|901120|1120|2026-09-29 02:50:00
9|7|Granjas Estrella (san Nicolas Tolentino)|4326|901121|1121|2026-09-29 02:50:00
9|7|Lomas Estrella Iii|4326|901122|1122|2026-09-29 02:50:00
9|7|Lomas Estrella 1a Secc|4326|901123|1123|2026-09-29 02:50:00
9|7|12 De Diciembre|4326|901124|1124|2026-09-29 02:50:00
9|7|Santa Maria Tomatlan|4326|901125|1125|2026-09-29 02:50:00
9|7|Santa Maria Tomatlan|4326|901126|1126|2026-09-29 02:50:00
9|7|Lomas Estrella 2a Secc|4326|901127|1127|2026-09-29 02:50:00
9|7|El Vergel|4326|901128|1128|2026-09-29 02:50:00
9|7|Militar El Vergel|4326|901129|1129|2026-09-29 02:50:00
9|7|Triangulo De Las Agujas Ii|4326|901130|1130|2026-09-29 02:50:00
9|7|Mexicaltzingo|4326|901131|1131|2026-09-29 02:50:00
9|7|Purisima Atlazolpa|4326|901132|1132|2026-09-29 02:50:00
9|7|Los Picos Vi B|4326|901133|1133|2026-09-29 02:50:00
9|7|San Jose Aculco|4326|901134|1134|2026-09-29 02:50:00
9|7|La Nueva Rosita|4326|901135|1135|2026-09-29 02:50:00
9|7|Aculco|4326|901136|1136|2026-09-29 02:50:00
9|7|Jardines De Churubusco|4326|901137|1137|2026-09-29 02:50:00
9|7|Granjas San Antonio|4326|901138|1138|2026-09-29 02:50:00
9|7|Granjas Esmeralda|4326|901139|1139|2026-09-29 02:50:00
9|7|Progreso Del Sur|4326|901140|1140|2026-09-29 02:50:00
9|7|Minerva|4326|901141|1141|2026-09-29 02:50:00
9|7|Valle Del Sur|4326|901142|1142|2026-09-29 02:50:00
9|7|Los Reyes Culhuacan|4326|901143|1143|2026-09-29 02:50:00
9|7|San Antonio Culhuacan|4326|901144|1144|2026-09-29 02:50:00
9|7|Tula|4326|901145|1145|2026-09-29 02:50:00
9|7|San Antonio Culhuacan|4326|901146|1146|2026-09-29 02:50:00
9|7|San Simon Culhuacan|4326|901147|1147|2026-09-29 02:50:00
9|7|Fuego Nuevo|4326|901148|1148|2026-09-29 02:50:00
9|7|San Andres Tomatlan|4326|901149|1149|2026-09-29 02:50:00
9|7|Estrella Culhuacan|4326|901150|1150|2026-09-29 02:50:00
9|7|El Mirador|4326|901151|1151|2026-09-29 02:50:00
9|7|Culhuacan|4326|901152|1152|2026-09-29 02:50:00
9|7|2a Seccion Valle De Luces|4326|901153|1153|2026-09-29 02:50:00
9|7|Valle De Luces|4326|901154|1154|2026-09-29 02:50:00
9|7|Sta Isabel Industrial|4326|901155|1155|2026-09-29 02:50:00
9|7|Ricardo Flores Magon|4326|901156|1156|2026-09-29 02:50:00
9|7|Ricardo Flores Magon|4326|901157|1157|2026-09-29 02:50:00
9|7|El Santuario|4326|901158|1158|2026-09-29 02:50:00
9|7|El Santuario|4326|901159|1159|2026-09-29 02:50:00
9|7|El Molino|4326|901160|1160|2026-09-29 02:50:00
9|7|Santa Maria Del Monte|4326|901161|1161|2026-09-29 02:50:00
9|7|Veracruzana|4326|901162|1162|2026-09-29 02:50:00
9|7|Estado De Veracruz|4326|901163|1163|2026-09-29 02:50:00
9|7|San Miguel 8va Ampliacion|4326|901164|1164|2026-09-29 02:50:00
9|7|El Manto|4326|901165|1165|2026-09-29 02:50:00
9|7|Lomas Del Manto|4326|901166|1166|2026-09-29 02:50:00
9|7|Plan De Iguala|4326|901167|1167|2026-09-29 02:50:00
9|7|Paraje San Juan Cerro|4326|901168|1168|2026-09-29 02:50:00
9|7|Benito Juarez|4326|901169|1169|2026-09-29 02:50:00
9|7|San Juan Xalpa (popular Oriente)|4326|901170|1170|2026-09-29 02:50:00
9|7|San Juan Xalpa|4326|901171|1171|2026-09-29 02:50:00
9|7|Morelos 49|4326|901172|1172|2026-09-29 02:50:00
9|7|Morelos 55|4326|901173|1173|2026-09-29 02:50:00
9|7|Paraje Zacatepec|4326|901174|1174|2026-09-29 02:50:00
9|7|Herminio Chavarria|4326|901175|1175|2026-09-29 02:50:00
9|7|Aquiles Serdan|4326|901176|1176|2026-09-29 02:50:00
9|7|Santa Maria Aztahuacan|4326|901177|1177|2026-09-29 02:50:00
9|3|Paseos De Taxque?a|4326|901178|1178|2026-09-29 02:50:00
9|3|Prado Churubusco|4326|901179|1179|2026-09-29 02:50:00
9|3|Hermosillo|4326|901180|1180|2026-09-29 02:50:00
9|3|Campestre Churubusco|4326|901181|1181|2026-09-29 02:50:00
9|3|La Magdalena Culhuacan|4326|901182|1182|2026-09-29 02:50:00
9|3|Carmen Serdan|4326|901183|1183|2026-09-29 02:50:00
9|3|Popular Emiliano Zapata|4326|901184|1184|2026-09-29 02:50:00
9|3|Ctm X Culhuacan|4326|901185|1185|2026-09-29 02:50:00
9|3|Los Cedros|4326|901186|1186|2026-09-29 02:50:00
9|3|Jardines De Coyoacan|4326|901187|1187|2026-09-29 02:50:00
9|3|Petrolera Taxque?a|4326|901188|1188|2026-09-29 02:50:00
9|3|Santa Martha Del Sur|4326|901189|1189|2026-09-29 02:50:00
9|3|Taxque?a|4326|901190|1190|2026-09-29 02:50:00
9|3|Taxque?a|4326|901191|1191|2026-09-29 02:50:00
9|3|San Francisco Culhuacan(ejidos De Culhuacan)|4326|901192|1192|2026-09-29 02:50:00
9|3|Educacion|4326|901193|1193|2026-09-29 02:50:00
9|3|Multifamiliar Tlalpan|4326|901194|1194|2026-09-29 02:50:00
9|3|El Centinela|4326|901195|1195|2026-09-29 02:50:00
9|3|Avante|4326|901196|1196|2026-09-29 02:50:00
9|3|Ctm V Culhuacan|4326|901197|1197|2026-09-29 02:50:00
9|3|Piloto Culhuacan|4326|901198|1198|2026-09-29 02:50:00
9|3|Croc Culhuacan Secc 6(ctm Vi Culhuacan)|4326|901199|1199|2026-09-29 02:50:00
9|3|Presidentes Ejidales|4326|901200|1200|2026-09-29 02:50:00
9|3|Ctm Viia Culhuacan|4326|901201|1201|2026-09-29 02:50:00
9|3|Cafetales I|4326|901202|1202|2026-09-29 02:50:00
9|3|Stunam Culhuacan(u Hab Ctm Viii Culhuacan) (san Francico Cul|4326|901203|1203|2026-09-29 02:50:00
9|3|Ctm Ix Culhuacan|4326|901204|1204|2026-09-29 02:50:00
9|3|Canal Nacional|4326|901205|1205|2026-09-29 02:50:00
9|3|Ctm Viii Culhuacan|4326|901206|1206|2026-09-29 02:50:00
9|3|Ctm Ixa Culhuacan|4326|901207|1207|2026-09-29 02:50:00
9|3|Emiliano Zapata|4326|901208|1208|2026-09-29 02:50:00
9|3|Prados De Coyoacan|4326|901209|1209|2026-09-29 02:50:00
9|3|Cafetales Ii|4326|901210|1210|2026-09-29 02:50:00
9|3|La Virgen 1170|4326|901211|1211|2026-09-29 02:50:00
9|3|Ctm Vi Culhuacan|4326|901212|1212|2026-09-29 02:50:00
9|3|Villa Quietud|4326|901213|1213|2026-09-29 02:50:00
9|3|Espartaco|4326|901214|1214|2026-09-29 02:50:00
9|3|Ejido Viejo De Santa Ursula Coapa (viejo Ejido De Santa Ursu|4326|901215|1215|2026-09-29 02:50:00
9|3|Infonavit El Hueso|4326|901216|1216|2026-09-29 02:50:00
9|3|El Mirador|4326|901217|1217|2026-09-29 02:50:00
9|3|Haciendas De Coyoacan|4326|901218|1218|2026-09-29 02:50:00
9|3|Santa Cecilia|4326|901219|1219|2026-09-29 02:50:00
9|3|Los Sauces|4326|901220|1220|2026-09-29 02:50:00
9|3|Campestre Coyoacan|4326|901221|1221|2026-09-29 02:50:00
9|3|Las Campanas|4326|901222|1222|2026-09-29 02:50:00
9|3|El Parque De Coyoacan|4326|901223|1223|2026-09-29 02:50:00
9|3|Los Olivos|4326|901224|1224|2026-09-29 02:50:00
9|3|Los Girasoles Iii|4326|901225|1225|2026-09-29 02:50:00
9|3|Los Girasoles Ii|4326|901226|1226|2026-09-29 02:50:00
9|3|Los Girasoles I|4326|901227|1227|2026-09-29 02:50:00
9|3|Los Olivos|4326|901228|1228|2026-09-29 02:50:00
9|3|Ex Hacienda Coapa|4326|901229|1229|2026-09-29 02:50:00
9|3|Los Ciruelos|4326|901230|1230|2026-09-29 02:50:00
9|3|Villas De Coyoacan|4326|901231|1231|2026-09-29 02:50:00
9|3|Los Cipreses|4326|901232|1232|2026-09-29 02:50:00
9|3|Ctm Culhuacan|4326|901233|1233|2026-09-29 02:50:00
9|7|Nueva Aztlan|4326|901234|1234|2026-09-29 02:50:00
9|7|Stunam|4326|901235|1235|2026-09-29 02:50:00
9|7|Las Palmas|4326|901236|1236|2026-09-29 02:50:00
9|7|Ola Verde|4326|901237|1237|2026-09-29 02:50:00
9|7|Camino Viejo|4326|901238|1238|2026-09-29 02:50:00
9|7|San Juan|4326|901239|1239|2026-09-29 02:50:00
9|7|Justo Sierra|4326|901240|1240|2026-09-29 02:50:00
9|7|Quetzalcoatl|4326|901241|1241|2026-09-29 02:50:00
9|7|Tezozomoc|4326|901242|1242|2026-09-29 02:50:00
9|7|Espuma Chamizal|4326|901243|1243|2026-09-29 02:50:00
9|7|Estelar El Retiro|4326|901244|1244|2026-09-29 02:50:00
9|7|Santa Cruz Vii|4326|901245|1245|2026-09-29 02:50:00
9|7|Santa Cruz Vi|4326|901246|1246|2026-09-29 02:50:00
9|7|El Arbol Fividesu|4326|901247|1247|2026-09-29 02:50:00
9|7|El Arbol Fovissste|4326|901248|1248|2026-09-29 02:50:00
9|7|Alheli Infonavit|4326|901249|1249|2026-09-29 02:50:00
9|7|El Tesoro|4326|901250|1250|2026-09-29 02:50:00
9|7|Juarez|4326|901251|1251|2026-09-29 02:50:00
9|7|Zaragoza|4326|901252|1252|2026-09-29 02:50:00
9|7|Plaza Estrella Uno|4326|901253|1253|2026-09-29 02:50:00
9|7|Cedros|4326|901254|1254|2026-09-29 02:50:00
9|7|Benito Juarez|4326|901255|1255|2026-09-29 02:50:00
9|7|Moras San Nicolas|4326|901256|1256|2026-09-29 02:50:00
9|7|Del Valle|4326|901257|1257|2026-09-29 02:50:00
9|7|Fase Ii|4326|901258|1258|2026-09-29 02:50:00
9|7|Presidente|4326|901259|1259|2026-09-29 02:50:00
9|7|Presidentes  Ii|4326|901260|1260|2026-09-29 02:50:00
9|7|Real La Joya|4326|901261|1261|2026-09-29 02:50:00
9|7|Taxistas|4326|901262|1262|2026-09-29 02:50:00
9|7|La Selva|4326|901263|1263|2026-09-29 02:50:00
9|7|Canal De Garay|4326|901264|1264|2026-09-29 02:50:00
9|7|Cipreces Del Sur|4326|901265|1265|2026-09-29 02:50:00
9|7|Plazas Estrella|4326|901266|1266|2026-09-29 02:50:00
9|7|Sabadell|4326|901267|1267|2026-09-29 02:50:00
9|7|Amanecer Canal De Garay|4326|901268|1268|2026-09-29 02:50:00
9|7|Bilbao|4326|901269|1269|2026-09-29 02:50:00
9|7|Las Rosas|4326|901270|1270|2026-09-29 02:50:00
9|7|Plaza Estrella Ii|4326|901271|1271|2026-09-29 02:50:00
9|7|San Lorenzo|4326|901272|1272|2026-09-29 02:50:00
9|7|Espa?a|4326|901273|1273|2026-09-29 02:50:00
9|7|Mayorazgo|4326|901274|1274|2026-09-29 02:50:00
9|7|Villas Iztapalapa|4326|901275|1275|2026-09-29 02:50:00
9|7|El Arbol|4326|901276|1276|2026-09-29 02:50:00
9|7|Bertha Von Bloumer|4326|901277|1277|2026-09-29 02:50:00
9|7|Bosques De Iztapalapa|4326|901278|1278|2026-09-29 02:50:00
9|7|Espa?a|4326|901279|1279|2026-09-29 02:50:00
9|7|Trabajadores De Pesca|4326|901280|1280|2026-09-29 02:50:00
9|7|Rinconada Estrella|4326|901281|1281|2026-09-29 02:50:00
9|7|Viva Sur|4326|901282|1282|2026-09-29 02:50:00
9|7|Comunidad Guadalupana|4326|901283|1283|2026-09-29 02:50:00
9|7|Granjas Estrella|4326|901284|1284|2026-09-29 02:50:00
9|7|San Francisco|4326|901285|1285|2026-09-29 02:50:00
9|7|San Francisco De Asis|4326|901286|1286|2026-09-29 02:50:00
9|7|Las Palmas|4326|901287|1287|2026-09-29 02:50:00
9|7|Fuentes De Siracusa|4326|901288|1288|2026-09-29 02:50:00
9|7|Estrella Del Sur|4326|901289|1289|2026-09-29 02:50:00
9|7|Carlos Jonguitud Barrios|4326|901290|1290|2026-09-29 02:50:00
9|7|Venecia|4326|901291|1291|2026-09-29 02:50:00
9|7|Zacalli|4326|901292|1292|2026-09-29 02:50:00
9|7|Monarca|4326|901293|1293|2026-09-29 02:50:00
9|7|Nalen|4326|901294|1294|2026-09-29 02:50:00
9|7|Villas Del Vergel|4326|901295|1295|2026-09-29 02:50:00
9|7|El Vergel|4326|901296|1296|2026-09-29 02:50:00
9|7|El Vergel|4326|901297|1297|2026-09-29 02:50:00
9|7|Plenitud|4326|901298|1298|2026-09-29 02:50:00
9|7|Carmen Serdan|4326|901299|1299|2026-09-29 02:50:00
9|7|Huasipungo|4326|901300|1300|2026-09-29 02:50:00
9|7|Moyocoyani|4326|901301|1301|2026-09-29 02:50:00
9|7|Na Hal Ti|4326|901302|1302|2026-09-29 02:50:00
9|7|Infonavit|4326|901303|1303|2026-09-29 02:50:00
9|7|San Lorenzo|4326|901304|1304|2026-09-29 02:50:00
9|7|El Parque|4326|901305|1305|2026-09-29 02:50:00
9|11|Benito Quezada|4326|901306|1306|2026-09-29 02:50:00
9|11|La Estacion|4326|901307|1307|2026-09-29 02:50:00
9|11|La Aurorita|4326|901308|1308|2026-09-29 02:50:00
9|11|Los Olivos|4326|901309|1309|2026-09-29 02:50:00
9|11|Las Arboledas|4326|901310|1310|2026-09-29 02:50:00
9|11|San Miguel Zapotitla|4326|901311|1311|2026-09-29 02:50:00
9|11|Tierra Y Libertad|4326|901312|1312|2026-09-29 02:50:00
9|11|Capultitla|4326|901313|1313|2026-09-29 02:50:00
9|11|Atlacapa|4326|901314|1314|2026-09-29 02:50:00
9|11|Santa Ana Norte|4326|901315|1315|2026-09-29 02:50:00
9|11|Santiago Norte|4326|901316|1316|2026-09-29 02:50:00
9|11|Granjas Cabrera|4326|901317|1317|2026-09-29 02:50:00
9|11|Granjas Cabrera|4326|901318|1318|2026-09-29 02:50:00
9|11|Los Olivos|4326|901319|1319|2026-09-29 02:50:00
9|11|Genaro Reyes|4326|901320|1320|2026-09-29 02:50:00
9|11|Roberto Esperon|4326|901321|1321|2026-09-29 02:50:00
9|11|Paula Lopez|4326|901322|1322|2026-09-29 02:50:00
9|11|Los Olivos|4326|901323|1323|2026-09-29 02:50:00
9|11|Del Mar Sur|4326|901324|1324|2026-09-29 02:50:00
9|11|Del Mar|4326|901325|1325|2026-09-29 02:50:00
9|11|Miguel Hidalgo Ote|4326|901326|1326|2026-09-29 02:50:00
9|11|Villa Centroamericana Y Del Caribe|4326|901327|1327|2026-09-29 02:50:00
9|11|Villas La Draga|4326|901328|1328|2026-09-29 02:50:00
9|11|La Draga|4326|901329|1329|2026-09-29 02:50:00
9|11|Santiago Sur (la Conchita Zapotitlan B)|4326|901330|1330|2026-09-29 02:50:00
9|11|La Conchita Zapotitlan A|4326|901331|1331|2026-09-29 02:50:00
9|11|La Conchita Zapotitlan B|4326|901332|1332|2026-09-29 02:50:00
9|11|La Conchita|4326|901333|1333|2026-09-29 02:50:00
9|11|La Orilla|4326|901334|1334|2026-09-29 02:50:00
9|11|Lopez Portillo|4326|901335|1335|2026-09-29 02:50:00
9|11|Lopez Portillo|4326|901336|1336|2026-09-29 02:50:00
9|11|Santa Ana Poniente|4326|901337|1337|2026-09-29 02:50:00
9|11|Santa Ana Centro|4326|901338|1338|2026-09-29 02:50:00
9|11|Santiago Centro|4326|901339|1339|2026-09-29 02:50:00
9|11|Santa Ana Sur (la Conchita Zapotitlan A)|4326|901340|1340|2026-09-29 02:50:00
9|11|La Cienega|4326|901341|1341|2026-09-29 02:50:00
9|11|Ojo De Agua|4326|901342|1342|2026-09-29 02:50:00
9|11|San Miguel|4326|901343|1343|2026-09-29 02:50:00
9|7|La Poblanita|4326|901344|1344|2026-09-29 02:50:00
9|11|Santa Catarina Yecahuizotl|4326|901345|1345|2026-09-29 02:50:00
9|7|Tecpinco|4326|901346|1346|2026-09-29 02:50:00
9|5|San Felipe De Jesus|4326|901347|1347|2026-09-29 02:50:00
9|5|El Coyol|4326|901348|1348|2026-09-29 02:50:00
9|7|Cuchillas Del Moral|4326|901349|1349|2026-09-29 02:50:00
9|6|Carlos Zapata Vela|4326|901350|1350|2026-09-29 02:50:00
9|6|San Miguel|4326|901351|1351|2026-09-29 02:50:00
9|4|Zentlapatl|4326|901352|1352|2026-09-29 02:50:00
9|4|Cuajimalpa|4326|901353|1353|2026-09-29 02:50:00
9|4|Loma Del Padre|4326|901354|1354|2026-09-29 02:50:00
9|10|Santa Lucia|4326|901355|1355|2026-09-29 02:50:00
9|10|Corpus Christy Ampl Xocomecatla|4326|901356|1356|2026-09-29 02:50:00
9|12|San Miguel Topilejo|4326|901357|1357|2026-09-29 02:50:00
9|12|La Mora|4326|901358|1358|2026-09-29 02:50:00
9|12|San Nicolas Ii|4326|901359|1359|2026-09-29 02:50:00
9|12|Cuilotepec Ii|4326|901360|1360|2026-09-29 02:50:00
9|12|Cruz Del Farol|4326|901361|1361|2026-09-29 02:50:00
9|12|Ampl Miguel Hidalgo 4a Secc|4326|901362|1362|2026-09-29 02:50:00
9|12|Ampl Miguel Hidalgo 2a Secc|4326|901363|1363|2026-09-29 02:50:00
9|12|San Juan Tepeximilpa|4326|901364|1364|2026-09-29 02:50:00
9|12|Diamante|4326|901365|1365|2026-09-29 02:50:00
9|12|Fuentes De Cantera|4326|901366|1366|2026-09-29 02:50:00
9|12|Bosque De Tepeximilpa|4326|901367|1367|2026-09-29 02:50:00
9|12|El Charco|4326|901368|1368|2026-09-29 02:50:00
9|13|Tiziclipa|4326|901369|1369|2026-09-29 02:50:00
9|12|Fuentes Brotantes Miguel Hidalgo|4326|901370|1370|2026-09-29 02:50:00
9|12|Mesa Los Hornos|4326|901371|1371|2026-09-29 02:50:00
9|12|Viveros De Coactetlan|4326|901372|1372|2026-09-29 02:50:00
9|12|Lomas De Texcalatlaco|4326|901373|1373|2026-09-29 02:50:00
9|12|Plan De Ayala|4326|901374|1374|2026-09-29 02:50:00
9|12|Vistas De Picacho|4326|901375|1375|2026-09-29 02:50:00
9|13|La Ca?ada|4326|901376|1376|2026-09-29 02:50:00
9|11|Villas De Los Trabajadores Del Gobierno Del Df|4326|901377|1377|2026-09-29 02:50:00
9|7|La Joyita|4326|901378|1378|2026-09-29 02:50:00
9|11|Zacatenco|4326|901379|1379|2026-09-29 02:50:00
9|11|Las Puertas|4326|901380|1380|2026-09-29 02:50:00
9|11|San Francisco Tlaltenco|4326|901381|1381|2026-09-29 02:50:00
9|11|Guadalupe|4326|901382|1382|2026-09-29 02:50:00
9|11|El Triangulo|4326|901383|1383|2026-09-29 02:50:00
9|11|Tezontitla|4326|901384|1384|2026-09-29 02:50:00
9|11|Zompantitla|4326|901385|1385|2026-09-29 02:50:00
9|11|Selene 1a Secc|4326|901386|1386|2026-09-29 02:50:00
9|7|La Era|4326|901387|1387|2026-09-29 02:50:00
9|7|Las Pe?as|4326|901388|1388|2026-09-29 02:50:00
9|11|Selene 2a Secc|4326|901389|1389|2026-09-29 02:50:00
9|11|Santa Cecilia|4326|901390|1390|2026-09-29 02:50:00
9|11|Selene|4326|901391|1391|2026-09-29 02:50:00
9|11|La Habana|4326|901392|1392|2026-09-29 02:50:00
9|11|San Mateo|4326|901393|1393|2026-09-29 02:50:00
9|11|Santa Ana|4326|901394|1394|2026-09-29 02:50:00
9|11|Guadalupe|4326|901395|1395|2026-09-29 02:50:00
9|11|La Magdalena|4326|901396|1396|2026-09-29 02:50:00
9|11|La Asuncion|4326|901397|1397|2026-09-29 02:50:00
9|11|Quiahuatla|4326|901398|1398|2026-09-29 02:50:00
9|11|Tierra Y Libertad|4326|901399|1399|2026-09-29 02:50:00
9|11|Los Reyes|4326|901400|1400|2026-09-29 02:50:00
9|11|Santiago|4326|901401|1401|2026-09-29 02:50:00
9|11|Teozoma|4326|901402|1402|2026-09-29 02:50:00
9|11|Chichilaula|4326|901403|1403|2026-09-29 02:50:00
9|11|La Mesa|4326|901404|1404|2026-09-29 02:50:00
9|11|La Mesa|4326|901405|1405|2026-09-29 02:50:00
9|11|Pedregal|4326|901406|1406|2026-09-29 02:50:00
9|11|La Joyita|4326|901407|1407|2026-09-29 02:50:00
9|11|El Mirador|4326|901408|1408|2026-09-29 02:50:00
9|11|Guadalupe|4326|901409|1409|2026-09-29 02:50:00
9|11|La Concepcion Santa Catarina Yecahuizotl|4326|901410|1410|2026-09-29 02:50:00
9|11|San Miguel(santa Catarina)|4326|901411|1411|2026-09-29 02:50:00
9|11|Ampl San Miguel(tlahuac)|4326|901412|1412|2026-09-29 02:50:00
9|11|San Andres|4326|901413|1413|2026-09-29 02:50:00
9|11|Cuitlahuac|4326|901414|1414|2026-09-29 02:50:00
9|11|El Pato|4326|901415|1415|2026-09-29 02:50:00
9|11|Francisco Villa|4326|901416|1416|2026-09-29 02:50:00
9|11|La Lupita|4326|901417|1417|2026-09-29 02:50:00
9|11|La Asuncion|4326|901418|1418|2026-09-29 02:50:00
9|11|San Agustin|4326|901419|1419|2026-09-29 02:50:00
9|11|La Concepcion|4326|901420|1420|2026-09-29 02:50:00
9|11|Jardines Del Llano|4326|901421|1421|2026-09-29 02:50:00
9|11|El Rosario|4326|901422|1422|2026-09-29 02:50:00
9|11|Villa Tlatempa|4326|901423|1423|2026-09-29 02:50:00
9|11|Soledad|4326|901424|1424|2026-09-29 02:50:00
9|11|Lopez Portillo|4326|901425|1425|2026-09-29 02:50:00
9|11|Tierra Blanca|4326|901426|1426|2026-09-29 02:50:00
9|11|La Conchita|4326|901427|1427|2026-09-29 02:50:00
9|11|Pe?a Alta|4326|901428|1428|2026-09-29 02:50:00
9|9|Tecaxtitla|4326|901429|1429|2026-09-29 02:50:00
9|9|Xaltipac|4326|901430|1430|2026-09-29 02:50:00
9|11|Emiliano Zapata 1a|4326|901431|1431|2026-09-29 02:50:00
9|11|Emiliano Zapata 2a|4326|901432|1432|2026-09-29 02:50:00
9|11|San Ignacio De Loyola|4326|901433|1433|2026-09-29 02:50:00
9|11|Tepantitlamilco|4326|901434|1434|2026-09-29 02:50:00
9|11|San Agustin|4326|901435|1435|2026-09-29 02:50:00
9|11|San Miguel|4326|901436|1436|2026-09-29 02:50:00
9|11|San Juan|4326|901437|1437|2026-09-29 02:50:00
9|11|3 De Mayo|4326|901438|1438|2026-09-29 02:50:00
9|11|Mamazco|4326|901439|1439|2026-09-29 02:50:00
9|9|Xochitepec|4326|901440|1440|2026-09-29 02:50:00
9|9|Noxcalco|4326|901441|1441|2026-09-29 02:50:00
9|9|Las Joyas Parte Alta|4326|901442|1442|2026-09-29 02:50:00
9|7|Santa Cruz Meyehualco|4326|901443|1443|2026-09-29 02:50:00
9|7|Sierra Del Valle|4326|901444|1444|2026-09-29 02:50:00
9|7|Reforma Politica|4326|901445|1445|2026-09-29 02:50:00
9|7|Citlalli|4326|901446|1446|2026-09-29 02:50:00
9|9|San Juan Tepenahuac|4326|901447|1447|2026-09-29 02:50:00
9|9|Guadalupita|4326|901448|1448|2026-09-29 02:50:00
9|9|San Jeronimo Miacatlan|4326|901449|1449|2026-09-29 02:50:00
9|9|San Jose|4326|901450|1450|2026-09-29 02:50:00
9|9|San Miguel|4326|901451|1451|2026-09-29 02:50:00
9|9|San Marcos|4326|901452|1452|2026-09-29 02:50:00
9|9|San Agustin Ohtenco|4326|901453|1453|2026-09-29 02:50:00
9|9|Santa Cruz|4326|901454|1454|2026-09-29 02:50:00
9|9|San Agustin|4326|901455|1455|2026-09-29 02:50:00
9|9|Santa Martha|4326|901456|1456|2026-09-29 02:50:00
9|9|Los Angeles|4326|901457|1457|2026-09-29 02:50:00
9|9|San Mateo|4326|901458|1458|2026-09-29 02:50:00
9|9|La Luz|4326|901459|1459|2026-09-29 02:50:00
9|9|La Concepcion|4326|901460|1460|2026-09-29 02:50:00
9|9|Panchimalco|4326|901461|1461|2026-09-29 02:50:00
9|9|Ocotitla|4326|901462|1462|2026-09-29 02:50:00
9|9|San Juan|4326|901463|1463|2026-09-29 02:50:00
9|7|Xalpa|4326|901464|1464|2026-09-29 02:50:00
9|7|2a Ampliacion Santiago Acahualtepec|4326|901465|1465|2026-09-29 02:50:00
9|9|San Miguel|4326|901466|1466|2026-09-29 02:50:00
9|9|San Salvador Cuauhtenco|4326|901467|1467|2026-09-29 02:50:00
9|7|1a Ampliacion Santiago Acahualtepec|4326|901468|1468|2026-09-29 02:50:00
9|11|Zacatenco|4326|901469|1469|2026-09-29 02:50:00
9|11|Tenochtitlan|4326|901470|1470|2026-09-29 02:50:00
9|11|Tierra Blanca|4326|901471|1471|2026-09-29 02:50:00
9|7|Santiago Acahualtepec|4326|901472|1472|2026-09-29 02:50:00
9|11|Geovillas Xochimilco|4326|901473|1473|2026-09-29 02:50:00
9|11|Hombres De La Reforma|4326|901474|1474|2026-09-29 02:50:00
9|11|Los Lombardos|4326|901475|1475|2026-09-29 02:50:00
9|11|Los Hugonotes|4326|901476|1476|2026-09-29 02:50:00
9|11|San Lucas|4326|901477|1477|2026-09-29 02:50:00
9|11|La Traviata|4326|901478|1478|2026-09-29 02:50:00
9|11|Zodiaco|4326|901479|1479|2026-09-29 02:50:00
9|11|Guillermo Prieto|4326|901480|1480|2026-09-29 02:50:00
9|11|Constitucion Zapotitla|4326|901481|1481|2026-09-29 02:50:00
9|11|Villas Santiago|4326|901482|1482|2026-09-29 02:50:00
9|7|Lomas De Zaragoza|4326|901483|1483|2026-09-29 02:50:00
9|11|Juan De Dios Peza 161|4326|901484|1484|2026-09-29 02:50:00
9|11|Juan De Dios Peza 61 Nueva Tenochtitlan|4326|901485|1485|2026-09-29 02:50:00
9|11|Genaro Valdez|4326|901486|1486|2026-09-29 02:50:00
9|11|Vapac 1|4326|901487|1487|2026-09-29 02:50:00
9|11|Vapac 2|4326|901488|1488|2026-09-29 02:50:00
9|11|Vapac 3|4326|901489|1489|2026-09-29 02:50:00
9|11|San Rafael|4326|901490|1490|2026-09-29 02:50:00
9|11|Afocaso Santa Veronica|4326|901491|1491|2026-09-29 02:50:00
9|11|Herradura Tlaxcanes|4326|901492|1492|2026-09-29 02:50:00
9|11|Zapotitla|4326|901493|1493|2026-09-29 02:50:00
9|7|San Miguel Teotongo|4326|901494|1494|2026-09-29 02:50:00
9|11|Sociedad Cooperativa Ceani|4326|901495|1495|2026-09-29 02:50:00
9|11|Lago Cuitzeo|4326|901496|1496|2026-09-29 02:50:00
9|11|Porvenir 54|4326|901497|1497|2026-09-29 02:50:00
9|11|Promociones La Turba|4326|901498|1498|2026-09-29 02:50:00
9|11|Cocodrilo|4326|901499|1499|2026-09-29 02:50:00
9|7|Ampliacion Emiliano Zapata|4326|901500|1500|2026-09-29 02:50:00
9|11|Reno|4326|901501|1501|2026-09-29 02:50:00
9|11|Ruiz Cortinez|4326|901502|1502|2026-09-29 02:50:00
9|11|Adalberto Tejeda 144|4326|901503|1503|2026-09-29 02:50:00
9|11|Monte Olivo Uhmo|4326|901504|1504|2026-09-29 02:50:00
9|7|San Francisco Apolocalco|4326|901505|1505|2026-09-29 02:50:00
9|11|Amado Nervo 68|4326|901506|1506|2026-09-29 02:50:00
9|11|Arcada De La Fuente|4326|901507|1507|2026-09-29 02:50:00
9|11|Modulo Social Amado Nervo|4326|901508|1508|2026-09-29 02:50:00
9|11|Amado Nervo 102|4326|901509|1509|2026-09-29 02:50:00
9|11|Torres De Tlahuac|4326|901510|1510|2026-09-29 02:50:00
9|11|Luis G Urbina|4326|901511|1511|2026-09-29 02:50:00
9|11|Las Flores|4326|901512|1512|2026-09-29 02:50:00
9|11|Ana Bolena|4326|901513|1513|2026-09-29 02:50:00
9|11|Bretel 106|4326|901514|1514|2026-09-29 02:50:00
9|11|Arabella 77|4326|901515|1515|2026-09-29 02:50:00
9|7|Campestre Potrero (miguel De La Madrid Ii)|4326|901516|1516|2026-09-29 02:50:00
9|11|Providencia 121|4326|901517|1517|2026-09-29 02:50:00
9|11|Providencia 163|4326|901518|1518|2026-09-29 02:50:00
9|7|Las Cruces|4326|901519|1519|2026-09-29 02:50:00
9|11|Los Olivos|4326|901520|1520|2026-09-29 02:50:00
9|11|Porvenir 140|4326|901521|1521|2026-09-29 02:50:00
9|11|Buena Suerte 193|4326|901522|1522|2026-09-29 02:50:00
9|11|Buena Suerte 319|4326|901523|1523|2026-09-29 02:50:00
9|11|Porvenir 244|4326|901524|1524|2026-09-29 02:50:00
9|7|Huitzico|4326|901525|1525|2026-09-29 02:50:00
9|7|Palmillas|4326|901526|1526|2026-09-29 02:50:00
9|7|Carlos Hank Gonzalez|4326|901527|1527|2026-09-29 02:50:00
9|7|Desarrollo Urbano Quetzalcoatl|4326|901528|1528|2026-09-29 02:50:00
9|7|Tejocotes|4326|901529|1529|2026-09-29 02:50:00
9|11|Santa Cruz 447|4326|901530|1530|2026-09-29 02:50:00
9|11|Santa Cruz 443|4326|901531|1531|2026-09-29 02:50:00
9|11|Porvenir 155|4326|901532|1532|2026-09-29 02:50:00
9|11|Bellas Artes|4326|901533|1533|2026-09-29 02:50:00
9|11|Porvenir|4326|901534|1534|2026-09-29 02:50:00
9|11|Santa Cruz 393|4326|901535|1535|2026-09-29 02:50:00
9|11|Gitana 313|4326|901536|1536|2026-09-29 02:50:00
9|11|Diana Laura R De Colosio|4326|901537|1537|2026-09-29 02:50:00
9|11|Gitana 278|4326|901538|1538|2026-09-29 02:50:00
9|11|Santa Cruz 263|4326|901539|1539|2026-09-29 02:50:00
9|11|Ixtacalco|4326|901540|1540|2026-09-29 02:50:00
9|11|Minas De Arena|4326|901541|1541|2026-09-29 02:50:00
9|11|Gitana 76|4326|901542|1542|2026-09-29 02:50:00
9|11|Gitana 66|4326|901543|1543|2026-09-29 02:50:00
9|11|Gitana 56|4326|901544|1544|2026-09-29 02:50:00
9|11|Gitana 51a|4326|901545|1545|2026-09-29 02:50:00
9|11|Gitana 77|4326|901546|1546|2026-09-29 02:50:00
9|11|Amado Nervo 126|4326|901547|1547|2026-09-29 02:50:00
9|11|Amado Nervo 112|4326|901548|1548|2026-09-29 02:50:00
9|11|Gitana Norte 200|4326|901549|1549|2026-09-29 02:50:00
9|11|Gitana 243|4326|901550|1550|2026-09-29 02:50:00
9|11|Gitana Norte|4326|901551|1551|2026-09-29 02:50:00
9|11|Villa Residencial Amado Nervo|4326|901552|1552|2026-09-29 02:50:00
9|11|Tlecuilli|4326|901553|1553|2026-09-29 02:50:00
9|11|Exhacienda De Xoco|4326|901554|1554|2026-09-29 02:50:00
9|11|Diaz Miron 214|4326|901555|1555|2026-09-29 02:50:00
9|11|Diaz Miron 200|4326|901556|1556|2026-09-29 02:50:00
9|11|Rene Sanchez Rodriguez|4326|901557|1557|2026-09-29 02:50:00
9|7|La Magueyera|4326|901558|1558|2026-09-29 02:50:00
9|7|La Polvorilla|4326|901559|1559|2026-09-29 02:50:00
9|7|Predio San Pedro Y San Pablo|4326|901560|1560|2026-09-29 02:50:00
9|7|Tenorios|4326|901561|1561|2026-09-29 02:50:00
9|7|Barrancas De Guadalupe|4326|901562|1562|2026-09-29 02:50:00
9|7|Las Minas|4326|901563|1563|2026-09-29 02:50:00
9|7|Matamoros|4326|901564|1564|2026-09-29 02:50:00
9|7|Nueva Santa Cruz|4326|901565|1565|2026-09-29 02:50:00
9|7|Santa Maria Aztahuacan|4326|901566|1566|2026-09-29 02:50:00
9|7|Palmitas|4326|901567|1567|2026-09-29 02:50:00
9|7|Las Rocas|4326|901568|1568|2026-09-29 02:50:00
9|7|Teatinos|4326|901569|1569|2026-09-29 02:50:00
9|7|Ruben Jaramillo|4326|901570|1570|2026-09-29 02:50:00
9|7|Citlalli|4326|901571|1571|2026-09-29 02:50:00
9|7|Santa Maria Aztahuacan V|4326|901572|1572|2026-09-29 02:50:00
9|7|Rebeca Ii|4326|901573|1573|2026-09-29 02:50:00
9|7|San Pablo V|4326|901574|1574|2026-09-29 02:50:00
9|7|Emiliano Aguilar Garces|4326|901575|1575|2026-09-29 02:50:00
9|7|La Magueyera|4326|901576|1576|2026-09-29 02:50:00
9|7|Mixcoatl|4326|901577|1577|2026-09-29 02:50:00
9|13|Jardines Del Sur|4326|901578|1578|2026-09-29 02:50:00
9|12|Sevimex Tepeximilpa|4326|901579|1579|2026-09-29 02:50:00
9|12|Cuchilla Ampl Tepeximilpa|4326|901580|1580|2026-09-29 02:50:00
9|12|Loma Bonita|4326|901581|1581|2026-09-29 02:50:00
9|12|San Jose Tepeximilpa|4326|901582|1582|2026-09-29 02:50:00
9|12|San Juan Tepeximilpa|4326|901583|1583|2026-09-29 02:50:00
9|12|Peque?a Tepeximilpa|4326|901584|1584|2026-09-29 02:50:00
9|12|Cumbres De Tepetongo|4326|901585|1585|2026-09-29 02:50:00
9|12|Santisima Trinidad|4326|901586|1586|2026-09-29 02:50:00
9|12|Tepetongo|4326|901587|1587|2026-09-29 02:50:00
9|12|Tlaxcaltenco De La Mesa|4326|901588|1588|2026-09-29 02:50:00
9|12|Texcaltenco|4326|901589|1589|2026-09-29 02:50:00
9|12|Paraje De Temastititla|4326|901590|1590|2026-09-29 02:50:00
9|12|Las Flores|4326|901591|1591|2026-09-29 02:50:00
9|12|Anexos Mesa Los Hornos|4326|901592|1592|2026-09-29 02:50:00
9|12|Parque Nacional Fuentes Brotantes|4326|901593|1593|2026-09-29 02:50:00
9|12|Mirador 3a Secc|4326|901594|1594|2026-09-29 02:50:00
9|12|Mirador 2a Secc|4326|901595|1595|2026-09-29 02:50:00
9|12|Mirador 1a Secc|4326|901596|1596|2026-09-29 02:50:00
9|12|Pedregal De Sta Ursula Xitla|4326|901597|1597|2026-09-29 02:50:00
9|12|Roca De Cristal|4326|901598|1598|2026-09-29 02:50:00
9|12|Pedregal De Las Aguilas|4326|901599|1599|2026-09-29 02:50:00
9|12|Tlalpan Joya|4326|901600|1600|2026-09-29 02:50:00
9|12|Paraje Tetenco|4326|901601|1601|2026-09-29 02:50:00
9|12|La Fama|4326|901602|1602|2026-09-29 02:50:00
9|12|La Lonja|4326|901603|1603|2026-09-29 02:50:00
9|12|Jardines Del Ajusco|4326|901604|1604|2026-09-29 02:50:00
9|12|Lomas De Padierna|4326|901605|1605|2026-09-29 02:50:00
9|12|Emilio Portes Gil Pemex Picacho|4326|901606|1606|2026-09-29 02:50:00
9|12|Popular Sta Teresa|4326|901607|1607|2026-09-29 02:50:00
9|12|Pedregal De Sn Nicolas 1a Secc|4326|901608|1608|2026-09-29 02:50:00
9|12|Lomas De Padierna|4326|901609|1609|2026-09-29 02:50:00
9|12|Pedregal De Sn Nicolas 2a Secc|4326|901610|1610|2026-09-29 02:50:00
9|12|Pedregal De Sn Nicolas 3a Secc|4326|901611|1611|2026-09-29 02:50:00
9|12|Pedregal De Sn Nicolas 4a Secc|4326|901612|1612|2026-09-29 02:50:00
9|12|Chichicaspatl|4326|901613|1613|2026-09-29 02:50:00
9|12|Bosques Del Pedregal|4326|901614|1614|2026-09-29 02:50:00
9|12|Vistas Del Pedregal|4326|901615|1615|2026-09-29 02:50:00
9|12|Lomas De Cuilotepec|4326|901616|1616|2026-09-29 02:50:00
9|12|2 De Octubre|4326|901617|1617|2026-09-29 02:50:00
9|12|El Zacaton|4326|901618|1618|2026-09-29 02:50:00
9|5|Acueducto De Guadalupe|4326|901619|1619|2026-09-29 02:50:00
9|5|Solidaridad Nacional|4326|901620|1620|2026-09-29 02:50:00
9|5|El Arbolillo 1|4326|901621|1621|2026-09-29 02:50:00
9|5|Sedena|4326|901622|1622|2026-09-29 02:50:00
9|5|Bugambilias De Ticoman|4326|901623|1623|2026-09-29 02:50:00
9|5|Ticoman|4326|901624|1624|2026-09-29 02:50:00
9|5|Mosaiquera|4326|901625|1625|2026-09-29 02:50:00
9|5|Jorge Negrete|4326|901626|1626|2026-09-29 02:50:00
9|5|Modular De Acueducto|4326|901627|1627|2026-09-29 02:50:00
9|5|Acueducto De Guadalupe|4326|901628|1628|2026-09-29 02:50:00
9|5|Los Remedios|4326|901629|1629|2026-09-29 02:50:00
9|5|Santiaguito 75|4326|901630|1630|2026-09-29 02:50:00
9|5|Santiago Atepetlac|4326|901631|1631|2026-09-29 02:50:00
9|5|Santa Rosa|4326|901632|1632|2026-09-29 02:50:00
9|5|San Jose De La Escalera|4326|901633|1633|2026-09-29 02:50:00
9|5|Progreso Nacional|4326|901634|1634|2026-09-29 02:50:00
9|5|Progreso Nacional|4326|901635|1635|2026-09-29 02:50:00
9|12|Solidaridad|4326|901636|1636|2026-09-29 02:50:00
9|12|Lomas Altas De Padierna Sur|4326|901637|1637|2026-09-29 02:50:00
9|12|Belvedere|4326|901638|1638|2026-09-29 02:50:00
9|12|Mirador Ii|4326|901639|1639|2026-09-29 02:50:00
9|12|Mirador I|4326|901640|1640|2026-09-29 02:50:00
9|12|Chimilli|4326|901641|1641|2026-09-29 02:50:00
9|12|Torres De Padierna|4326|901642|1642|2026-09-29 02:50:00
9|12|Los Encinos|4326|901643|1643|2026-09-29 02:50:00
9|12|Cultura Maya Lopez Portillo|4326|901644|1644|2026-09-29 02:50:00
9|12|Lomas Del Pegregal|4326|901645|1645|2026-09-29 02:50:00
9|12|Cuchilla De Padierna|4326|901646|1646|2026-09-29 02:50:00
9|12|Lomas Hidalgo|4326|901647|1647|2026-09-29 02:50:00
9|12|Heroes De Padierna|4326|901648|1648|2026-09-29 02:50:00
9|12|Paraje 38|4326|901649|1649|2026-09-29 02:50:00
9|12|Verano|4326|901650|1650|2026-09-29 02:50:00
9|12|La Primavera|4326|901651|1651|2026-09-29 02:50:00
9|12|Fuentes Del Pedregal|4326|901652|1652|2026-09-29 02:50:00
9|5|Guadalupe Proletaria|4326|901653|1653|2026-09-29 02:50:00
9|5|Guadalupe Proletaria|4326|901654|1654|2026-09-29 02:50:00
9|5|Santiago Atepetlac|4326|901655|1655|2026-09-29 02:50:00
9|5|San Juan Y Guadalupe Ticoman|4326|901656|1656|2026-09-29 02:50:00
9|5|La Pastora|4326|901657|1657|2026-09-29 02:50:00
9|5|La Candelaria Ticoman|4326|901658|1658|2026-09-29 02:50:00
9|5|Zona Escolar|4326|901659|1659|2026-09-29 02:50:00
9|5|El Arbolillo 3|4326|901660|1660|2026-09-29 02:50:00
9|5|Tonaca Cuautitlan|4326|901661|1661|2026-09-29 02:50:00
9|5|Tablas De Santa Teresa(u Hab Orquideas)|4326|901662|1662|2026-09-29 02:50:00
9|5|Matias Romero Zona Sur|4326|901663|1663|2026-09-29 02:50:00
9|5|Matias Romero Zona Norte|4326|901664|1664|2026-09-29 02:50:00
9|5|Mexicuizapan|4326|901665|1665|2026-09-29 02:50:00
9|5|Aidee Solis Cardenas|4326|901666|1666|2026-09-29 02:50:00
9|5|El Arbolillo 2|4326|901667|1667|2026-09-29 02:50:00
9|5|Luis E Rodriguez Orozco|4326|901668|1668|2026-09-29 02:50:00
9|5|Zona Escolar Oriente|4326|901669|1669|2026-09-29 02:50:00
9|5|Chalma De Guadalupe|4326|901670|1670|2026-09-29 02:50:00
9|5|Villas De Cuautepec|4326|901671|1671|2026-09-29 02:50:00
9|5|5 De Mayo|4326|901672|1672|2026-09-29 02:50:00
9|5|Jaime S Emiliano G|4326|901673|1673|2026-09-29 02:50:00
9|12|Villa Olimpica Liberador Miguel Hidalgo|4326|901674|1674|2026-09-29 02:50:00
9|12|Sta Teresa|4326|901675|1675|2026-09-29 02:50:00
9|12|Villa Charra|4326|901676|1676|2026-09-29 02:50:00
9|12|Parques Del Pedregal|4326|901677|1677|2026-09-29 02:50:00
9|12|Zacayucan Pe?a Pobre|4326|901678|1678|2026-09-29 02:50:00
9|12|Del Bosque|4326|901679|1679|2026-09-29 02:50:00
9|12|Bosque De Tlalpan|4326|901680|1680|2026-09-29 02:50:00
9|5|Benito Juarez|4326|901681|1681|2026-09-29 02:50:00
9|5|Benito Juarez|4326|901682|1682|2026-09-29 02:50:00
9|12|Ajusco|4326|901683|1683|2026-09-29 02:50:00
9|5|Malacates|4326|901684|1684|2026-09-29 02:50:00
9|12|Lupita Perez|4326|901685|1685|2026-09-29 02:50:00
9|12|Geovillas San Miguel|4326|901686|1686|2026-09-29 02:50:00
9|12|De Las Torres|4326|901687|1687|2026-09-29 02:50:00
9|5|Luis Donaldo Colosio|4326|901688|1688|2026-09-29 02:50:00
9|5|Graciano Sanchez|4326|901689|1689|2026-09-29 02:50:00
9|12|El Capulin|4326|901690|1690|2026-09-29 02:50:00
9|5|Tlacaelel|4326|901691|1691|2026-09-29 02:50:00
9|12|Vistas De La Monta?a Iv|4326|901692|1692|2026-09-29 02:50:00
9|5|Quetzalcoatl 3|4326|901693|1693|2026-09-29 02:50:00
9|5|Prados De Cuautepec|4326|901694|1694|2026-09-29 02:50:00
9|12|Tlalpan 2000|4326|901695|1695|2026-09-29 02:50:00
9|12|Vista Bella|4326|901696|1696|2026-09-29 02:50:00
9|12|Ampl Miguel Hidalgo 3a Secc|4326|901697|1697|2026-09-29 02:50:00
9|12|Paseos Del Ajusco|4326|901698|1698|2026-09-29 02:50:00
9|12|Belisario Dominguez|4326|901699|1699|2026-09-29 02:50:00
9|5|Compositores Mexicanos|4326|901700|1700|2026-09-29 02:50:00
9|5|Loma De La Palma|4326|901701|1701|2026-09-29 02:50:00
9|12|Sor Juana Ines De La Cruz|4326|901702|1702|2026-09-29 02:50:00
9|12|Ayuntamiento Tlalpan|4326|901703|1703|2026-09-29 02:50:00
9|12|Cuevitas|4326|901704|1704|2026-09-29 02:50:00
9|5|Malacates|4326|901705|1705|2026-09-29 02:50:00
9|12|Miguel Hidalgo|4326|901706|1706|2026-09-29 02:50:00
9|5|Lomas De Cuautepec|4326|901707|1707|2026-09-29 02:50:00
9|12|San Jose Buena Vista|4326|901708|1708|2026-09-29 02:50:00
9|12|Belgravia|4326|901709|1709|2026-09-29 02:50:00
9|12|Santa Ursula|4326|901710|1710|2026-09-29 02:50:00
9|12|Santa Ursula Xitla|4326|901711|1711|2026-09-29 02:50:00
9|12|Fuentes De Tlalpan|4326|901712|1712|2026-09-29 02:50:00
9|12|Calvario Camisetas|4326|901713|1713|2026-09-29 02:50:00
9|5|Tepetatal|4326|901714|1714|2026-09-29 02:50:00
9|12|Conjunto Hab Jose Vasconcelos|4326|901715|1715|2026-09-29 02:50:00
9|12|Santisima Trinidad|4326|901716|1716|2026-09-29 02:50:00
9|12|El Truenito|4326|901717|1717|2026-09-29 02:50:00
9|12|Tlalcoligia|4326|901718|1718|2026-09-29 02:50:00
9|12|5 De Mayo|4326|901719|1719|2026-09-29 02:50:00
9|12|Los Volcanes|4326|901720|1720|2026-09-29 02:50:00
9|10|Ampl La Mexicana|4326|901721|1721|2026-09-29 02:50:00
9|10|Tecolalco|4326|901722|1722|2026-09-29 02:50:00
9|7|Lomas Del Pedregal|4326|901723|1723|2026-09-29 02:50:00
9|12|Zacatienda|4326|901724|1724|2026-09-29 02:50:00
9|8|Tierra Colorada|4326|901725|1725|2026-09-29 02:50:00
9|11|Las Pe?itas|4326|901726|1726|2026-09-29 02:50:00
9|13|San Lucas Xochimanca|4326|901727|1727|2026-09-29 02:50:00
9|9|Mecalca|4326|901728|1728|2026-09-29 02:50:00
9|9|Huicalco|4326|901729|1729|2026-09-29 02:50:00
9|9|Ocotitla|4326|901730|1730|2026-09-29 02:50:00
9|9|Zebadatla|4326|901731|1731|2026-09-29 02:50:00
9|9|Coximalipa|4326|901732|1732|2026-09-29 02:50:00
9|9|Tezumpa|4326|901733|1733|2026-09-29 02:50:00
9|13|Cuicuilco|4326|901734|1734|2026-09-29 02:50:00
9|12|Retornos Del Pedregal|4326|901735|1735|2026-09-29 02:50:00
9|12|Fuentes Del Pedregal|4326|901736|1736|2026-09-29 02:50:00
9|12|Pedregal|4326|901737|1737|2026-09-29 02:50:00
9|12|Rincon Del Pedregal|4326|901738|1738|2026-09-29 02:50:00
9|5|El Arbolillo|4326|901739|1739|2026-09-29 02:50:00
9|5|Ahuehuetes|4326|901740|1740|2026-09-29 02:50:00
9|5|Arboledas De Cuautepec|4326|901741|1741|2026-09-29 02:50:00
9|5|La Casilda|4326|901742|1742|2026-09-29 02:50:00
9|5|Del Bosque|4326|901743|1743|2026-09-29 02:50:00
9|5|Cuautepec De Madero|4326|901744|1744|2026-09-29 02:50:00
9|12|Residencial Insurgentes Sur Ii|4326|901745|1745|2026-09-29 02:50:00
9|12|Residencial Insurgentes Sur I|4326|901746|1746|2026-09-29 02:50:00
9|12|Real De La Monta?a|4326|901747|1747|2026-09-29 02:50:00
9|12|Jardines En La Monta?a|4326|901748|1748|2026-09-29 02:50:00
9|5|Parque Metropolitano|4326|901749|1749|2026-09-29 02:50:00
9|5|La Forestal 1|4326|901750|1750|2026-09-29 02:50:00
9|5|La Forestal 2|4326|901751|1751|2026-09-29 02:50:00
9|5|Juventino Rosas|4326|901752|1752|2026-09-29 02:50:00
9|5|La Forestal|4326|901753|1753|2026-09-29 02:50:00
9|5|San Miguel Cuautepec|4326|901754|1754|2026-09-29 02:50:00
9|5|San Antonio|4326|901755|1755|2026-09-29 02:50:00
9|5|Cuautepec El Alto|4326|901756|1756|2026-09-29 02:50:00
9|5|General Felipe Berriozabal|4326|901757|1757|2026-09-29 02:50:00
9|5|Valle De Madero|4326|901758|1758|2026-09-29 02:50:00
9|12|Arenal De Tepepan|4326|901759|1759|2026-09-29 02:50:00
9|12|Floresta Coyoacan|4326|901760|1760|2026-09-29 02:50:00
9|13|San Miguel Xicalco|4326|901761|1761|2026-09-29 02:50:00
9|12|Vergel Coapa|4326|901762|1762|2026-09-29 02:50:00
9|12|Lomas De Tepuente|4326|901763|1763|2026-09-29 02:50:00
9|12|Miramontes Acoxpa|4326|901764|1764|2026-09-29 02:50:00
9|12|Villa Del Sur|4326|901765|1765|2026-09-29 02:50:00
9|12|Gabriel Ramos Millan|4326|901766|1766|2026-09-29 02:50:00
9|12|Coapa 2a Seccion|4326|901767|1767|2026-09-29 02:50:00
9|12|3 De Mayo|4326|901768|1768|2026-09-29 02:50:00
9|12|Plan De Ayala|4326|901769|1769|2026-09-29 02:50:00
9|12|Granjas Coapa|4326|901770|1770|2026-09-29 02:50:00
9|12|Plan De Ayala|4326|901771|1771|2026-09-29 02:50:00
9|12|La Presa|4326|901772|1772|2026-09-29 02:50:00
9|12|Vistas Del Valle|4326|901773|1773|2026-09-29 02:50:00
9|12|La Palma|4326|901774|1774|2026-09-29 02:50:00
9|12|Progreso De Tlalpan|4326|901775|1775|2026-09-29 02:50:00
9|12|El Divisadero|4326|901776|1776|2026-09-29 02:50:00
9|12|Nuevo Renacimiento De Axalco|4326|901777|1777|2026-09-29 02:50:00
9|12|Cuevitas|4326|901778|1778|2026-09-29 02:50:00
9|12|Zacatienda|4326|901779|1779|2026-09-29 02:50:00
9|12|Tecorral|4326|901780|1780|2026-09-29 02:50:00
9|12|San Andres Totoltepec|4326|901781|1781|2026-09-29 02:50:00
9|12|Tlalmille|4326|901782|1782|2026-09-29 02:50:00
9|12|San Pedro Martir|4326|901783|1783|2026-09-29 02:50:00
9|12|Jardines Tlalpan|4326|901784|1784|2026-09-29 02:50:00
9|12|Diamantinos|4326|901785|1785|2026-09-29 02:50:00
9|12|Isssfam|4326|901786|1786|2026-09-29 02:50:00
9|12|Fovissste San Pedro Martir|4326|901787|1787|2026-09-29 02:50:00
9|12|Ejidos De San Pedro Martir|4326|901788|1788|2026-09-29 02:50:00
9|5|San Juan De Aragon|4326|901789|1789|2026-09-29 02:50:00
9|12|Sauzales Cebadales|4326|901790|1790|2026-09-29 02:50:00
9|12|Villa Del Puente Fovissste|4326|901791|1791|2026-09-29 02:50:00
9|12|Urbano Cuemanco|4326|901792|1792|2026-09-29 02:50:00
9|12|Ignacio Chavez|4326|901793|1793|2026-09-29 02:50:00
9|12|Hueso Periferico|4326|901794|1794|2026-09-29 02:50:00
9|12|Isssfam|4326|901795|1795|2026-09-29 02:50:00
9|12|Magisterial Coapa|4326|901796|1796|2026-09-29 02:50:00
9|12|Villa Cuemanco|4326|901797|1797|2026-09-29 02:50:00
9|12|Rinconada Coapa 1a Seccion|4326|901798|1798|2026-09-29 02:50:00
9|12|Ex Hacienda Coapa|4326|901799|1799|2026-09-29 02:50:00
9|12|Tres Fuentes|4326|901800|1800|2026-09-29 02:50:00
9|12|Real Del Sur|4326|901801|1801|2026-09-29 02:50:00
9|10|Belem De Las Flores|4326|901802|1802|2026-09-29 02:50:00
9|12|Prado Coapa 1a Seccion|4326|901803|1803|2026-09-29 02:50:00
9|12|Nueva Oriental Coapa|4326|901804|1804|2026-09-29 02:50:00
9|12|Ex Hacienda Coapa|4326|901805|1805|2026-09-29 02:50:00
9|10|Zenon Delgado|4326|901806|1806|2026-09-29 02:50:00
9|12|Villa Royale|4326|901807|1807|2026-09-29 02:50:00
9|12|Rincon Las Hadas|4326|901808|1808|2026-09-29 02:50:00
9|12|Villa Coapa|4326|901809|1809|2026-09-29 02:50:00
9|10|Santa Fe Belen|4326|901810|1810|2026-09-29 02:50:00
9|12|Jardines Coapa|4326|901811|1811|2026-09-29 02:50:00
9|12|Prado Coapa 2a Seccion|4326|901812|1812|2026-09-29 02:50:00
9|8|Infonavit|4326|901813|1813|2026-09-29 02:50:00
9|12|Prado Coapa 3a Seccion|4326|901814|1814|2026-09-29 02:50:00
9|10|La Palmita|4326|901815|1815|2026-09-29 02:50:00
9|12|Potrero Acoxpa|4326|901816|1816|2026-09-29 02:50:00
9|12|Ex Hacienda San Juan De Dios|4326|901817|1817|2026-09-29 02:50:00
9|8|La Malinche|4326|901818|1818|2026-09-29 02:50:00
9|12|San Blas I|4326|901819|1819|2026-09-29 02:50:00
9|12|Pedregal De Tepepan|4326|901820|1820|2026-09-29 02:50:00
9|10|Las Cuevitas|4326|901821|1821|2026-09-29 02:50:00
9|12|Juventud Unida|4326|901822|1822|2026-09-29 02:50:00
9|12|Del Mirador|4326|901823|1823|2026-09-29 02:50:00
9|12|Fuentes De Tepepan(la Tortuga Xolalpa)|4326|901824|1824|2026-09-29 02:50:00
9|10|Jalalpa Tepito 2a Ampl|4326|901825|1825|2026-09-29 02:50:00
9|12|Hco Colegio Militar San Pedro Martir|4326|901826|1826|2026-09-29 02:50:00
9|8|San Bartolo Ameyalco|4326|901827|1827|2026-09-29 02:50:00
9|8|El Tanque|4326|901828|1828|2026-09-29 02:50:00
9|8|Cuauhtemoc|4326|901829|1829|2026-09-29 02:50:00
9|8|Los Padres|4326|901830|1830|2026-09-29 02:50:00
9|8|Barros Sierra|4326|901831|1831|2026-09-29 02:50:00
9|8|Lomas Quebradas|4326|901832|1832|2026-09-29 02:50:00
9|8|San Francisco|4326|901833|1833|2026-09-29 02:50:00
9|8|San Francisco|4326|901834|1834|2026-09-29 02:50:00
9|8|La Cruz|4326|901835|1835|2026-09-29 02:50:00
9|8|Barranca Seca|4326|901836|1836|2026-09-29 02:50:00
9|8|La Magdalena|4326|901837|1837|2026-09-29 02:50:00
9|12|Ocotla|4326|901838|1838|2026-09-29 02:50:00
9|13|Justicia Social|4326|901839|1839|2026-09-29 02:50:00
9|12|Los Angeles|4326|901840|1840|2026-09-29 02:50:00
9|12|San Miguel Tehuisco|4326|901841|1841|2026-09-29 02:50:00
9|10|Tlayapaca|4326|901842|1842|2026-09-29 02:50:00
9|12|Ocotla Chico|4326|901843|1843|2026-09-29 02:50:00
9|12|Ahuacatitla|4326|901844|1844|2026-09-29 02:50:00
9|12|San Miguel Toxiac|4326|901845|1845|2026-09-29 02:50:00
9|12|Las Flores|4326|901846|1846|2026-09-29 02:50:00
9|12|Tezontitla|4326|901847|1847|2026-09-29 02:50:00
9|10|Corpus Christy 2o Reac|4326|901848|1848|2026-09-29 02:50:00
9|12|Pedregal De Aminco|4326|901849|1849|2026-09-29 02:50:00
9|12|Santa Cruz|4326|901850|1850|2026-09-29 02:50:00
9|12|Libertad|4326|901851|1851|2026-09-29 02:50:00
9|12|El Arenal Tlalhuecapa|4326|901852|1852|2026-09-29 02:50:00
9|13|Santa Maria Tepepan|4326|901853|1853|2026-09-29 02:50:00
9|13|San Bartolo El Chico|4326|901854|1854|2026-09-29 02:50:00
9|13|Bosque Residencial Del Sur|4326|901855|1855|2026-09-29 02:50:00
9|13|Bosque Residencial Del Sur|4326|901856|1856|2026-09-29 02:50:00
9|13|Aldama|4326|901857|1857|2026-09-29 02:50:00
9|13|Bosques Residencial Cipres|4326|901858|1858|2026-09-29 02:50:00
9|13|Potrero De La Noria|4326|901859|1859|2026-09-29 02:50:00
9|13|La Cebada|4326|901860|1860|2026-09-29 02:50:00
9|13|Arcos Del Sur|4326|901861|1861|2026-09-29 02:50:00
9|13|Arcos Del Sur|4326|901862|1862|2026-09-29 02:50:00
9|13|San Lorenzo La Cebada|4326|901863|1863|2026-09-29 02:50:00
9|13|Misiones De La Noria|4326|901864|1864|2026-09-29 02:50:00
9|12|Los Arcos|4326|901865|1865|2026-09-29 02:50:00
9|13|San Jose De Las Peritas|4326|901866|1866|2026-09-29 02:50:00
9|12|Ixtlahuaca|4326|901867|1867|2026-09-29 02:50:00
9|12|La Venta|4326|901868|1868|2026-09-29 02:50:00
9|12|La Venta|4326|901869|1869|2026-09-29 02:50:00
9|12|Jardines De San Juan|4326|901870|1870|2026-09-29 02:50:00
9|12|La Estacion|4326|901871|1871|2026-09-29 02:50:00
9|12|La Quinta|4326|901872|1872|2026-09-29 02:50:00
9|10|Ejido San Mateo|4326|901873|1873|2026-09-29 02:50:00
9|12|Rinconada|4326|901874|1874|2026-09-29 02:50:00
9|12|Tenorios Infonavit 1|4326|901875|1875|2026-09-29 02:50:00
9|12|Tenorios Infonavit 2|4326|901876|1876|2026-09-29 02:50:00
9|12|Tenorios Fovissste|4326|901877|1877|2026-09-29 02:50:00
9|12|Loteria Tenorios Fovissste|4326|901878|1878|2026-09-29 02:50:00
9|12|Agave|4326|901879|1879|2026-09-29 02:50:00
9|12|Movimiento Organizado De Tlalpan|4326|901880|1880|2026-09-29 02:50:00
9|12|Parres El Guarda|4326|901881|1881|2026-09-29 02:50:00
9|13|La Noria Poniente|4326|901882|1882|2026-09-29 02:50:00
9|13|Potrero De San Bernardino|4326|901883|1883|2026-09-29 02:50:00
9|13|Tierra Nueva|4326|901884|1884|2026-09-29 02:50:00
9|13|Huichapan|4326|901885|1885|2026-09-29 02:50:00
9|13|San Marcos|4326|901886|1886|2026-09-29 02:50:00
9|13|San Pedro|4326|901887|1887|2026-09-29 02:50:00
9|13|San Antonio|4326|901888|1888|2026-09-29 02:50:00
9|13|El Rosario|4326|901889|1889|2026-09-29 02:50:00
9|13|La Guadalupita|4326|901890|1890|2026-09-29 02:50:00
9|13|San Diego|4326|901891|1891|2026-09-29 02:50:00
9|13|Rinconada Del Sur|4326|901892|1892|2026-09-29 02:50:00
9|13|Residencial Santiago|4326|901893|1893|2026-09-29 02:50:00
9|13|Anahuac|4326|901894|1894|2026-09-29 02:50:00
9|13|18|4326|901895|1895|2026-09-29 02:50:00
9|13|Amalacachico|4326|901896|1896|2026-09-29 02:50:00
9|13|Toltenco|4326|901897|1897|2026-09-29 02:50:00
9|13|El Ranchito|4326|901898|1898|2026-09-29 02:50:00
9|13|Laguna Del Toro|4326|901899|1899|2026-09-29 02:50:00
9|13|Division Del Norte|4326|901900|1900|2026-09-29 02:50:00
9|13|La Galvia|4326|901901|1901|2026-09-29 02:50:00
9|13|Cantaros|4326|901902|1902|2026-09-29 02:50:00
9|13|Acueducto Xochimilco|4326|901903|1903|2026-09-29 02:50:00
9|13|Villa De La Noria|4326|901904|1904|2026-09-29 02:50:00
9|13|La Enramada|4326|901905|1905|2026-09-29 02:50:00
9|2|Del Gas|4326|901906|1906|2026-09-29 02:50:00
9|10|Lomas De Santa Fe|4326|901907|1907|2026-09-29 02:50:00
9|13|Villa Xochimilco|4326|901908|1908|2026-09-29 02:50:00
9|13|La Noria|4326|901909|1909|2026-09-29 02:50:00
9|13|La Noria Tepepan|4326|901910|1910|2026-09-29 02:50:00
9|13|El Mirador|4326|901911|1911|2026-09-29 02:50:00
9|13|San Blas 2|4326|901912|1912|2026-09-29 02:50:00
9|13|El Encanto|4326|901913|1913|2026-09-29 02:50:00
9|13|San Diego|4326|901914|1914|2026-09-29 02:50:00
9|13|Tepepan|4326|901915|1915|2026-09-29 02:50:00
9|13|San Pablo|4326|901916|1916|2026-09-29 02:50:00
9|13|Santa Cruz Xochitepec|4326|901917|1917|2026-09-29 02:50:00
9|13|La Concha|4326|901918|1918|2026-09-29 02:50:00
9|13|Moyocalco|4326|901919|1919|2026-09-29 02:50:00
9|13|Acoca|4326|901920|1920|2026-09-29 02:50:00
9|13|Hacienda San Pablo|4326|901921|1921|2026-09-29 02:50:00
9|13|Acueducto Siglo 21|4326|901922|1922|2026-09-29 02:50:00
9|13|Canal 11|4326|901923|1923|2026-09-29 02:50:00
9|13|Santiago Tepalcatlalpan|4326|901924|1924|2026-09-29 02:50:00
9|13|La Asuncion|4326|901925|1925|2026-09-29 02:50:00
9|13|La Concepcion Tlacoapa|4326|901926|1926|2026-09-29 02:50:00
9|13|San Juan|4326|901927|1927|2026-09-29 02:50:00
9|13|Santa Crucita|4326|901928|1928|2026-09-29 02:50:00
9|13|Belem|4326|901929|1929|2026-09-29 02:50:00
9|13|La Santisima|4326|901930|1930|2026-09-29 02:50:00
9|13|San Esteban|4326|901931|1931|2026-09-29 02:50:00
9|13|Santiago Chililico|4326|901932|1932|2026-09-29 02:50:00
9|13|Agatopan|4326|901933|1933|2026-09-29 02:50:00
9|13|San Cristobal|4326|901934|1934|2026-09-29 02:50:00
9|13|Atexcapa|4326|901935|1935|2026-09-29 02:50:00
9|13|Atlicolco|4326|901936|1936|2026-09-29 02:50:00
9|13|Xaltocan|4326|901937|1937|2026-09-29 02:50:00
9|13|Santa Rosa Chililico|4326|901938|1938|2026-09-29 02:50:00
9|13|Zacapa|4326|901939|1939|2026-09-29 02:50:00
9|13|Tiras De Zacapa|4326|901940|1940|2026-09-29 02:50:00
9|13|Cuauhtemoc|4326|901941|1941|2026-09-29 02:50:00
9|13|San Jeronimo|4326|901942|1942|2026-09-29 02:50:00
9|13|Xochipilli|4326|901943|1943|2026-09-29 02:50:00
9|13|A?o De Juarez|4326|901944|1944|2026-09-29 02:50:00
9|13|El Recodo De Caltongo|4326|901945|1945|2026-09-29 02:50:00
9|13|La Nopalera|4326|901946|1946|2026-09-29 02:50:00
9|13|La Gallera|4326|901947|1947|2026-09-29 02:50:00
9|13|Fuentes|4326|901948|1948|2026-09-29 02:50:00
9|13|Santa Cruz Acalpixca|4326|901949|1949|2026-09-29 02:50:00
9|13|San Juan Moyotepec|4326|901950|1950|2026-09-29 02:50:00
9|13|Las Cruces|4326|901951|1951|2026-09-29 02:50:00
9|13|Las Flores|4326|901952|1952|2026-09-29 02:50:00
9|13|San Juan Minas|4326|901953|1953|2026-09-29 02:50:00
9|13|San Miguel|4326|901954|1954|2026-09-29 02:50:00
9|13|Los Reyes|4326|901955|1955|2026-09-29 02:50:00
9|2|Villas Azcapotzalco|4326|901956|1956|2026-09-29 02:50:00
9|2|Pantaco|4326|901957|1957|2026-09-29 02:50:00
9|10|Carlos A Madrazo|4326|901958|1958|2026-09-29 02:50:00
9|13|Tulyehualco Centro|4326|901959|1959|2026-09-29 02:50:00
9|13|Los Cerrillos Los Angeles|4326|901960|1960|2026-09-29 02:50:00
9|13|San Felipe|4326|901961|1961|2026-09-29 02:50:00
9|13|A?o De Juarez|4326|901962|1962|2026-09-29 02:50:00
9|13|Los Cerrillos 3|4326|901963|1963|2026-09-29 02:50:00
9|13|San Francisco Chiquimola|4326|901964|1964|2026-09-29 02:50:00
9|13|Chichicaxtla|4326|901965|1965|2026-09-29 02:50:00
9|13|San Lorenzo|4326|901966|1966|2026-09-29 02:50:00
9|13|Tecacalanco|4326|901967|1967|2026-09-29 02:50:00
9|13|Lomas Tehuixtitla|4326|901968|1968|2026-09-29 02:50:00
9|13|Tepeyeca|4326|901969|1969|2026-09-29 02:50:00
9|13|San Jose Obrero|4326|901970|1970|2026-09-29 02:50:00
9|13|Arcada|4326|901971|1971|2026-09-29 02:50:00
9|13|Maiz|4326|901972|1972|2026-09-29 02:50:00
9|13|Redencion|4326|901973|1973|2026-09-29 02:50:00
9|13|Loreto Y Pe?a Pobre|4326|901974|1974|2026-09-29 02:50:00
9|13|Nativitas|4326|901975|1975|2026-09-29 02:50:00
9|13|Xochimilco|4326|901976|1976|2026-09-29 02:50:00
9|13|San Lorenzo Atemoaya 25|4326|901977|1977|2026-09-29 02:50:00
9|13|Manantiales|4326|901978|1978|2026-09-29 02:50:00
9|13|Dif|4326|901979|1979|2026-09-29 02:50:00
9|13|Joyas De Guadalupe|4326|901980|1980|2026-09-29 02:50:00
9|13|Guadalupe|4326|901981|1981|2026-09-29 02:50:00
9|13|El Cedral|4326|901982|1982|2026-09-29 02:50:00
9|13|Pedregal De San Francisco|4326|901983|1983|2026-09-29 02:50:00
9|13|Tepozanes|4326|901984|1984|2026-09-29 02:50:00
9|13|San Francisco Tlalnepantla|4326|901985|1985|2026-09-29 02:50:00
9|13|Tlaltepetla|4326|901986|1986|2026-09-29 02:50:00
9|13|Xaltongo|4326|901987|1987|2026-09-29 02:50:00
9|13|Santa Cruz Chavarrieta|4326|901988|1988|2026-09-29 02:50:00
9|10|Santa Fe|4326|901989|1989|2026-09-29 02:50:00
9|10|Arboledas Politoco|4326|901990|1990|2026-09-29 02:50:00
9|10|Acuilotla|4326|901991|1991|2026-09-29 02:50:00
9|10|Ampl Tepeaca|4326|901992|1992|2026-09-29 02:50:00
9|10|La Loma (la Loma Santa Fe)|4326|901993|1993|2026-09-29 02:50:00
9|4|Las Lajas|4326|901994|1994|2026-09-29 02:50:00
9|4|San Mateo Tlaltenango|4326|901995|1995|2026-09-29 02:50:00
9|10|Santa Lucia|4326|901996|1996|2026-09-29 02:50:00
9|13|Lomas De Tonalco|4326|901997|1997|2026-09-29 02:50:00
9|13|San Lucas Xochimanca|4326|901998|1998|2026-09-29 02:50:00
9|13|Santa Maria Nativitas|4326|901999|1999|2026-09-29 02:50:00
9|13|Jazmin|4326|902000|2000|2026-09-29 02:50:00
9|13|San Lorenzo Atemoaya|4326|902001|2001|2026-09-29 02:50:00
9|13|Santa Ines|4326|902002|2002|2026-09-29 02:50:00
9|13|2a Seccion Del Mirador|4326|902003|2003|2026-09-29 02:50:00
9|13|Quirino Mendoza|4326|902004|2004|2026-09-29 02:50:00
9|13|San Andres Ahuayucan|4326|902005|2005|2026-09-29 02:50:00
9|13|Tepuentitla|4326|902006|2006|2026-09-29 02:50:00
9|13|San Isidro|4326|902007|2007|2026-09-29 02:50:00
9|13|Tlachiultepec|4326|902008|2008|2026-09-29 02:50:00
9|13|Malvinas Segundo|4326|902009|2009|2026-09-29 02:50:00
9|13|Malvinas Primero|4326|902010|2010|2026-09-29 02:50:00
9|13|Cuartostitla|4326|902011|2011|2026-09-29 02:50:00
9|13|Tehuistitla|4326|902012|2012|2026-09-29 02:50:00
9|13|Olluca|4326|902013|2013|2026-09-29 02:50:00
9|13|Nueva Tototitla|4326|902014|2014|2026-09-29 02:50:00
9|13|Los Cipreses Tototitla 1a Seccion|4326|902015|2015|2026-09-29 02:50:00
9|13|Los Pinos|4326|902016|2016|2026-09-29 02:50:00
9|13|Tejomulco El Alto|4326|902017|2017|2026-09-29 02:50:00
9|13|Alcanfores|4326|902018|2018|2026-09-29 02:50:00
9|13|La Pe?a|4326|902019|2019|2026-09-29 02:50:00
9|13|La Pe?ita|4326|902020|2020|2026-09-29 02:50:00
9|13|San Lorenzo Los Olivos|4326|902021|2021|2026-09-29 02:50:00
9|13|Joya De Vargas|4326|902022|2022|2026-09-29 02:50:00
9|13|El Capulin|4326|902023|2023|2026-09-29 02:50:00
9|13|Xocotitla|4326|902024|2024|2026-09-29 02:50:00
9|13|Cerro Grande|4326|902025|2025|2026-09-29 02:50:00
9|13|Piedras Anchas|4326|902026|2026|2026-09-29 02:50:00
9|13|Tetlapanoya|4326|902027|2027|2026-09-29 02:50:00
9|13|San Jose Zacatepec|4326|902028|2028|2026-09-29 02:50:00
9|13|Duraznotitla|4326|902029|2029|2026-09-29 02:50:00
9|13|Tepexomulco El Bajo|4326|902030|2030|2026-09-29 02:50:00
9|13|Tepexomulco El Alto|4326|902031|2031|2026-09-29 02:50:00
9|13|El Arenal|4326|902032|2032|2026-09-29 02:50:00
9|13|Tlahuistitla|4326|902033|2033|2026-09-29 02:50:00
9|13|Santiaguito Xochitenco 1|4326|902034|2034|2026-09-29 02:50:00
9|13|San Mateo Xalpa|4326|902035|2035|2026-09-29 02:50:00
9|13|Xochitenco|4326|902036|2036|2026-09-29 02:50:00
9|13|Zomaco|4326|902037|2037|2026-09-29 02:50:00
9|12|Valle Verde|4326|902038|2038|2026-09-29 02:50:00
9|12|La Magueyera|4326|902039|2039|2026-09-29 02:50:00
9|12|El Diamante|4326|902040|2040|2026-09-29 02:50:00
9|12|Dolores Tlali|4326|902041|2041|2026-09-29 02:50:00
9|13|Alquiciras|4326|902042|2042|2026-09-29 02:50:00
9|13|Tlaxopan|4326|902043|2043|2026-09-29 02:50:00
9|4|Cruz Blanca|4326|902044|2044|2026-09-29 02:50:00
9|4|Las Maromas|4326|902045|2045|2026-09-29 02:50:00
9|4|1 De Mayo|4326|902046|2046|2026-09-29 02:50:00
9|4|San Lorenzo Acopilco|4326|902047|2047|2026-09-29 02:50:00
9|4|La Venta|4326|902048|2048|2026-09-29 02:50:00
9|4|Loma Del Ocote|4326|902049|2049|2026-09-29 02:50:00
9|4|El Molinito|4326|902050|2050|2026-09-29 02:50:00
9|4|Memetla|4326|902051|2051|2026-09-29 02:50:00
9|4|Lomas De Memetla|4326|902052|2052|2026-09-29 02:50:00
9|4|El Yaqui|4326|902053|2053|2026-09-29 02:50:00
9|10|Santa Fe|4326|902054|2054|2026-09-29 02:50:00
9|4|Jardines De La Palma (huizachito)|4326|902055|2055|2026-09-29 02:50:00
9|4|Lomas De Vista Hermosa|4326|902056|2056|2026-09-29 02:50:00
9|4|El Ebano|4326|902057|2057|2026-09-29 02:50:00
9|4|Retama(huixquilucan)|4326|902058|2058|2026-09-29 02:50:00
9|4|Colorines Iv|4326|902059|2059|2026-09-29 02:50:00
9|4|Tepetongo|4326|902060|2060|2026-09-29 02:50:00
9|4|Ahuatenco|4326|902061|2061|2026-09-29 02:50:00
9|4|Amado Nervo|4326|902062|2062|2026-09-29 02:50:00
9|4|Manzanastitla|4326|902063|2063|2026-09-29 02:50:00
9|4|Adolfo Lopez Mateos|4326|902064|2064|2026-09-29 02:50:00
9|4|El Contadero|4326|902065|2065|2026-09-29 02:50:00
9|4|San Pablo Chimalpa|4326|902066|2066|2026-09-29 02:50:00
9|11|Buena Suerte 228|4326|902067|2067|2026-09-29 02:50:00
9|11|Buena Suerte 244|4326|902068|2068|2026-09-29 02:50:00
9|4|Puerto Las Cruces|4326|902069|2069|2026-09-29 02:50:00
9|4|Zona Fed|4326|902070|2070|2026-09-29 02:50:00
9|4|El Tianguillo|4326|902071|2071|2026-09-29 02:50:00
9|5|Residencial Niza|4326|902072|2072|2026-09-29 02:50:00
9|10|San Javier|4326|902073|2073|2026-09-29 02:50:00
9|4|Navidad (granjas De Navidad)|4326|902074|2074|2026-09-29 02:50:00
9|11|Zapotitla|4326|902075|2075|2026-09-29 02:50:00
9|9|Tenantitla|4326|902076|2076|2026-09-29 02:50:00
9|9|Cruztitla|4326|902077|2077|2026-09-29 02:50:00
9|9|San Pedro Actopan|4326|902078|2078|2026-09-29 02:50:00
9|9|Nushtla|4326|902079|2079|2026-09-29 02:50:00
9|11|Agricola Metropolitana|4326|902080|2080|2026-09-29 02:50:00
9|11|Miguel Hidalgo|4326|902081|2081|2026-09-29 02:50:00
9|7|El Molino|4326|902082|2082|2026-09-29 02:50:00
9|11|Del Mar Norte|4326|902083|2083|2026-09-29 02:50:00
9|11|La Nopalera|4326|902084|2084|2026-09-29 02:50:00
9|11|La Turba|4326|902085|2085|2026-09-29 02:50:00
9|9|San Francisco Tecoxpa|4326|902086|2086|2026-09-29 02:50:00
9|12|Rincon Tlalpan|4326|902087|2087|2026-09-29 02:50:00
9|12|Hacienda San Juan|4326|902088|2088|2026-09-29 02:50:00
9|12|Amsa|4326|902089|2089|2026-09-29 02:50:00
9|13|Tecoloxtitla|4326|902090|2090|2026-09-29 02:50:00
9|13|El Carmen|4326|902091|2091|2026-09-29 02:50:00
9|12|Temascalillo|4326|902092|2092|2026-09-29 02:50:00
9|17|Revolucion|4326|902093|2093|2026-09-29 02:50:00
9|17|Azteca|4326|902094|2094|2026-09-29 02:50:00
9|9|San Bartolome Xicomulco|4326|902095|2095|2026-09-29 02:50:00
9|10|Las Aguilas|4326|902096|2096|2026-09-29 02:50:00
9|8|Rincon De Tlacuilotitla|4326|902097|2097|2026-09-29 02:50:00
9|13|La Ca?ada|4326|902098|2098|2026-09-29 02:50:00
9|13|Guadalupe|4326|902099|2099|2026-09-29 02:50:00
9|8|Gavillero|4326|902100|2100|2026-09-29 02:50:00
9|13|San Juan De Los Lagos (pepelaxtla)|4326|902101|2101|2026-09-29 02:50:00
9|5|Torres De San Juan 1b|4326|902102|2102|2026-09-29 02:50:00
9|12|El Fresno|4326|902103|2103|2026-09-29 02:50:00
9|16|Lomas Virreyes|4326|902104|2104|2026-09-29 02:50:00
9|5|Sierravista|4326|902105|2105|2026-09-29 02:50:00
9|10|Canutillo|4326|902106|2106|2026-09-29 02:50:00
9|10|Privada Centenario|4326|902107|2107|2026-09-29 02:50:00
9|10|Colinas Del Sur|4326|902108|2108|2026-09-29 02:50:00
9|16|Bosque De Chapultepec Iii|4326|902109|2109|2026-09-29 02:50:00
9|10|Villa Verdun|4326|902110|2110|2026-09-29 02:50:00
9|10|Lomas De Axomiatla|4326|902111|2111|2026-09-29 02:50:00
9|10|Bosques De Tarango|4326|902112|2112|2026-09-29 02:50:00
9|10|Tlacuitlapa|4326|902113|2113|2026-09-29 02:50:00
9|10|Tlacuitlapa|4326|902114|2114|2026-09-29 02:50:00
9|10|2do Reacomodo Tlacuitlapa|4326|902115|2115|2026-09-29 02:50:00
9|10|Juristas|4326|902116|2116|2026-09-29 02:50:00
9|10|Puerta Grande|4326|902117|2117|2026-09-29 02:50:00
9|10|Lomas De Puerta Grande|4326|902118|2118|2026-09-29 02:50:00
9|10|Heron Proal|4326|902119|2119|2026-09-29 02:50:00
9|10|Real De Tarango|4326|902120|2120|2026-09-29 02:50:00
9|10|Hda De Tarango|4326|902121|2121|2026-09-29 02:50:00
9|10|Misiones De Tarango|4326|902122|2122|2026-09-29 02:50:00
9|10|Caserio Tarango|4326|902123|2123|2026-09-29 02:50:00
9|10|Oikos De Tarango|4326|902124|2124|2026-09-29 02:50:00
9|10|De Tarango|4326|902125|2125|2026-09-29 02:50:00
9|10|Lomas De Centenario|4326|902126|2126|2026-09-29 02:50:00
9|10|Piloto (a L Mateos)|4326|902127|2127|2026-09-29 02:50:00
9|10|Garcimarrero|4326|902128|2128|2026-09-29 02:50:00
9|10|La Ara?a|4326|902129|2129|2026-09-29 02:50:00
9|10|Estado De Hidalgo|4326|902130|2130|2026-09-29 02:50:00
9|10|Universal San Lorenzo|4326|902131|2131|2026-09-29 02:50:00
9|10|19 De Mayo|4326|902132|2132|2026-09-29 02:50:00
9|10|Sta Lucia-reac|4326|902133|2133|2026-09-29 02:50:00
9|10|Corpus Christy|4326|902134|2134|2026-09-29 02:50:00
9|10|Valentin Gomez Farias|4326|902135|2135|2026-09-29 02:50:00
9|10|Tepeaca|4326|902136|2136|2026-09-29 02:50:00
9|10|Rinconada Las Cuevitas (prados La Providencia)|4326|902137|2137|2026-09-29 02:50:00
9|10|Emancipacion Del Pueblo|4326|902138|2138|2026-09-29 02:50:00
9|10|Punta De Cehuayo|4326|902139|2139|2026-09-29 02:50:00
9|10|Balcones De Cehuayo|4326|902140|2140|2026-09-29 02:50:00
9|10|Llano Redondo|4326|902141|2141|2026-09-29 02:50:00
9|10|Cehuayo|4326|902142|2142|2026-09-29 02:50:00
9|10|Col Cooperativa Cehuayo|4326|902143|2143|2026-09-29 02:50:00
9|10|Dos Rios|4326|902144|2144|2026-09-29 02:50:00
9|10|Atlamaxac|4326|902145|2145|2026-09-29 02:50:00
9|10|Bosques De Tarango|4326|902146|2146|2026-09-29 02:50:00
9|4|Granjas Palo Alto|4326|902147|2147|2026-09-29 02:50:00
9|4|Lomas Del Chamizal|4326|902148|2148|2026-09-29 02:50:00
9|10|San Gabriel|4326|902149|2149|2026-09-29 02:50:00
9|4|Lomas De Vista Hermosa|4326|902150|2150|2026-09-29 02:50:00
9|4|Xalpa|4326|902151|2151|2026-09-29 02:50:00
9|4|La Pila|4326|902152|2152|2026-09-29 02:50:00
9|4|Cruz Blanca|4326|902153|2153|2026-09-29 02:50:00
9|5|Francisco Moreno|4326|902154|2154|2026-09-29 02:50:00
9|11|Patria Nueva|4326|902155|2155|2026-09-29 02:50:00
9|4|Bosques De Las Lomas|4326|902156|2156|2026-09-29 02:50:00
9|5|Joyas De Vallejo|4326|902157|2157|2026-09-29 02:50:00
9|10|Union Olivos|4326|902158|2158|2026-09-29 02:50:00
9|10|Tepopotla|4326|902159|2159|2026-09-29 02:50:00
9|10|Garcimarrero Norte|4326|902160|2160|2026-09-29 02:50:00
9|10|Estado De Hidalgo|4326|902161|2161|2026-09-29 02:50:00
9|13|Herradura De Huitepec|4326|902162|2162|2026-09-29 02:50:00
9|10|Estrella|4326|902163|2163|2026-09-29 02:50:00
9|2|La Providencia|4326|902164|2164|2026-09-29 02:50:00
9|7|Progresista|4326|902165|2165|2026-09-29 02:50:00
9|5|San Juan Iii|4326|902166|2166|2026-09-29 02:50:00
9|5|Jorge Obispo Hernandez|4326|902167|2167|2026-09-29 02:50:00
9|5|20 De Noviembre|4326|902168|2168|2026-09-29 02:50:00
9|15|Roma Norte|4326|902169|2169|2026-09-29 02:50:00
9|10|Tlacoyaque|4326|902170|2170|2026-09-29 02:50:00
9|10|Ampl Tlacoyaque|4326|902171|2171|2026-09-29 02:50:00
9|3|San Juan|4326|902172|2172|2026-09-29 02:50:00
9|3|Rinconada De Los Reyes|4326|902173|2173|2026-09-29 02:50:00
9|12|La Cima Pedregal|4326|902174|2174|2026-09-29 02:50:00
9|12|Ahuayoto|4326|902175|2175|2026-09-29 02:50:00
9|12|Arcoiris|4326|902176|2176|2026-09-29 02:50:00
9|3|Alianza Popular Revolucionaria|4326|902177|2177|2026-09-29 02:50:00
9|5|Torres De Quiroga O El Vasco|4326|902178|2178|2026-09-29 02:50:00
9|10|Uvac|4326|902179|2179|2026-09-29 02:50:00
9|5|Arboledas De Cuautepec|4326|902180|2180|2026-09-29 02:50:00
9|5|Parque Nacional(forestal 3)|4326|902181|2181|2026-09-29 02:50:00
9|5|15 De Septiembre(la Lengueta)|4326|902182|2182|2026-09-29 02:50:00
9|5|Veronica Castro|4326|902183|2183|2026-09-29 02:50:00
9|5|Cocoyotes|4326|902184|2184|2026-09-29 02:50:00
9|11|Tempiluli|4326|902185|2185|2026-09-29 02:50:00
9|13|Pichocoxpa|4326|902186|2186|2026-09-29 02:50:00
9|13|Caltongo|4326|902187|2187|2026-09-29 02:50:00
9|11|Los 500 Metros (ejidal Sierra Santa Catarina)|4326|902188|2188|2026-09-29 02:50:00
9|12|Vista Hermosa|4326|902189|2189|2026-09-29 02:50:00
9|12|Lomas De Texcalatlaco|4326|902190|2190|2026-09-29 02:50:00
9|10|Santa Lucia|4326|902191|2191|2026-09-29 02:50:00
9|12|Viveros De Coactetlan 2a Secc|4326|902192|2192|2026-09-29 02:50:00
9|12|Devisadero|4326|902193|2193|2026-09-29 02:50:00
9|12|La Palma 2a|4326|902194|2194|2026-09-29 02:50:00
9|13|Ayecatl|4326|902195|2195|2026-09-29 02:50:00
9|7|Polvorilla|4326|902196|2196|2026-09-29 02:50:00
9|10|Jose Maria Pino Suarez|4326|902197|2197|2026-09-29 02:50:00
9|10|Bellavista|4326|902198|2198|2026-09-29 02:50:00
9|4|Santa Fe Cuajimalpa|4326|902199|2199|2026-09-29 02:50:00
9|4|Cruz Manca|4326|902200|2200|2026-09-29 02:50:00
9|5|Ferrocarrilera Insurgentes|4326|902201|2201|2026-09-29 02:50:00
9|5|Ctm Atzacoalco|4326|902202|2202|2026-09-29 02:50:00
9|5|Santiago Atzacoalco|4326|902203|2203|2026-09-29 02:50:00
9|5|Vasco De Quiroga|4326|902204|2204|2026-09-29 02:50:00
9|5|Del Obrero|4326|902205|2205|2026-09-29 02:50:00
9|5|Nueva Atzacoalco|4326|902206|2206|2026-09-29 02:50:00
9|5|Salvador Diaz Miron|4326|902207|2207|2026-09-29 02:50:00
9|5|Constitucion De La Republica|4326|902208|2208|2026-09-29 02:50:00
9|5|Aragon La Villa|4326|902209|2209|2026-09-29 02:50:00
9|5|Dm Nacional|4326|902210|2210|2026-09-29 02:50:00
9|5|San Pedro El Chico|4326|902211|2211|2026-09-29 02:50:00
9|5|Jose Maria Morelos Y Pavon Ii|4326|902212|2212|2026-09-29 02:50:00
9|5|Granjas Modernas|4326|902213|2213|2026-09-29 02:50:00
9|7|F P F V (predio El Molino)|4326|902214|2214|2026-09-29 02:50:00
9|4|Provincial Vista Hermosa|4326|902215|2215|2026-09-29 02:50:00
9|4|Royal Reforma|4326|902216|2216|2026-09-29 02:50:00
9|4|Secoyas|4326|902217|2217|2026-09-29 02:50:00
9|4|Piracantos|4326|902218|2218|2026-09-29 02:50:00
9|4|Encinos|4326|902219|2219|2026-09-29 02:50:00
9|4|Laureles|4326|902220|2220|2026-09-29 02:50:00
9|4|Nochebuena|4326|902221|2221|2026-09-29 02:50:00
9|11|Buena Suerte 269|4326|902222|2222|2026-09-29 02:50:00
9|11|Rinconada  Arboledas|4326|902223|2223|2026-09-29 02:50:00
9|12|Estrella Mora|4326|902224|2224|2026-09-29 02:50:00
9|12|Achichipisco|4326|902225|2225|2026-09-29 02:50:00
9|17|5to Tramo 20 De Noviembre|4326|902226|2226|2026-09-29 02:50:00
9|10|Tetlalpan|4326|902227|2227|2026-09-29 02:50:00
9|10|Milpa Del Cedro|4326|902228|2228|2026-09-29 02:50:00
9|10|Cedro Chico|4326|902229|2229|2026-09-29 02:50:00
9|13|Valle Verde|4326|902230|2230|2026-09-29 02:50:00
9|12|San Miguel Xicalco|4326|902231|2231|2026-09-29 02:50:00
9|11|Gallo De Oro 82|4326|902232|2232|2026-09-29 02:50:00
9|12|Ayometitla|4326|902233|2233|2026-09-29 02:50:00
9|10|2da Ampl El Pirul|4326|902234|2234|2026-09-29 02:50:00
9|10|La Huerta|4326|902235|2235|2026-09-29 02:50:00
9|10|El Arbol|4326|902236|2236|2026-09-29 02:50:00
9|10|Ladera Grande O La Cebadita|4326|902237|2237|2026-09-29 02:50:00
9|10|Campo De Tiro Los Gamitos|4326|902238|2238|2026-09-29 02:50:00
9|12|U Hab Hueytlalpan|4326|902239|2239|2026-09-29 02:50:00
9|10|Los Gamitos|4326|902240|2240|2026-09-29 02:50:00
9|12|Calvario|4326|902241|2241|2026-09-29 02:50:00
9|7|Leyes De Reforma 1ra Seccion|4326|902242|2242|2026-09-29 02:50:00
9|10|El Cuernito|4326|902243|2243|2026-09-29 02:50:00
9|10|El Arbol|4326|902244|2244|2026-09-29 02:50:00
9|10|La Cebada|4326|902245|2245|2026-09-29 02:50:00
9|10|Liberacion Proletaria|4326|902246|2246|2026-09-29 02:50:00
9|7|Ce Cualli Ohtli|4326|902247|2247|2026-09-29 02:50:00
9|7|Tlanezi  Calli|4326|902248|2248|2026-09-29 02:50:00
9|10|Villa Progresista|4326|902249|2249|2026-09-29 02:50:00
9|10|Ave Real|4326|902250|2250|2026-09-29 02:50:00
9|10|Unidad Popular Tepeaca|4326|902251|2251|2026-09-29 02:50:00
9|11|Porvenir 254|4326|902252|2252|2026-09-29 02:50:00
9|10|La Cebada|4326|902253|2253|2026-09-29 02:50:00
9|10|La Ca?ada 2da Seccion|4326|902254|2254|2026-09-29 02:50:00
9|10|La Ca?ada|4326|902255|2255|2026-09-29 02:50:00
9|3|Villa San Francisco|4326|902256|2256|2026-09-29 02:50:00
9|3|Villas Del Iman|4326|902257|2257|2026-09-29 02:50:00
9|17|Jardin Balbuena|4326|902258|2258|2026-09-29 02:50:00
9|17|Kennedy|4326|902259|2259|2026-09-29 02:50:00
9|4|Vasco De Quiroga|4326|902260|2260|2026-09-29 02:50:00
9|4|Giralta|4326|902261|2261|2026-09-29 02:50:00
9|4|Villas De La Ca?ada|4326|902262|2262|2026-09-29 02:50:00
9|4|Santa Fe I|4326|902263|2263|2026-09-29 02:50:00
9|4|Santa Fe Ii|4326|902264|2264|2026-09-29 02:50:00
9|4|Torre Alta|4326|902265|2265|2026-09-29 02:50:00
9|10|Lomas De Tarango Ii|4326|902266|2266|2026-09-29 02:50:00
9|7|Benito Juarez|4326|902267|2267|2026-09-29 02:50:00
9|7|Bellavista|4326|902268|2268|2026-09-29 02:50:00
9|16|Argentina Poniente|4326|902269|2269|2026-09-29 02:50:00
9|12|El Cedral|4326|902270|2270|2026-09-29 02:50:00
9|12|El Cerrito|4326|902271|2271|2026-09-29 02:50:00
9|4|Cumbres De Santa Fe|4326|902272|2272|2026-09-29 02:50:00
9|5|Malintzin|4326|902273|2273|2026-09-29 02:50:00
9|5|Vistas De Acueducto|4326|902274|2274|2026-09-29 02:50:00
9|5|Capultitlan|4326|902275|2275|2026-09-29 02:50:00
9|10|El Piru Santa Lucia|4326|902276|2276|2026-09-29 02:50:00
9|10|Ampl Los Pirules|4326|902277|2277|2026-09-29 02:50:00
9|12|Loloigque|4326|902278|2278|2026-09-29 02:50:00
9|12|Llano La Faja|4326|902279|2279|2026-09-29 02:50:00
9|12|Venta La Joya|4326|902280|2280|2026-09-29 02:50:00
9|12|La Magueyera|4326|902281|2281|2026-09-29 02:50:00
9|10|Arturo Gamiz|4326|902282|2282|2026-09-29 02:50:00
9|12|Parres El Guarda|4326|902283|2283|2026-09-29 02:50:00
9|5|Sara|4326|902284|2284|2026-09-29 02:50:00
9|10|Parque San Antonio|4326|902285|2285|2026-09-29 02:50:00
9|5|Mexico Nuevo(100 Metros)|4326|902286|2286|2026-09-29 02:50:00
9|7|Las Americas|4326|902287|2287|2026-09-29 02:50:00
9|7|Valle De San Lorenzo|4326|902288|2288|2026-09-29 02:50:00
9|10|Hogar Y Redencion|4326|902289|2289|2026-09-29 02:50:00
9|17|Michoacana|4326|902290|2290|2026-09-29 02:50:00
9|17|Michoacana|4326|902291|2291|2026-09-29 02:50:00
9|17|20 De Noviembre|4326|902292|2292|2026-09-29 02:50:00
9|17|20 De Noviembre|4326|902293|2293|2026-09-29 02:50:00
9|17|Venustiano Carranza|4326|902294|2294|2026-09-29 02:50:00
9|11|Tecpinco|4326|902295|2295|2026-09-29 02:50:00
9|14|Del Valle Sur|4326|902296|2296|2026-09-29 02:50:00
9|14|Del Valle Centro|4326|902297|2297|2026-09-29 02:50:00
9|7|Mexicaltzingo|4326|902298|2298|2026-09-29 02:50:00
9|17|Simon Bolivar|4326|902299|2299|2026-09-29 02:50:00
9|14|Narvarte Poniente|4326|902300|2300|2026-09-29 02:50:00
9|14|Narvarte Oriente|4326|902301|2301|2026-09-29 02:50:00
9|14|Portales Norte|4326|902302|2302|2026-09-29 02:50:00
9|3|Jardines Del Pedregal San Angel|4326|902303|2303|2026-09-29 02:50:00
9|11|Cda Paso (yugualite 8)|4326|902304|2304|2026-09-29 02:50:00
9|11|Quinta Don Ramon|4326|902305|2305|2026-09-29 02:50:00
9|12|El Oyamello|4326|902306|2306|2026-09-29 02:50:00
9|17|Penitenciaria|4326|902307|2307|2026-09-29 02:50:00
9|5|Terrazas Lindavista Residencial|4326|902308|2308|2026-09-29 02:50:00
9|5|Atzacoalco 1|4326|902309|2309|2026-09-29 02:50:00
9|13|Maria Fernanda|4326|902310|2310|2026-09-29 02:50:00
9|13|Los Arcos|4326|902311|2311|2026-09-29 02:50:00
9|13|La Noria|4326|902312|2312|2026-09-29 02:50:00
9|13|Valle De Tepepan|4326|902313|2313|2026-09-29 02:50:00
9|12|San Juan|4326|902314|2314|2026-09-29 02:50:00
9|8|Las Cruces|4326|902315|2315|2026-09-29 02:50:00
9|11|San Sebastian|4326|902316|2316|2026-09-29 02:50:00
9|11|San Isidro Tulyehualco|4326|902317|2317|2026-09-29 02:50:00
9|11|Cuitlahuac|4326|902318|2318|2026-09-29 02:50:00
9|13|Las Animas Tulyehualco|4326|902319|2319|2026-09-29 02:50:00
9|13|La Joyita|4326|902320|2320|2026-09-29 02:50:00
9|12|Altos Tepetlica|4326|902321|2321|2026-09-29 02:50:00
9|12|Tepetlica El Alto|4326|902322|2322|2026-09-29 02:50:00
9|12|Plan De Ayala|4326|902323|2323|2026-09-29 02:50:00
9|13|Justicia Social|4326|902324|2324|2026-09-29 02:50:00
9|13|Quirino Mendoza|4326|902325|2325|2026-09-29 02:50:00
9|13|San Luis Tlaxialtemalco|4326|902326|2326|2026-09-29 02:50:00
9|13|Santiaguito Tulyehualco Barrio Del Artista|4326|902327|2327|2026-09-29 02:50:00
9|11|Los Cerrillos 1|4326|902328|2328|2026-09-29 02:50:00
9|13|Tulyehualco Centro|4326|902329|2329|2026-09-29 02:50:00
9|13|Los Cerrillos Ii|4326|902330|2330|2026-09-29 02:50:00
9|13|San Gregorio Atlapulco|4326|902331|2331|2026-09-29 02:50:00
9|13|Altos Tepetlica|4326|902332|2332|2026-09-29 02:50:00
9|13|Tepetlica El Alto|4326|902333|2333|2026-09-29 02:50:00
9|13|Altos Tepetlica|4326|902334|2334|2026-09-29 02:50:00
9|12|La Joyita|4326|902335|2335|2026-09-29 02:50:00
9|11|San Luis Tlaxialtemalco|4326|902336|2336|2026-09-29 02:50:00
9|11|Quirino Mendoza|4326|902337|2337|2026-09-29 02:50:00
9|13|San Isidro Tulyehualco|4326|902338|2338|2026-09-29 02:50:00
9|11|Calyecac|4326|902339|2339|2026-09-29 02:50:00
9|13|Olivar Santa Maria|4326|902340|2340|2026-09-29 02:50:00
9|13|Los Cerrillos I|4326|902341|2341|2026-09-29 02:50:00
9|11|Olivar Santa Maria|4326|902342|2342|2026-09-29 02:50:00
9|13|Cristo Rey|4326|902343|2343|2026-09-29 02:50:00
9|10|Ampl Estado De Hidalgo|4326|902344|2344|2026-09-29 02:50:00
9|13|Tepipilli|4326|902345|2345|2026-09-29 02:50:00
9|10|Santa Lucia-predio El Corazon|4326|902346|2346|2026-09-29 02:50:00
9|11|Amado Nervo 156|4326|902347|2347|2026-09-29 02:50:00
9|13|Calyecac|4326|902348|2348|2026-09-29 02:50:00
9|4|Navidad|4326|902349|2349|2026-09-29 02:50:00
9|13|Villas Del Mediterraneo|4326|902350|2350|2026-09-29 02:50:00
9|13|Las Gargolas|4326|902351|2351|2026-09-29 02:50:00
9|13|Gardenias|4326|902352|2352|2026-09-29 02:50:00
9|13|Geranios|4326|902353|2353|2026-09-29 02:50:00
9|13|Villas De Xochimilco|4326|902354|2354|2026-09-29 02:50:00
9|13|Redencion 180|4326|902355|2355|2026-09-29 02:50:00
9|13|Redencion 190|4326|902356|2356|2026-09-29 02:50:00
9|13|Xochipilli|4326|902357|2357|2026-09-29 02:50:00
9|13|Panoramica|4326|902358|2358|2026-09-29 02:50:00
9|13|Jardines De La Noria|4326|902359|2359|2026-09-29 02:50:00
9|11|Magnolias|4326|902360|2360|2026-09-29 02:50:00
9|13|San Jeronimo|4326|902361|2361|2026-09-29 02:50:00
9|13|Xochitepec 15|4326|902362|2362|2026-09-29 02:50:00
9|13|Rinconada Tepepan|4326|902363|2363|2026-09-29 02:50:00
9|10|Canutillo Predio La Presa|4326|902364|2364|2026-09-29 02:50:00
9|3|San Mateo|4326|902365|2365|2026-09-29 02:50:00
9|10|Ampl Ave Real|4326|902366|2366|2026-09-29 02:50:00
9|7|Ampl Los Reyes|4326|902367|2367|2026-09-29 02:50:00
9|7|Arboledas|4326|902368|2368|2026-09-29 02:50:00
9|13|Nativitas La Joya|4326|902369|2369|2026-09-29 02:50:00
9|11|Jaime Torres Bodet|4326|902370|2370|2026-09-29 02:50:00
9|11|Porvenir 197 A|4326|902371|2371|2026-09-29 02:50:00
9|5|Rdcial Margarita Maza|4326|902372|2372|2026-09-29 02:50:00
9|2|Tres Lagos|4326|902373|2373|2026-09-29 02:50:00
9|11|San Rafael Atlixco 3348|4326|902374|2374|2026-09-29 02:50:00
9|11|Bodas De Figaro 82|4326|902375|2375|2026-09-29 02:50:00
9|11|Altamirano 198|4326|902376|2376|2026-09-29 02:50:00
9|11|Gitana 172|4326|902377|2377|2026-09-29 02:50:00
9|7|Conjunto Integrara Zaragoza Ii A|4326|902378|2378|2026-09-29 02:50:00
9|7|Integrara Zaragoza Ii B|4326|902379|2379|2026-09-29 02:50:00
9|5|Residencial Acueducto|4326|902380|2380|2026-09-29 02:50:00
9|7|Opalo|4326|902381|2381|2026-09-29 02:50:00
9|7|Opus Iii|4326|902382|2382|2026-09-29 02:50:00
9|7|La Torre|4326|902383|2383|2026-09-29 02:50:00
9|12|Piedra Suelta|4326|902384|2384|2026-09-29 02:50:00
9|11|San Jose|4326|902385|2385|2026-09-29 02:50:00
9|11|Los Reyes|4326|902386|2386|2026-09-29 02:50:00
9|11|San Bartolome|4326|902387|2387|2026-09-29 02:50:00
9|11|Santa Cruz|4326|902388|2388|2026-09-29 02:50:00
9|11|Privada De Tlahuac|4326|902389|2389|2026-09-29 02:50:00
9|12|Villa Coapa|4326|902390|2390|2026-09-29 02:50:00
9|11|Verdi|4326|902391|2391|2026-09-29 02:50:00
9|11|Santa Catarina|4326|902392|2392|2026-09-29 02:50:00
9|12|Club De Golf Mexico|4326|902393|2393|2026-09-29 02:50:00
9|11|La Loma|4326|902394|2394|2026-09-29 02:50:00
9|7|El Arbol|4326|902395|2395|2026-09-29 02:50:00
9|15|Bosque De Chapultepec I|4326|902396|2396|2026-09-29 02:50:00
9|15|San Miguel Chapultepec|4326|902397|2397|2026-09-29 02:50:00
9|4|Lomas De Santa Fe|4326|902398|2398|2026-09-29 02:50:00
9|8|Paraje El Caballito|4326|902399|2399|2026-09-29 02:50:00
9|10|Paraje El Caballito|4326|902400|2400|2026-09-29 02:50:00
9|8|Lomas De Capulin|4326|902401|2401|2026-09-29 02:50:00
9|10|Lomas De Capulin|4326|902402|2402|2026-09-29 02:50:00
9|10|Lomas De San Bernabe|4326|902403|2403|2026-09-29 02:50:00
9|8|Lomas De San Bernabe|4326|902404|2404|2026-09-29 02:50:00
9|10|Paseo De Las Lomas|4326|902405|2405|2026-09-29 02:50:00
9|5|Invi-cdmx|4326|902406|2406|2026-09-29 02:50:00
9|5|Luis Enrique Rodriguez Orozco|4326|902407|2407|2026-09-29 02:50:00
9|11|Predio Ayecotitla|4326|902409|2409|2026-09-29 02:50:00
9|15|Centro|4326|902410|2410|2026-09-29 02:50:00
9|5|Invi Ticoman|4326|902411|2411|2026-09-29 02:50:00
9|5|Potrero|4326|902412|2412|2026-09-29 02:50:00
9|2|Coltongo|4326|902413|2413|2026-09-29 02:50:00
9|7|Chinampas De Santa Maria Tomatlan|4326|902414|2414|2026-09-29 02:50:00
9|5|Montevideo|4326|902415|2415|2026-09-29 02:50:00
9|5|San Juan De Aragon|4326|902416|2416|2026-09-29 02:50:00
9|4|Jesus Del Monte|4326|902417|2417|2026-09-29 02:50:00
9|4|San Jose De Los Cedros|4326|902418|2418|2026-09-29 02:50:00
9|7|Cuitlahuac|4326|902419|2419|2026-09-29 02:50:00
9|10|Poder Popular|4326|902420|2420|2026-09-29 02:50:00
9|11|Puertantitla|4326|902421|2421|2026-09-29 02:50:00
9|7|Bellavista|4326|902422|2422|2026-09-29 02:50:00
9|7|Bilbao|4326|902423|2423|2026-09-29 02:50:00
9|13|San Sebastian|4326|902424|2424|2026-09-29 02:50:00
9|11|Los Cerrillos 2|4326|902425|2425|2026-09-29 02:50:00
9|7|Jose Ma Morelos Y Pavon|4326|902426|2426|2026-09-29 02:50:00
9|7|Marbella|4326|902427|2427|2026-09-29 02:50:00
9|13|San Juan Tepepan|4326|902428|2428|2026-09-29 02:50:00
9|15|Roma Sur|4326|902429|2429|2026-09-29 02:50:00
9|4|Lomas De Santa Fe|4326|902430|2430|2026-09-29 02:50:00
9|2|San Antonio|4326|902431|2431|2026-09-29 02:50:00
9|2|Tezozomoc|4326|902432|2432|2026-09-29 02:50:00
9|2|Santa Maria Malinalco|4326|902433|2433|2026-09-29 02:50:00
9|14|Mixcoac|4326|902434|2434|2026-09-29 02:50:00
9|14|San Jose Insurgentes|4326|902435|2435|2026-09-29 02:50:00
9|7|Jose Ma Morelos Y Pavon|4326|902436|2436|2026-09-29 02:50:00
9|7|La Joya|4326|902437|2437|2026-09-29 02:50:00
9|3|Country Club|4326|902438|2438|2026-09-29 02:50:00
9|8|Atacaxco|4326|902439|2439|2026-09-29 02:50:00
9|10|El Rincon|4326|902440|2440|2026-09-29 02:50:00
9|11|Margarita Moran Veliz|4326|902441|2441|2026-09-29 02:50:00
9|5|Torres De San Agustin|4326|902442|2442|2026-09-29 02:50:00
9|5|Asociacion De Vecinos De Martin Carrera|4326|902443|2443|2026-09-29 02:50:00
9|10|Predio Tierra Nueva|4326|902444|2444|2026-09-29 02:50:00
9|5|Santa Maria Ticoman|4326|902445|2445|2026-09-29 02:50:00
9|10|Union Popular Francisco Villa|4326|902446|2446|2026-09-29 02:50:00
9|10|Exhacienda De Tarango|4326|902447|2447|2026-09-29 02:50:00
9|10|Las Aguilas 2do Parque|4326|902448|2448|2026-09-29 02:50:00
9|10|Membrillo Santa Lucia|4326|902449|2449|2026-09-29 02:50:00
9|4|Santa Rosa Xochiac|4326|902450|2450|2026-09-29 02:50:00
9|10|Santa Rosa Xochiac|4326|902451|2451|2026-09-29 02:50:00
9|4|Las Tinajas|4326|902452|2452|2026-09-29 02:50:00
9|5|Unidad Habitacional Arcos De Aragon|4326|902453|2453|2026-09-29 02:50:00
9|7|Rotaria|4326|902454|2454|2026-09-29 02:50:00
9|6|Agricola Pantitlan(pantitlan)|4326|902455|2455|2026-09-29 02:50:00
9|13|Aztlan Los Apaches|4326|902456|2456|2026-09-29 02:50:00
9|10|Santa Fe Pe?a Blanca|4326|902457|2457|2026-09-29 02:50:00
9|13|San Marcos|4326|902458|2458|2026-09-29 02:50:00
9|13|Zacapa 2|4326|902459|2459|2026-09-29 02:50:00
9|11|Porvenir 197|4326|902460|2460|2026-09-29 02:50:00
9|11|Flauta Magica 180|4326|902461|2461|2026-09-29 02:50:00
9|11|San Nicolas Tetelco|4326|902462|2462|2026-09-29 02:50:00
9|7|Gama Gavilan|4326|902463|2463|2026-09-29 02:50:00
9|7|San Jose|4326|902464|2464|2026-09-29 02:50:00
9|7|Gavilan Ii|4326|902465|2465|2026-09-29 02:50:00
9|7|Gavilan I|4326|902466|2466|2026-09-29 02:50:00
9|13|Santa Cecilia Tepetlapa|4326|902467|2467|2026-09-29 02:50:00
9|7|Voceadores|4326|902468|2468|2026-09-29 02:50:00
9|7|Guelatao De Juarez I|4326|902469|2469|2026-09-29 02:50:00
9|7|Guelatao De Juarez Ii|4326|902470|2470|2026-09-29 02:50:00
9|7|Ejercito Constitucionalista Ii|4326|902471|2471|2026-09-29 02:50:00
9|4|Predio La Ca?adita De Vista Hermosa|4326|902472|2472|2026-09-29 02:50:00
9|11|Bodas De Figaro 70|4326|902473|2473|2026-09-29 02:50:00
9|11|Reserva Del Sur|4326|902474|2474|2026-09-29 02:50:00
9|7|Arco Iris|4326|902475|2475|2026-09-29 02:50:00
9|12|Tlalpuente|4326|902476|2476|2026-09-29 02:50:00
9|12|San Miguel Ajusco|4326|902477|2477|2026-09-29 02:50:00
9|11|Tequisquipa|4326|902478|2478|2026-09-29 02:50:00
9|11|Potrero El Grande|4326|902479|2479|2026-09-29 02:50:00
9|7|Xopa|4326|902480|2480|2026-09-29 02:50:00
9|7|Ejercito Constitucionalista|4326|902481|2481|2026-09-29 02:50:00
9|10|Rincon De Centenario|4326|902482|2482|2026-09-29 02:50:00
9|3|Los Robles|4326|902483|2483|2026-09-29 02:50:00
9|12|Pedregal Del Lago|4326|902484|2484|2026-09-29 02:50:00
9|11|Olivar Santa Maria|4326|902485|2485|2026-09-29 02:50:00
9|15|Galaxia Manuel Gonzalez|4326|902486|2486|2026-09-29 02:50:00
9|10|1er Parque Las Aguilas|4326|902487|2487|2026-09-29 02:50:00
9|5|Familiar Ticoman I|4326|902488|2488|2026-09-29 02:50:00
9|5|Golondrinas|4326|902489|2489|2026-09-29 02:50:00
9|10|2 De Octubre|4326|902490|2490|2026-09-29 02:50:00
9|7|San Jose|4326|902491|2491|2026-09-29 02:50:00
9|7|Ampliacion San Miguel|4326|902492|2492|2026-09-29 02:50:00
9|7|Estrella Del Sur|4326|902493|2493|2026-09-29 02:50:00
9|7|Eva Samano De Lopez Mateos|4326|902494|2494|2026-09-29 02:50:00
9|7|Albarrada|4326|902495|2495|2026-09-29 02:50:00
9|10|Santa Fe Centro Ciudad|4326|902496|2496|2026-09-29 02:50:00
9|7|Campestre Potrero (predio Cuapiaxco)|4326|902497|2497|2026-09-29 02:50:00
9|7|Predio Degollado|4326|902498|2498|2026-09-29 02:50:00
9|11|Santa Martha|4326|902499|2499|2026-09-29 02:50:00
9|11|Diaz Miron 108|4326|902500|2500|2026-09-29 02:50:00
9|11|Amado Nervo No63|4326|902501|2501|2026-09-29 02:50:00
9|11|Amado Nervo I|4326|902502|2502|2026-09-29 02:50:00
9|7|San Jose Buenavista|4326|902503|2503|2026-09-29 02:50:00
9|7|Parajes Buenavista (tetecon)|4326|902504|2504|2026-09-29 02:50:00
9|11|Zapotitla Tlahuac Ll|4326|902505|2505|2026-09-29 02:50:00
9|11|San Rafael Atlixco 3338|4326|902506|2506|2026-09-29 02:50:00
9|11|Zapotitla|4326|902507|2507|2026-09-29 02:50:00
9|11|Colonos Providencia|4326|902508|2508|2026-09-29 02:50:00
9|11|Manuel M Lopez Iii|4326|902509|2509|2026-09-29 02:50:00
9|11|Manuel Gutierrez Najera|4326|902510|2510|2026-09-29 02:50:00
9|11|Los Volcanes|4326|902511|2511|2026-09-29 02:50:00
9|11|Manuel M Lopez Ii|4326|902512|2512|2026-09-29 02:50:00
9|11|Gutierrez Najera 99|4326|902513|2513|2026-09-29 02:50:00
9|11|Juan De Dios Peza 98|4326|902514|2514|2026-09-29 02:50:00
9|7|Tenorios|4326|902515|2515|2026-09-29 02:50:00
9|7|Potrero De La Luna|4326|902516|2516|2026-09-29 02:50:00
9|7|Miravalle|4326|902517|2517|2026-09-29 02:50:00
9|7|San Pablo I Y Ii|4326|902518|2518|2026-09-29 02:50:00
9|11|Paraiso Acualaxtla|4326|902519|2519|2026-09-29 02:50:00
9|11|Santa Cruz 127|4326|902520|2520|2026-09-29 02:50:00
9|7|La Estacion|4326|902521|2521|2026-09-29 02:50:00
9|7|Acapatzingo|4326|902522|2522|2026-09-29 02:50:00
9|7|Arboledas|4326|902523|2523|2026-09-29 02:50:00
9|7|El Triangulo|4326|902524|2524|2026-09-29 02:50:00
9|7|Lomas De San Lorenzo|4326|902525|2525|2026-09-29 02:50:00
9|7|Panteon De San Lorenzo|4326|902526|2526|2026-09-29 02:50:00
9|7|El Rosario|4326|902527|2527|2026-09-29 02:50:00
9|7|La Planta|4326|902528|2528|2026-09-29 02:50:00
9|7|Cananea|4326|902529|2529|2026-09-29 02:50:00
9|7|Rinconada El Molino|4326|902530|2530|2026-09-29 02:50:00
9|7|Allepetlali|4326|902531|2531|2026-09-29 02:50:00
9|11|Benito Quezada|4326|902532|2532|2026-09-29 02:50:00
9|11|La Estacion|4326|902533|2533|2026-09-29 02:50:00
9|11|La Aurorita|4326|902534|2534|2026-09-29 02:50:00
9|11|Los Olivos|4326|902535|2535|2026-09-29 02:50:00
9|11|Las Arboledas|4326|902536|2536|2026-09-29 02:50:00
9|11|San Miguel Zapotitla|4326|902537|2537|2026-09-29 02:50:00
9|11|Tierra Y Libertad|4326|902538|2538|2026-09-29 02:50:00
9|11|Capultitla|4326|902539|2539|2026-09-29 02:50:00
9|11|Atlacapa|4326|902540|2540|2026-09-29 02:50:00
9|11|Santa Ana Norte|4326|902541|2541|2026-09-29 02:50:00
9|11|Santiago Norte|4326|902542|2542|2026-09-29 02:50:00
9|11|Granjas Cabrera|4326|902543|2543|2026-09-29 02:50:00
9|11|Granjas Cabrera|4326|902544|2544|2026-09-29 02:50:00
9|11|Los Olivos|4326|902545|2545|2026-09-29 02:50:00
9|11|Genaro Reyes|4326|902546|2546|2026-09-29 02:50:00
9|11|Roberto Esperon|4326|902547|2547|2026-09-29 02:50:00
9|11|Paula Lopez|4326|902548|2548|2026-09-29 02:50:00
9|11|Los Olivos|4326|902549|2549|2026-09-29 02:50:00
9|11|Del Mar Sur|4326|902550|2550|2026-09-29 02:50:00
9|11|Del Mar|4326|902551|2551|2026-09-29 02:50:00
9|11|Miguel Hidalgo Ote|4326|902552|2552|2026-09-29 02:50:00
9|11|Villa Centroamericana Y Del Caribe|4326|902553|2553|2026-09-29 02:50:00
9|11|Villas La Draga|4326|902554|2554|2026-09-29 02:50:00
9|11|La Draga|4326|902555|2555|2026-09-29 02:50:00
9|11|Santiago Sur (la Conchita Zapotitlan B)|4326|902556|2556|2026-09-29 02:50:00
9|11|La Conchita Zapotitlan A|4326|902557|2557|2026-09-29 02:50:00
9|11|La Conchita Zapotitlan B|4326|902558|2558|2026-09-29 02:50:00
9|11|La Conchita|4326|902559|2559|2026-09-29 02:50:00
9|11|La Orilla|4326|902560|2560|2026-09-29 02:50:00
9|11|Lopez Portillo|4326|902561|2561|2026-09-29 02:50:00
9|11|Lopez Portillo|4326|902562|2562|2026-09-29 02:50:00
9|11|Zacatenco|4326|902563|2563|2026-09-29 02:50:00
9|11|Las Puertas|4326|902564|2564|2026-09-29 02:50:00
9|11|San Francisco Tlaltenco|4326|902565|2565|2026-09-29 02:50:00
9|11|Guadalupe|4326|902566|2566|2026-09-29 02:50:00
9|11|El Triangulo|4326|902567|2567|2026-09-29 02:50:00
9|11|Tezontitla|4326|902568|2568|2026-09-29 02:50:00
9|11|Zompantitla|4326|902569|2569|2026-09-29 02:50:00
9|11|Selene 1a Secc|4326|902570|2570|2026-09-29 02:50:00
9|11|Selene 2a Secc|4326|902571|2571|2026-09-29 02:50:00
9|11|Santa Cecilia|4326|902572|2572|2026-09-29 02:50:00
9|11|Selene|4326|902573|2573|2026-09-29 02:50:00
9|11|La Habana|4326|902574|2574|2026-09-29 02:50:00
9|11|San Mateo|4326|902575|2575|2026-09-29 02:50:00
9|11|Santa Ana|4326|902576|2576|2026-09-29 02:50:00
9|11|Guadalupe|4326|902577|2577|2026-09-29 02:50:00
9|11|La Magdalena|4326|902578|2578|2026-09-29 02:50:00
9|11|La Asuncion|4326|902579|2579|2026-09-29 02:50:00
9|11|Quiahuatla|4326|902580|2580|2026-09-29 02:50:00
9|11|Tierra Y Libertad|4326|902581|2581|2026-09-29 02:50:00
9|11|Los Reyes|4326|902582|2582|2026-09-29 02:50:00
9|11|Santiago|4326|902583|2583|2026-09-29 02:50:00
9|11|Teozoma|4326|902584|2584|2026-09-29 02:50:00
9|11|Chichilaula|4326|902585|2585|2026-09-29 02:50:00
9|11|La Mesa|4326|902586|2586|2026-09-29 02:50:00
9|11|La Mesa|4326|902587|2587|2026-09-29 02:50:00
9|11|Pedregal|4326|902588|2588|2026-09-29 02:50:00
9|11|La Joyita|4326|902589|2589|2026-09-29 02:50:00
9|11|El Mirador|4326|902590|2590|2026-09-29 02:50:00
9|11|Guadalupe|4326|902591|2591|2026-09-29 02:50:00
9|11|La Concepcion Santa Catarina Yecahuizotl|4326|902592|2592|2026-09-29 02:50:00
9|11|San Miguel(santa Catarina)|4326|902593|2593|2026-09-29 02:50:00
9|11|Ampl San Miguel(tlahuac)|4326|902594|2594|2026-09-29 02:50:00
9|11|San Andres|4326|902595|2595|2026-09-29 02:50:00
9|11|Cuitlahuac|4326|902596|2596|2026-09-29 02:50:00
9|11|El Pato|4326|902597|2597|2026-09-29 02:50:00
9|11|Francisco Villa|4326|902598|2598|2026-09-29 02:50:00
9|11|La Lupita|4326|902599|2599|2026-09-29 02:50:00
9|11|La Asuncion|4326|902600|2600|2026-09-29 02:50:00
9|11|San Agustin|4326|902601|2601|2026-09-29 02:50:00
9|11|La Concepcion|4326|902602|2602|2026-09-29 02:50:00
9|11|Jardines Del Llano|4326|902603|2603|2026-09-29 02:50:00
9|11|El Rosario|4326|902604|2604|2026-09-29 02:50:00
9|11|Villa Tlatempa|4326|902605|2605|2026-09-29 02:50:00
9|11|Soledad|4326|902606|2606|2026-09-29 02:50:00
9|11|Lopez Portillo|4326|902607|2607|2026-09-29 02:50:00
9|11|Tierra Blanca|4326|902608|2608|2026-09-29 02:50:00
9|11|La Conchita|4326|902609|2609|2026-09-29 02:50:00
9|11|Pe?a Alta|4326|902610|2610|2026-09-29 02:50:00
9|9|Tecaxtitla|4326|902611|2611|2026-09-29 02:50:00
9|9|Xaltipac|4326|902612|2612|2026-09-29 02:50:00
9|11|Emiliano Zapata 1a|4326|902613|2613|2026-09-29 02:50:00
9|11|Emiliano Zapata 2a|4326|902614|2614|2026-09-29 02:50:00
9|11|San Ignacio De Loyola|4326|902615|2615|2026-09-29 02:50:00
9|11|Tepantitlamilco|4326|902616|2616|2026-09-29 02:50:00
9|11|San Agustin|4326|902617|2617|2026-09-29 02:50:00
9|11|San Miguel|4326|902618|2618|2026-09-29 02:50:00
9|11|San Juan|4326|902619|2619|2026-09-29 02:50:00
9|11|3 De Mayo|4326|902620|2620|2026-09-29 02:50:00
9|11|Mamazco|4326|902621|2621|2026-09-29 02:50:00
9|9|Xochitepec|4326|902622|2622|2026-09-29 02:50:00
9|9|Noxcalco|4326|902623|2623|2026-09-29 02:50:00
9|7|Xalpa|4326|902624|2624|2026-09-29 02:50:00
9|11|Acueducto|4326|902625|2625|2026-09-29 02:50:00
9|11|Zacatenco|4326|902626|2626|2026-09-29 02:50:00
9|11|Tenochtitlan|4326|902627|2627|2026-09-29 02:50:00
9|11|Tierra Blanca|4326|902628|2628|2026-09-29 02:50:00
9|11|Geovillas Xochimilco|4326|902629|2629|2026-09-29 02:50:00
9|11|Hombres De La Reforma|4326|902630|2630|2026-09-29 02:50:00
9|11|Los Lombardos|4326|902631|2631|2026-09-29 02:50:00
9|11|Los Hugonotes|4326|902632|2632|2026-09-29 02:50:00
9|11|San Lucas|4326|902633|2633|2026-09-29 02:50:00
9|11|La Traviata|4326|902634|2634|2026-09-29 02:50:00
9|11|Zodiaco|4326|902635|2635|2026-09-29 02:50:00
9|11|Guillermo Prieto|4326|902636|2636|2026-09-29 02:50:00
9|11|Constitucion Zapotitla|4326|902637|2637|2026-09-29 02:50:00
9|11|Villas Santiago|4326|902638|2638|2026-09-29 02:50:00
9|11|Juan De Dios Peza 161|4326|902639|2639|2026-09-29 02:50:00
9|11|Juan De Dios Peza 61 Nueva Tenochtitlan|4326|902640|2640|2026-09-29 02:50:00
9|11|Genaro Valdez|4326|902641|2641|2026-09-29 02:50:00
9|11|Vapac 1|4326|902642|2642|2026-09-29 02:50:00
9|11|Vapac 2|4326|902643|2643|2026-09-29 02:50:00
9|11|Vapac 3|4326|902644|2644|2026-09-29 02:50:00
9|11|San Rafael|4326|902645|2645|2026-09-29 02:50:00
9|11|Afocaso Santa Veronica|4326|902646|2646|2026-09-29 02:50:00
9|11|Herradura Tlaxcanes|4326|902647|2647|2026-09-29 02:50:00
9|11|Zapotitla|4326|902648|2648|2026-09-29 02:50:00
9|7|San Miguel Teotongo|4326|902649|2649|2026-09-29 02:50:00
9|11|Sociedad Cooperativa Ceani|4326|902650|2650|2026-09-29 02:50:00
9|11|Lago Cuitzeo|4326|902651|2651|2026-09-29 02:50:00
9|11|Porvenir 54|4326|902652|2652|2026-09-29 02:50:00
9|11|Promociones La Turba|4326|902653|2653|2026-09-29 02:50:00
9|11|Cocodrilo|4326|902654|2654|2026-09-29 02:50:00
9|11|Reno|4326|902655|2655|2026-09-29 02:50:00
9|11|Ruiz Cortinez|4326|902656|2656|2026-09-29 02:50:00
9|11|Adalberto Tejeda 144|4326|902657|2657|2026-09-29 02:50:00
9|11|Monte Olivo Uhmo|4326|902658|2658|2026-09-29 02:50:00
9|7|San Francisco Apolocalco|4326|902659|2659|2026-09-29 02:50:00
9|11|Amado Nervo 68|4326|902660|2660|2026-09-29 02:50:00
9|11|Arcada De La Fuente|4326|902661|2661|2026-09-29 02:50:00
9|11|Modulo Social Amado Nervo|4326|902662|2662|2026-09-29 02:50:00
9|11|Amado Nervo 102|4326|902663|2663|2026-09-29 02:50:00
9|11|Torres De Tlahuac|4326|902664|2664|2026-09-29 02:50:00
9|11|Luis G Urbina|4326|902665|2665|2026-09-29 02:50:00
9|11|Las Flores|4326|902666|2666|2026-09-29 02:50:00
9|11|Ana Bolena|4326|902667|2667|2026-09-29 02:50:00
9|11|Bretel 106|4326|902668|2668|2026-09-29 02:50:00
9|11|Arabella 77|4326|902669|2669|2026-09-29 02:50:00
9|11|Providencia 121|4326|902670|2670|2026-09-29 02:50:00
9|11|Providencia 163|4326|902671|2671|2026-09-29 02:50:00
9|11|Los Olivos|4326|902672|2672|2026-09-29 02:50:00
9|11|Porvenir 140|4326|902673|2673|2026-09-29 02:50:00
9|11|Buena Suerte 193|4326|902674|2674|2026-09-29 02:50:00
9|11|Buena Suerte 319|4326|902675|2675|2026-09-29 02:50:00
9|11|Porvenir 244|4326|902676|2676|2026-09-29 02:50:00
9|7|Palmillas|4326|902677|2677|2026-09-29 02:50:00
9|11|Santa Cruz 447|4326|902678|2678|2026-09-29 02:50:00
9|11|Santa Cruz 443|4326|902679|2679|2026-09-29 02:50:00
9|11|Porvenir 155|4326|902680|2680|2026-09-29 02:50:00
9|11|Bellas Artes|4326|902681|2681|2026-09-29 02:50:00
9|11|Porvenir|4326|902682|2682|2026-09-29 02:50:00
9|11|Santa Cruz 393|4326|902683|2683|2026-09-29 02:50:00
9|11|Gitana 313|4326|902684|2684|2026-09-29 02:50:00
9|11|Diana Laura R De Colosio|4326|902685|2685|2026-09-29 02:50:00
9|11|Gitana 278|4326|902686|2686|2026-09-29 02:50:00
9|11|Santa Cruz 263|4326|902687|2687|2026-09-29 02:50:00
9|11|Ixtacalco|4326|902688|2688|2026-09-29 02:50:00
9|11|Minas De Arena|4326|902689|2689|2026-09-29 02:50:00
9|11|Gitana 76|4326|902690|2690|2026-09-29 02:50:00
9|11|Gitana 66|4326|902691|2691|2026-09-29 02:50:00
9|11|Gitana 56|4326|902692|2692|2026-09-29 02:50:00
9|11|Gitana 51a|4326|902693|2693|2026-09-29 02:50:00
9|11|Gitana 77|4326|902694|2694|2026-09-29 02:50:00
9|11|Amado Nervo 126|4326|902695|2695|2026-09-29 02:50:00
9|11|Amado Nervo 112|4326|902696|2696|2026-09-29 02:50:00
9|11|Gitana Norte 200|4326|902697|2697|2026-09-29 02:50:00
9|11|Gitana 243|4326|902698|2698|2026-09-29 02:50:00
9|11|Gitana Norte|4326|902699|2699|2026-09-29 02:50:00
9|11|Villa Residencial Amado Nervo|4326|902700|2700|2026-09-29 02:50:00
9|11|Tlecuilli|4326|902701|2701|2026-09-29 02:50:00
9|11|Exhacienda De Xoco|4326|902702|2702|2026-09-29 02:50:00
9|11|Diaz Miron 214|4326|902703|2703|2026-09-29 02:50:00
9|11|Diaz Miron 200|4326|902704|2704|2026-09-29 02:50:00
9|11|Rene Sanchez Rodriguez|4326|902705|2705|2026-09-29 02:50:00
9|11|Las Pe?itas|4326|902706|2706|2026-09-29 02:50:00
9|13|San Lorenzo|4326|902707|2707|2026-09-29 02:50:00
9|11|Buena Suerte 228|4326|902708|2708|2026-09-29 02:50:00
9|11|Buena Suerte 244|4326|902709|2709|2026-09-29 02:50:00
9|11|Zapotitla|4326|902710|2710|2026-09-29 02:50:00
9|11|Agricola Metropolitana|4326|902711|2711|2026-09-29 02:50:00
9|11|Miguel Hidalgo|4326|902712|2712|2026-09-29 02:50:00
9|11|Del Mar Norte|4326|902713|2713|2026-09-29 02:50:00
9|11|La Nopalera|4326|902714|2714|2026-09-29 02:50:00
9|11|La Turba|4326|902715|2715|2026-09-29 02:50:00
9|11|Patria Nueva|4326|902716|2716|2026-09-29 02:50:00
9|11|Tempiluli|4326|902717|2717|2026-09-29 02:50:00
9|11|Los 500 Metros (ejidal Sierra Santa Catarina)|4326|902718|2718|2026-09-29 02:50:00
9|7|F P F V (predio El Molino)|4326|902719|2719|2026-09-29 02:50:00
9|11|Buena Suerte 269|4326|902720|2720|2026-09-29 02:50:00
9|11|Rinconada  Arboledas|4326|902721|2721|2026-09-29 02:50:00
9|11|Gallo De Oro 82|4326|902722|2722|2026-09-29 02:50:00
9|11|Porvenir 254|4326|902723|2723|2026-09-29 02:50:00
9|11|Tecpinco|4326|902724|2724|2026-09-29 02:50:00
9|11|Cda Paso (yugualite 8)|4326|902725|2725|2026-09-29 02:50:00
9|11|Quinta Don Ramon|4326|902726|2726|2026-09-29 02:50:00
9|11|San Sebastian|4326|902727|2727|2026-09-29 02:50:00
9|11|San Isidro Tulyehualco|4326|902728|2728|2026-09-29 02:50:00
9|11|Cuitlahuac|4326|902729|2729|2026-09-29 02:50:00
9|13|Las Animas Tulyehualco|4326|902730|2730|2026-09-29 02:50:00
9|13|Quirino Mendoza|4326|902731|2731|2026-09-29 02:50:00
9|13|San Luis Tlaxialtemalco|4326|902732|2732|2026-09-29 02:50:00
9|11|Los Cerrillos 1|4326|902733|2733|2026-09-29 02:50:00
9|13|Los Cerrillos Ii|4326|902734|2734|2026-09-29 02:50:00
9|13|San Gregorio Atlapulco|4326|902735|2735|2026-09-29 02:50:00
9|11|San Luis Tlaxialtemalco|4326|902736|2736|2026-09-29 02:50:00
9|11|Quirino Mendoza|4326|902737|2737|2026-09-29 02:50:00
9|13|San Isidro Tulyehualco|4326|902738|2738|2026-09-29 02:50:00
9|11|Calyecac|4326|902739|2739|2026-09-29 02:50:00
9|13|Olivar Santa Maria|4326|902740|2740|2026-09-29 02:50:00
9|13|Los Cerrillos I|4326|902741|2741|2026-09-29 02:50:00
9|11|Olivar Santa Maria|4326|902742|2742|2026-09-29 02:50:00
9|11|Amado Nervo 156|4326|902743|2743|2026-09-29 02:50:00
9|13|Calyecac|4326|902744|2744|2026-09-29 02:50:00
9|11|Magnolias|4326|902745|2745|2026-09-29 02:50:00
9|7|Arboledas|4326|902746|2746|2026-09-29 02:50:00
9|11|Jaime Torres Bodet|4326|902747|2747|2026-09-29 02:50:00
9|11|Porvenir 197 A|4326|902748|2748|2026-09-29 02:50:00
9|11|San Rafael Atlixco 3348|4326|902749|2749|2026-09-29 02:50:00
9|11|Bodas De Figaro 82|4326|902750|2750|2026-09-29 02:50:00
9|11|Altamirano 198|4326|902751|2751|2026-09-29 02:50:00
9|11|Gitana 172|4326|902752|2752|2026-09-29 02:50:00
9|11|San Jose|4326|902753|2753|2026-09-29 02:50:00
9|11|Los Reyes|4326|902754|2754|2026-09-29 02:50:00
9|11|San Bartolome|4326|902755|2755|2026-09-29 02:50:00
9|11|Santa Cruz|4326|902756|2756|2026-09-29 02:50:00
9|11|Privada De Tlahuac|4326|902757|2757|2026-09-29 02:50:00
9|11|Verdi|4326|902758|2758|2026-09-29 02:50:00
9|11|Santa Catarina|4326|902759|2759|2026-09-29 02:50:00
9|11|La Loma|4326|902760|2760|2026-09-29 02:50:00
9|11|Predio Ayecotitla|4326|902761|2761|2026-09-29 02:50:00
9|11|Puertantitla|4326|902762|2762|2026-09-29 02:50:00
9|13|San Sebastian|4326|902763|2763|2026-09-29 02:50:00
9|11|Los Cerrillos 2|4326|902764|2764|2026-09-29 02:50:00
9|11|Santa Ana Poniente|4326|902765|2765|2026-09-29 02:50:00
9|11|Santa Ana Centro|4326|902766|2766|2026-09-29 02:50:00
9|11|Santiago Centro|4326|902767|2767|2026-09-29 02:50:00
9|11|Santa Ana Sur (la Conchita Zapotitlan A)|4326|902768|2768|2026-09-29 02:50:00
9|11|La Cienega|4326|902769|2769|2026-09-29 02:50:00
9|11|Ojo De Agua|4326|902770|2770|2026-09-29 02:50:00
9|11|San Miguel|4326|902771|2771|2026-09-29 02:50:00
9|7|La Ca?ada|4326|902772|2772|2026-09-29 02:50:00
9|7|La Poblanita|4326|902773|2773|2026-09-29 02:50:00
9|11|Santa Catarina Yecahuizotl|4326|902774|2774|2026-09-29 02:50:00
9|7|Tecpinco|4326|902775|2775|2026-09-29 02:50:00
9|11|Villas De Los Trabajadores Del Gobierno Del Df|4326|902776|2776|2026-09-29 02:50:00
9|11|Margarita Moran Veliz|4326|902777|2777|2026-09-29 02:50:00
9|13|San Marcos|4326|902778|2778|2026-09-29 02:50:00
9|11|Porvenir 197|4326|902779|2779|2026-09-29 02:50:00
9|11|Flauta Magica 180|4326|902780|2780|2026-09-29 02:50:00
9|11|San Nicolas Tetelco|4326|902781|2781|2026-09-29 02:50:00
9|11|Bodas De Figaro 70|4326|902782|2782|2026-09-29 02:50:00
9|11|Reserva Del Sur|4326|902783|2783|2026-09-29 02:50:00
9|11|Tequisquipa|4326|902784|2784|2026-09-29 02:50:00
9|11|Potrero El Grande|4326|902785|2785|2026-09-29 02:50:00
9|11|Olivar Santa Maria|4326|902786|2786|2026-09-29 02:50:00
9|4|Cooperativa Palo Alto|4326|902787|2787|2026-09-29 02:50:00
9|12|Pedregal De San Nicolas 5a Secc|4326|902788|2788|2026-09-29 02:50:00
9|7|San Andres Tomatlan|4326|902789|2789|2026-09-29 02:50:00
9|11|Paraiso Acualaxtla 2a Seccion|4326|902790|2790|2026-09-29 02:50:00
9|15|Fresno|4326|902791|2791|2026-09-29 02:50:00
17|9|Tres Marias|4326|1701629|1629|2026-09-29 02:50:00
15|61|Francisco Sarabia|4326|1500023|23|2026-09-29 02:50:00
15|61|Paseo San Carlos|4326|1500024|24|2026-09-29 02:50:00
15|61|Villa Magisterial|4326|1500025|25|2026-09-29 02:50:00
15|61|Los Cantaros|4326|1500026|26|2026-09-29 02:50:00
15|61|Fuentes San Jose|4326|1500027|27|2026-09-29 02:50:00
15|61|Los Cantaros Ii|4326|1500028|28|2026-09-29 02:50:00
15|61|San Juan Tlihuaca|4326|1500029|29|2026-09-29 02:50:00
15|61|Infonavit Francisco I Madero|4326|1500030|30|2026-09-29 02:50:00
15|61|Cumbres De Sayavedra|4326|1500031|31|2026-09-29 02:50:00
15|61|La Colmena Ctm|4326|1500032|32|2026-09-29 02:50:00
15|61|Francisco I Madero|4326|1500034|34|2026-09-29 02:50:00
15|61|San Miguel Hila|4326|1500040|40|2026-09-29 02:50:00
15|61|Loma Del Rio|4326|1500041|41|2026-09-29 02:50:00
15|71|Los Reyes|4326|1500241|241|2026-09-29 02:50:00
15|71|Villas Del Sol La Paz|4326|1500274|274|2026-09-29 02:50:00
15|71|La Cruz|4326|1500330|330|2026-09-29 02:50:00
15|11|De San Salvador Atenco|4326|1500362|362|2026-09-29 02:50:00
15|11|San Andres|4326|1500364|364|2026-09-29 02:50:00
15|11|Atenco|4326|1500366|366|2026-09-29 02:50:00
15|11|Santa Isabel Ixtapan|4326|1500367|367|2026-09-29 02:50:00
15|71|San Sebastian|4326|1500470|470|2026-09-29 02:50:00
15|34|Jardines De Morelos|4326|1500628|628|2026-09-29 02:50:00
15|71|Jardin De Los Reyes|4326|1500630|630|2026-09-29 02:50:00
15|71|San Vicente|4326|1500631|631|2026-09-29 02:50:00
15|34|Jardines De Morelos 5ta|4326|1500678|678|2026-09-29 02:50:00
15|34|La Pradera|4326|1500681|681|2026-09-29 02:50:00
15|34|Gustavo Baz Prada|4326|1500685|685|2026-09-29 02:50:00
15|32|Orfebres|4326|1500688|688|2026-09-29 02:50:00
15|47|Ejido De Santa Maria Mazatla|4326|1500750|750|2026-09-29 02:50:00
15|38|La Ca?ada|4326|1500756|756|2026-09-29 02:50:00
15|38|La Cima|4326|1500757|757|2026-09-29 02:50:00
15|47|San Luis Ayucan|4326|1500760|760|2026-09-29 02:50:00
15|38|Santa Cruz Ayotuxco|4326|1500769|769|2026-09-29 02:50:00
15|60|Agua Azul Seccion Pirules|4326|1500794|794|2026-09-29 02:50:00
15|63|San Pedro Atlapulco|4326|1500809|809|2026-09-29 02:50:00
15|38|La Retama|4326|1500810|810|2026-09-29 02:50:00
15|34|Lomas Verdes|4326|1500813|813|2026-09-29 02:50:00
15|34|El Parque|4326|1500814|814|2026-09-29 02:50:00
15|34|Margarita Maza De Juarez|4326|1500817|817|2026-09-29 02:50:00
15|34|Xochitenco|4326|1500821|821|2026-09-29 02:50:00
15|122|Ni?os Heroes Ii|4326|1500822|822|2026-09-29 02:50:00
15|122|Americas I|4326|1500824|824|2026-09-29 02:50:00
15|122|Americas Ii|4326|1500825|825|2026-09-29 02:50:00
15|34|Ampliacion Tulpetlac|4326|1500827|827|2026-09-29 02:50:00
15|122|Alfredo Baranda|4326|1500832|832|2026-09-29 02:50:00
15|34|El Bosque|4326|1500834|834|2026-09-29 02:50:00
15|34|El Ranchito|4326|1500837|837|2026-09-29 02:50:00
15|34|La Cruz|4326|1500840|840|2026-09-29 02:50:00
15|38|Lomas Del Olivo|4326|1500865|865|2026-09-29 02:50:00
15|38|Lomas De Las Palmas|4326|1500867|867|2026-09-29 02:50:00
15|38|Lomas De Tecamachalco|4326|1500871|871|2026-09-29 02:50:00
15|34|San Cristobal Centro|4326|1500891|891|2026-09-29 02:50:00
15|60|Las Palmas|4326|1500975|975|2026-09-29 02:50:00
15|71|Adolfo Lopez Mateos|4326|1501027|1027|2026-09-29 02:50:00
15|71|Tepetates|4326|1501037|1037|2026-09-29 02:50:00
15|71|San Sebastian Chimalpa|4326|1501038|1038|2026-09-29 02:50:00
15|32|San Pedro|4326|1501067|1067|2026-09-29 02:50:00
15|32|Herreros|4326|1501086|1086|2026-09-29 02:50:00
15|32|Canasteros|4326|1501087|1087|2026-09-29 02:50:00
15|32|Carpinteros - Punta La Zanja|4326|1501088|1088|2026-09-29 02:50:00
15|32|Artesanos|4326|1501089|1089|2026-09-29 02:50:00
15|32|Pescadores|4326|1501090|1090|2026-09-29 02:50:00
15|32|Mineros - Punta La Zanja|4326|1501091|1091|2026-09-29 02:50:00
15|32|Talladores|4326|1501092|1092|2026-09-29 02:50:00
15|34|El Jaguey|4326|1501120|1120|2026-09-29 02:50:00
15|34|El Rehilete|4326|1501142|1142|2026-09-29 02:50:00
15|34|La Cuesta|4326|1501143|1143|2026-09-29 02:50:00
15|38|San Martin|4326|1501151|1151|2026-09-29 02:50:00
15|38|San Miguel|4326|1501153|1153|2026-09-29 02:50:00
15|38|San Melchor|4326|1501156|1156|2026-09-29 02:50:00
15|60|Agua Azul|4326|1501160|1160|2026-09-29 02:50:00
15|34|El Chamizalito 2|4326|1501161|1161|2026-09-29 02:50:00
15|34|Jardines De Xalostoc|4326|1501162|1162|2026-09-29 02:50:00
15|34|Ignacio L Vallarta|4326|1501164|1164|2026-09-29 02:50:00
15|34|Cuchilla De La Draga|4326|1501169|1169|2026-09-29 02:50:00
15|34|Ejido De Santa Maria Tulpetlac|4326|1501170|1170|2026-09-29 02:50:00
15|34|Industrias Tulpetlac|4326|1501174|1174|2026-09-29 02:50:00
15|34|Villa De Guadalupe Xalostoc|4326|1501175|1175|2026-09-29 02:50:00
15|34|Las Vegas Xalostoc|4326|1501176|1176|2026-09-29 02:50:00
15|34|Jardines De Cerro Gordo|4326|1501177|1177|2026-09-29 02:50:00
15|34|Patrimonio Social|4326|1501180|1180|2026-09-29 02:50:00
15|34|Cardonal Xalostoc|4326|1501185|1185|2026-09-29 02:50:00
15|34|Granjas Populares De Guadalupe|4326|1501188|1188|2026-09-29 02:50:00
15|34|Santa Maria Xalostoc|4326|1501190|1190|2026-09-29 02:50:00
15|34|Viviendas Venta De Carpio|4326|1501191|1191|2026-09-29 02:50:00
15|34|Industrial Esfuerzo Nacional|4326|1501193|1193|2026-09-29 02:50:00
15|34|Hogar Del Transportista|4326|1501196|1196|2026-09-29 02:50:00
15|34|Nuevo Mundo|4326|1501198|1198|2026-09-29 02:50:00
15|34|Hogar Del Transportista|4326|1501199|1199|2026-09-29 02:50:00
15|34|Benito Juarez Xalostoc|4326|1501202|1202|2026-09-29 02:50:00
15|34|1ro De Mayo|4326|1501203|1203|2026-09-29 02:50:00
15|34|El Paraiso|4326|1501205|1205|2026-09-29 02:50:00
15|34|Prorevolucion|4326|1501206|1206|2026-09-29 02:50:00
15|34|Francisco I Madero|4326|1501207|1207|2026-09-29 02:50:00
15|34|Industrias Ecatepec|4326|1501208|1208|2026-09-29 02:50:00
15|34|Rio De Luz|4326|1501209|1209|2026-09-29 02:50:00
15|34|Conjunto Ejecutivo|4326|1501210|1210|2026-09-29 02:50:00
15|34|Jose Maria Pino Suarez|4326|1501211|1211|2026-09-29 02:50:00
15|34|Los Reyes Tulpetlac|4326|1501212|1212|2026-09-29 02:50:00
15|34|Cuauhtemoc Xalostoc|4326|1501213|1213|2026-09-29 02:50:00
15|34|La Purisima Tulpetlac|4326|1501214|1214|2026-09-29 02:50:00
15|34|Rustica Xalostoc|4326|1501215|1215|2026-09-29 02:50:00
15|34|Viveros Xalostoc|4326|1501216|1216|2026-09-29 02:50:00
15|34|Ecatepec Las Fuentes|4326|1501217|1217|2026-09-29 02:50:00
15|34|El Salado Xalostoc|4326|1501218|1218|2026-09-29 02:50:00
15|34|San Jose Xalostoc|4326|1501219|1219|2026-09-29 02:50:00
15|34|San Miguel Xalostoc|4326|1501220|1220|2026-09-29 02:50:00
15|34|Ejidos De Santa Maria Tulpetlac|4326|1501221|1221|2026-09-29 02:50:00
15|34|San Jose Xalostoc|4326|1501222|1222|2026-09-29 02:50:00
15|34|Industrial Xalostoc|4326|1501224|1224|2026-09-29 02:50:00
15|34|San Miguel Xalostoc|4326|1501225|1225|2026-09-29 02:50:00
15|34|Santa Maria Tulpetlac|4326|1501226|1226|2026-09-29 02:50:00
15|34|Nuevo Laredo|4326|1501227|1227|2026-09-29 02:50:00
15|34|Sanchez Y Cia|4326|1501228|1228|2026-09-29 02:50:00
15|34|Lomas De Ecatepec|4326|1501229|1229|2026-09-29 02:50:00
15|34|La Cueva|4326|1501230|1230|2026-09-29 02:50:00
15|34|Altavilla|4326|1501231|1231|2026-09-29 02:50:00
15|34|Francisco Villa|4326|1501232|1232|2026-09-29 02:50:00
15|34|San Carlos|4326|1501233|1233|2026-09-29 02:50:00
15|34|Viveros De Tulpetlac|4326|1501234|1234|2026-09-29 02:50:00
15|34|Lomas De San Carlos|4326|1501235|1235|2026-09-29 02:50:00
15|34|Urbana Ixhuatepec|4326|1501236|1236|2026-09-29 02:50:00
15|34|San Carlos Cantera|4326|1501237|1237|2026-09-29 02:50:00
15|34|Panoramica|4326|1501238|1238|2026-09-29 02:50:00
15|34|Colinas Ecatepec|4326|1501240|1240|2026-09-29 02:50:00
15|34|Izcalli Ecatepec|4326|1501241|1241|2026-09-29 02:50:00
15|34|Ampliacion Izcalli|4326|1501242|1242|2026-09-29 02:50:00
15|34|Tata Felix|4326|1501244|1244|2026-09-29 02:50:00
15|34|Hogares Mexicanos|4326|1501247|1247|2026-09-29 02:50:00
15|71|Las Rosas|4326|1501377|1377|2026-09-29 02:50:00
15|71|Fraternidad|4326|1501378|1378|2026-09-29 02:50:00
15|32|Hojalateros|4326|1501411|1411|2026-09-29 02:50:00
15|32|Alfareros|4326|1501412|1412|2026-09-29 02:50:00
15|32|Ebanistas|4326|1501413|1413|2026-09-29 02:50:00
15|32|Villa Xochitenco|4326|1501416|1416|2026-09-29 02:50:00
15|32|Vidrieros|4326|1501420|1420|2026-09-29 02:50:00
15|32|Tejedores|4326|1501422|1422|2026-09-29 02:50:00
15|32|Talabarteros|4326|1501423|1423|2026-09-29 02:50:00
15|32|Canteros|4326|1501425|1425|2026-09-29 02:50:00
15|32|San Juan Tlalpan|4326|1501426|1426|2026-09-29 02:50:00
15|32|Xochiaca-barrio Xochiaca|4326|1501427|1427|2026-09-29 02:50:00
15|32|Santa Cecilia|4326|1501430|1430|2026-09-29 02:50:00
15|32|16 De Septiembre|4326|1501431|1431|2026-09-29 02:50:00
15|32|Saraperos|4326|1501434|1434|2026-09-29 02:50:00
15|32|Cerro De Las Palomas|4326|1501444|1444|2026-09-29 02:50:00
15|32|San Lorenzo Parte Alta|4326|1501445|1445|2026-09-29 02:50:00
15|32|San Lorenzo|4326|1501446|1446|2026-09-29 02:50:00
15|32|San Jose Buenavista|4326|1501447|1447|2026-09-29 02:50:00
15|34|16 De Septiembre|4326|1501448|1448|2026-09-29 02:50:00
15|32|Sutaur Oriente|4326|1501449|1449|2026-09-29 02:50:00
15|34|Santa Clara Cerro Gordo|4326|1501450|1450|2026-09-29 02:50:00
15|34|Misael Nu?ez A|4326|1501451|1451|2026-09-29 02:50:00
15|34|Santa Clara El Gallito|4326|1501452|1452|2026-09-29 02:50:00
15|34|Arboledas Sta Clara|4326|1501453|1453|2026-09-29 02:50:00
15|34|San Jaco|4326|1501454|1454|2026-09-29 02:50:00
15|34|Tepexicasco|4326|1501455|1455|2026-09-29 02:50:00
15|34|Buenavista|4326|1501456|1456|2026-09-29 02:50:00
15|34|Industrial Cerro Gordo|4326|1501457|1457|2026-09-29 02:50:00
15|34|Justicia Social|4326|1501458|1458|2026-09-29 02:50:00
15|122|Santa Catarina|4326|1501459|1459|2026-09-29 02:50:00
15|34|Emiliano Zapata 1ra Secc|4326|1501460|1460|2026-09-29 02:50:00
15|34|Jardines Del Tepeyac|4326|1501461|1461|2026-09-29 02:50:00
15|34|San Agustin 3ra Seccion|4326|1501462|1462|2026-09-29 02:50:00
15|34|Valle De Santiago|4326|1501463|1463|2026-09-29 02:50:00
15|34|Campi?a De Aragon|4326|1501464|1464|2026-09-29 02:50:00
15|34|Valle De Anahuac (col Valle De Anahuac Secc A)|4326|1501465|1465|2026-09-29 02:50:00
15|32|Arturo Montiel Rojas|4326|1501503|1503|2026-09-29 02:50:00
15|71|Tepozanes|4326|1501508|1508|2026-09-29 02:50:00
15|71|Rincon De Los Reyes|4326|1501509|1509|2026-09-29 02:50:00
15|71|Los Reyes|4326|1501511|1511|2026-09-29 02:50:00
15|32|Tequesquinahuac|4326|1501530|1530|2026-09-29 02:50:00
15|71|Coaxusco|4326|1501541|1541|2026-09-29 02:50:00
15|71|Magdalena De Los Reyes|4326|1501545|1545|2026-09-29 02:50:00
15|32|17 De Marzo|4326|1501555|1555|2026-09-29 02:50:00
15|34|Ampliacion La Teja - Cuanalco Buenavista|4326|1501591|1591|2026-09-29 02:50:00
15|34|San Andres De La Ca?ada|4326|1501592|1592|2026-09-29 02:50:00
15|34|Ciudad Azteca 2da Seccion|4326|1501608|1608|2026-09-29 02:50:00
15|34|La Glorieta|4326|1501624|1624|2026-09-29 02:50:00
15|34|Vicente Coos-san Agustin 2da Seccion|4326|1501630|1630|2026-09-29 02:50:00
15|32|Manuel Serrano|4326|1501694|1694|2026-09-29 02:50:00
15|13|Real Del Pedregal|4326|1501704|1704|2026-09-29 02:50:00
15|58|Huertas 2da Secc|4326|1501720|1720|2026-09-29 02:50:00
15|58|El Porvenir|4326|1501721|1721|2026-09-29 02:50:00
15|58|Lomas De Los Remedios|4326|1501722|1722|2026-09-29 02:50:00
15|58|La Universal|4326|1501724|1724|2026-09-29 02:50:00
15|58|Las Huertas 2da Secc|4326|1501725|1725|2026-09-29 02:50:00
15|58|Lomas Verdes|4326|1501726|1726|2026-09-29 02:50:00
15|58|Olimpica Radio 2da Secc|4326|1501727|1727|2026-09-29 02:50:00
15|58|Olimpica Radio 1ra Secc|4326|1501728|1728|2026-09-29 02:50:00
15|58|Minas El Tecolote|4326|1501729|1729|2026-09-29 02:50:00
15|58|Ciudad De Los Ni?os|4326|1501730|1730|2026-09-29 02:50:00
15|58|Ciudad De Los Ni?os|4326|1501731|1731|2026-09-29 02:50:00
15|58|Vista Del Valle|4326|1501732|1732|2026-09-29 02:50:00
15|58|La Punta|4326|1501733|1733|2026-09-29 02:50:00
15|58|La Mancha Iii|4326|1501734|1734|2026-09-29 02:50:00
15|58|Industrial Alce Blanco|4326|1501735|1735|2026-09-29 02:50:00
15|13|Priv Esmeralda Ii|4326|1501738|1738|2026-09-29 02:50:00
15|13|Priv Esmeralda I|4326|1501739|1739|2026-09-29 02:50:00
15|13|Bellas Lomas|4326|1501740|1740|2026-09-29 02:50:00
15|13|Cond Chabacanos|4326|1501741|1741|2026-09-29 02:50:00
15|58|Jardines De San Mateo|4326|1501742|1742|2026-09-29 02:50:00
15|58|Prados De San Mateo|4326|1501743|1743|2026-09-29 02:50:00
15|58|Rinconada Los Parques|4326|1501744|1744|2026-09-29 02:50:00
15|58|Lomas De San Mateo|4326|1501745|1745|2026-09-29 02:50:00
15|58|Cumbres De San Mateo|4326|1501746|1746|2026-09-29 02:50:00
15|58|Pe?itas|4326|1501749|1749|2026-09-29 02:50:00
15|58|Lomas De Tecamachalco|4326|1501750|1750|2026-09-29 02:50:00
15|105|Isidro Fabela|4326|1501752|1752|2026-09-29 02:50:00
15|58|Nueva San Rafael|4326|1501753|1753|2026-09-29 02:50:00
15|58|Arenillas|4326|1501754|1754|2026-09-29 02:50:00
15|58|Cordoba|4326|1501755|1755|2026-09-29 02:50:00
15|58|Loma Linda|4326|1501756|1756|2026-09-29 02:50:00
15|58|San Rafael Chamapa|4326|1501757|1757|2026-09-29 02:50:00
15|58|Altamira|4326|1501758|1758|2026-09-29 02:50:00
15|58|Altamira|4326|1501759|1759|2026-09-29 02:50:00
15|105|Valle Hermoso|4326|1501760|1760|2026-09-29 02:50:00
15|105|Lomas Boulevares|4326|1501761|1761|2026-09-29 02:50:00
15|25|Valle Esmeralda|4326|1501762|1762|2026-09-29 02:50:00
15|58|San Jose Tejamanil|4326|1501764|1764|2026-09-29 02:50:00
15|58|Luis Donaldo Colosio|4326|1501765|1765|2026-09-29 02:50:00
15|58|La Viga|4326|1501766|1766|2026-09-29 02:50:00
15|58|Mario Ruiz De Chavez|4326|1501767|1767|2026-09-29 02:50:00
15|58|Piedra De La Alezna|4326|1501768|1768|2026-09-29 02:50:00
15|58|Yocua|4326|1501769|1769|2026-09-29 02:50:00
15|58|Shindo|4326|1501770|1770|2026-09-29 02:50:00
15|58|La Mojonera|4326|1501771|1771|2026-09-29 02:50:00
15|58|Bandhi|4326|1501772|1772|2026-09-29 02:50:00
15|58|Chivato|4326|1501773|1773|2026-09-29 02:50:00
15|58|Salinas|4326|1501774|1774|2026-09-29 02:50:00
15|58|Boito|4326|1501775|1775|2026-09-29 02:50:00
15|58|La Mora|4326|1501776|1776|2026-09-29 02:50:00
15|58|Panthe|4326|1501777|1777|2026-09-29 02:50:00
15|58|Arenillas|4326|1501778|1778|2026-09-29 02:50:00
15|58|Boche|4326|1501779|1779|2026-09-29 02:50:00
15|58|Gora|4326|1501780|1780|2026-09-29 02:50:00
15|58|Chisto|4326|1501781|1781|2026-09-29 02:50:00
15|58|Donitu|4326|1501782|1782|2026-09-29 02:50:00
15|58|Juando|4326|1501783|1783|2026-09-29 02:50:00
15|32|Tierra Santa|4326|1501784|1784|2026-09-29 02:50:00
15|34|Estrella|4326|1501785|1785|2026-09-29 02:50:00
15|34|Cuchilla Granjas Valle|4326|1501786|1786|2026-09-29 02:50:00
15|34|Gustavo Diaz Ordaz|4326|1501787|1787|2026-09-29 02:50:00
15|34|Emiliano Zapata 1ra Secc|4326|1501788|1788|2026-09-29 02:50:00
15|34|Olimpica 68|4326|1501789|1789|2026-09-29 02:50:00
15|34|Laderas Del Pe?on|4326|1501791|1791|2026-09-29 02:50:00
15|34|Ciudad Y Puerto|4326|1501792|1792|2026-09-29 02:50:00
15|34|San Agustin 2da Secc|4326|1501794|1794|2026-09-29 02:50:00
15|71|Emiliano Zapata|4326|1501795|1795|2026-09-29 02:50:00
15|34|San Agustin 1ra Secc|4326|1501798|1798|2026-09-29 02:50:00
15|34|Granjas Valle De Gpe Secc B|4326|1501800|1800|2026-09-29 02:50:00
15|34|San Agustin 3ra Seccion B|4326|1501801|1801|2026-09-29 02:50:00
15|34|Division Del Norte|4326|1501802|1802|2026-09-29 02:50:00
15|34|Indeco Santa Clara - Plazas De Santa Clara|4326|1501803|1803|2026-09-29 02:50:00
15|34|El Cegor - Profepec - Poligono 4|4326|1501804|1804|2026-09-29 02:50:00
15|34|Popular Martinez|4326|1501806|1806|2026-09-29 02:50:00
15|34|Ciudad Azteca 1ra Seccion|4326|1501807|1807|2026-09-29 02:50:00
15|34|Jardines De San Gabriel|4326|1501808|1808|2026-09-29 02:50:00
15|34|Vicente Guerrero|4326|1501810|1810|2026-09-29 02:50:00
15|34|Josefa Ortiz De Dominguez|4326|1501811|1811|2026-09-29 02:50:00
15|34|Los Reyes Ecatepec|4326|1501812|1812|2026-09-29 02:50:00
15|34|Valle De Aragon 3ra Seccion|4326|1501813|1813|2026-09-29 02:50:00
15|34|El Chamizal|4326|1501815|1815|2026-09-29 02:50:00
15|34|Boulevares Impala|4326|1501817|1817|2026-09-29 02:50:00
15|34|Jajalpa|4326|1501819|1819|2026-09-29 02:50:00
15|34|Emiliano Zapata 2da Seccion|4326|1501820|1820|2026-09-29 02:50:00
15|34|San Jose Jajalpa|4326|1501822|1822|2026-09-29 02:50:00
15|34|Granjas Valle De Guadalupe|4326|1501823|1823|2026-09-29 02:50:00
15|34|Renovacion Jajalpa|4326|1501824|1824|2026-09-29 02:50:00
15|34|Fuentes De San Cristobal|4326|1501826|1826|2026-09-29 02:50:00
15|34|Jardines De Ecatepec|4326|1501827|1827|2026-09-29 02:50:00
15|34|Bonito Ecatepec|4326|1501829|1829|2026-09-29 02:50:00
15|34|Jajalpa|4326|1501832|1832|2026-09-29 02:50:00
15|34|El Arbolito Jajalpa|4326|1501833|1833|2026-09-29 02:50:00
15|34|Los Laureles|4326|1501834|1834|2026-09-29 02:50:00
15|34|Prados De Santa Clara|4326|1501835|1835|2026-09-29 02:50:00
15|34|Heroes De La Independencia|4326|1501836|1836|2026-09-29 02:50:00
15|34|Melchor Ocampo|4326|1501837|1837|2026-09-29 02:50:00
15|34|5 De Septiembre|4326|1501838|1838|2026-09-29 02:50:00
15|34|Las Palmas|4326|1501839|1839|2026-09-29 02:50:00
15|34|El Potrero|4326|1501840|1840|2026-09-29 02:50:00
15|34|La Laguna 21|4326|1501841|1841|2026-09-29 02:50:00
15|34|Miguel Hidalgo|4326|1501843|1843|2026-09-29 02:50:00
15|34|Prados Xalostoc|4326|1501845|1845|2026-09-29 02:50:00
15|34|Obrera Jajalpa|4326|1501846|1846|2026-09-29 02:50:00
15|34|Tolotzin V|4326|1501847|1847|2026-09-29 02:50:00
15|34|Olimpica Jajalpa|4326|1501848|1848|2026-09-29 02:50:00
15|34|San Francisco Xalostoc|4326|1501849|1849|2026-09-29 02:50:00
15|34|Tolotzin I|4326|1501851|1851|2026-09-29 02:50:00
15|34|El Charco|4326|1501852|1852|2026-09-29 02:50:00
15|60|Impulsora Pop Avic|4326|1501870|1870|2026-09-29 02:50:00
15|60|Valle De Aragon 2da Secc|4326|1501877|1877|2026-09-29 02:50:00
15|60|Joyas De Aragon - Col Bosques De Aragon|4326|1501881|1881|2026-09-29 02:50:00
15|60|Vergel De Guadalupe|4326|1501884|1884|2026-09-29 02:50:00
15|60|Jardines De Gpe ( Col Ampl Campestre Guadalupana )|4326|1501888|1888|2026-09-29 02:50:00
15|60|Campestre Guadalupana|4326|1501893|1893|2026-09-29 02:50:00
15|40|Estado De Mexico|4326|1501898|1898|2026-09-29 02:50:00
15|60|Valle De Aragon 1ra Secc|4326|1501906|1906|2026-09-29 02:50:00
15|40|San Antonio Tlalpizahuac|4326|1501908|1908|2026-09-29 02:50:00
15|40|18 De Agosto|4326|1501922|1922|2026-09-29 02:50:00
15|71|Huertos Familiares|4326|1501925|1925|2026-09-29 02:50:00
15|26|San Miguel|4326|1501956|1956|2026-09-29 02:50:00
15|34|Mexico Colonial Ii|4326|1502027|2027|2026-09-29 02:50:00
15|34|Tablas Del Pozo|4326|1502030|2030|2026-09-29 02:50:00
15|34|El Pozo|4326|1502031|2031|2026-09-29 02:50:00
15|38|Valle De Las Palmas|4326|1502036|2036|2026-09-29 02:50:00
15|34|Prizo 3|4326|1502058|2058|2026-09-29 02:50:00
15|34|Benito Juarez Norte Xalostoc|4326|1502059|2059|2026-09-29 02:50:00
15|34|Izcalli Santa Clara 1ra Etapa|4326|1502061|2061|2026-09-29 02:50:00
15|34|Mexico Insurgente|4326|1502062|2062|2026-09-29 02:50:00
15|34|Mexico Revolucionario|4326|1502063|2063|2026-09-29 02:50:00
15|34|Haciendas De Aragon|4326|1502064|2064|2026-09-29 02:50:00
15|34|Piedra Grande|4326|1502065|2065|2026-09-29 02:50:00
15|34|Granjas Independencia C|4326|1502066|2066|2026-09-29 02:50:00
15|34|Mexico Independiente|4326|1502067|2067|2026-09-29 02:50:00
15|34|Castillos De Aragon|4326|1502068|2068|2026-09-29 02:50:00
15|34|Parques De Aragon|4326|1502069|2069|2026-09-29 02:50:00
15|34|Villas Cosmos|4326|1502071|2071|2026-09-29 02:50:00
15|34|Melchor Muzquiz|4326|1502072|2072|2026-09-29 02:50:00
15|34|Nueva Aragon|4326|1502073|2073|2026-09-29 02:50:00
15|34|Arbolitos Xalostoc|4326|1502074|2074|2026-09-29 02:50:00
15|34|Quinto Sol|4326|1502075|2075|2026-09-29 02:50:00
15|34|Croc Aragon|4326|1502076|2076|2026-09-29 02:50:00
15|34|Ciudad Amanecer|4326|1502077|2077|2026-09-29 02:50:00
15|34|Sauces 5|4326|1502078|2078|2026-09-29 02:50:00
15|34|Ciudad Oriente|4326|1502079|2079|2026-09-29 02:50:00
15|34|San Pedro Xalostoc|4326|1502080|2080|2026-09-29 02:50:00
15|34|Petroquimica 1|4326|1502081|2081|2026-09-29 02:50:00
15|34|Alborada De Aragon|4326|1502082|2082|2026-09-29 02:50:00
15|34|Florida|4326|1502083|2083|2026-09-29 02:50:00
15|34|San Pedro Xalostoc|4326|1502084|2084|2026-09-29 02:50:00
15|34|Mexico Prehispanico 2|4326|1502085|2085|2026-09-29 02:50:00
15|34|Sauces 1 A|4326|1502086|2086|2026-09-29 02:50:00
15|34|Mexico Prehispanico 1|4326|1502087|2087|2026-09-29 02:50:00
15|34|Sauces 6 - Sauces Pri|4326|1502088|2088|2026-09-29 02:50:00
15|34|Lazaro Cardenas|4326|1502089|2089|2026-09-29 02:50:00
15|60|Las Armas|4326|1502097|2097|2026-09-29 02:50:00
15|60|Prados De Aragon|4326|1502102|2102|2026-09-29 02:50:00
15|60|Rdcial Prados De Aragon|4326|1502107|2107|2026-09-29 02:50:00
15|60|Emiliano Zapata|4326|1502114|2114|2026-09-29 02:50:00
15|60|Bosques De Viena|4326|1502123|2123|2026-09-29 02:50:00
15|40|Residencial Park|4326|1502126|2126|2026-09-29 02:50:00
15|60|Las Americas|4326|1502138|2138|2026-09-29 02:50:00
15|34|La Aguita|4326|1502141|2141|2026-09-29 02:50:00
15|60|Pirules|4326|1502158|2158|2026-09-29 02:50:00
15|60|Central|4326|1502160|2160|2026-09-29 02:50:00
15|60|Maravillas|4326|1502161|2161|2026-09-29 02:50:00
15|60|El Barco|4326|1502163|2163|2026-09-29 02:50:00
15|34|Jardines De Aragon|4326|1502166|2166|2026-09-29 02:50:00
15|34|Novela Mexicana I|4326|1502167|2167|2026-09-29 02:50:00
15|34|Mexico Colonial I|4326|1502168|2168|2026-09-29 02:50:00
15|34|Central Michoacana|4326|1502169|2169|2026-09-29 02:50:00
15|34|Sagitario Iv|4326|1502170|2170|2026-09-29 02:50:00
15|34|Los Alamos|4326|1502171|2171|2026-09-29 02:50:00
15|34|Suites De Aragon - Villas De Aragon|4326|1502172|2172|2026-09-29 02:50:00
15|34|Alborada|4326|1502173|2173|2026-09-29 02:50:00
15|34|Poligono Ii|4326|1502174|2174|2026-09-29 02:50:00
15|34|Poligono V|4326|1502175|2175|2026-09-29 02:50:00
15|34|Ignacio Allende|4326|1502176|2176|2026-09-29 02:50:00
15|34|Rinconada De Aragon|4326|1502177|2177|2026-09-29 02:50:00
15|34|Poligono I|4326|1502178|2178|2026-09-29 02:50:00
15|34|Ciudad Azteca 3ra Seccion|4326|1502179|2179|2026-09-29 02:50:00
15|34|La Florida Ciudad Azteca|4326|1502180|2180|2026-09-29 02:50:00
15|34|La Florida|4326|1502182|2182|2026-09-29 02:50:00
15|34|Villas 1ro De Agosto|4326|1502186|2186|2026-09-29 02:50:00
15|34|Aldeas De Aragon|4326|1502188|2188|2026-09-29 02:50:00
15|60|Cuchilla Del Tesoro|4326|1502190|2190|2026-09-29 02:50:00
15|71|2 De Marzo|4326|1502199|2199|2026-09-29 02:50:00
15|71|Frente Popular Francisco Villa Los Reyes La Paz|4326|1502200|2200|2026-09-29 02:50:00
15|71|Tecamachalco|4326|1502201|2201|2026-09-29 02:50:00
15|71|Las Alamedas|4326|1502203|2203|2026-09-29 02:50:00
15|71|Ricardo Flores Magon|4326|1502218|2218|2026-09-29 02:50:00
15|71|Tecamachalco|4326|1502224|2224|2026-09-29 02:50:00
15|11|Nezahualcoyotl - Santa Isabel Ixtapan|4326|1502251|2251|2026-09-29 02:50:00
15|122|Del Carmen|4326|1502276|2276|2026-09-29 02:50:00
15|34|Coanalco|4326|1502278|2278|2026-09-29 02:50:00
15|34|Cuanalco Buenavista|4326|1502280|2280|2026-09-29 02:50:00
15|122|La Concepcion|4326|1502282|2282|2026-09-29 02:50:00
15|34|Tlatempa|4326|1502285|2285|2026-09-29 02:50:00
15|34|El Callejon|4326|1502286|2286|2026-09-29 02:50:00
15|34|Cuauhtemoc|4326|1502287|2287|2026-09-29 02:50:00
15|34|La Virgen|4326|1502291|2291|2026-09-29 02:50:00
15|122|Maria Isabel|4326|1502295|2295|2026-09-29 02:50:00
15|34|Texalpa|4326|1502298|2298|2026-09-29 02:50:00
15|122|Santiago|4326|1502299|2299|2026-09-29 02:50:00
15|34|Tecuexcomac|4326|1502302|2302|2026-09-29 02:50:00
15|122|El Agostadero|4326|1502303|2303|2026-09-29 02:50:00
15|34|Rufino Tamayo|4326|1502306|2306|2026-09-29 02:50:00
15|122|San Miguel Las Tablas|4326|1502308|2308|2026-09-29 02:50:00
15|34|Buenos Aires|4326|1502312|2312|2026-09-29 02:50:00
15|34|Area Nueva|4326|1502314|2314|2026-09-29 02:50:00
15|34|Almarcigo Norte|4326|1502318|2318|2026-09-29 02:50:00
15|34|Almarcigo Sur|4326|1502321|2321|2026-09-29 02:50:00
15|34|La Presa|4326|1502324|2324|2026-09-29 02:50:00
15|34|Plan De Ayala|4326|1502325|2325|2026-09-29 02:50:00
15|34|Benito Juarez 3ra Seccion|4326|1502326|2326|2026-09-29 02:50:00
15|34|Benito Juarez 2da Seccion|4326|1502328|2328|2026-09-29 02:50:00
15|34|Benito Juarez 1ra Seccion|4326|1502331|2331|2026-09-29 02:50:00
15|34|Teja De Bordos|4326|1502332|2332|2026-09-29 02:50:00
15|47|Santa Maria Mazatla|4326|1502333|2333|2026-09-29 02:50:00
15|34|La Esperanza|4326|1502334|2334|2026-09-29 02:50:00
15|122|San Miguel Xico Ii Seccion|4326|1502336|2336|2026-09-29 02:50:00
15|34|La Lomita|4326|1502339|2339|2026-09-29 02:50:00
15|34|Arboledas|4326|1502340|2340|2026-09-29 02:50:00
15|34|Los Bordos|4326|1502341|2341|2026-09-29 02:50:00
15|34|Buenavista|4326|1502342|2342|2026-09-29 02:50:00
15|34|La Palma|4326|1502344|2344|2026-09-29 02:50:00
15|34|El Mirador|4326|1502347|2347|2026-09-29 02:50:00
15|34|Hank Gonzalez|4326|1502349|2349|2026-09-29 02:50:00
15|34|Franja Valle De Mexico|4326|1502357|2357|2026-09-29 02:50:00
15|34|Nicolas Bravo|4326|1502358|2358|2026-09-29 02:50:00
15|34|Nicolas Bravo (sagitario 9)|4326|1502359|2359|2026-09-29 02:50:00
15|34|Heroes De Granaditas (sagitario 6)|4326|1502360|2360|2026-09-29 02:50:00
15|34|Ejercito Del Trabajo Iii|4326|1502361|2361|2026-09-29 02:50:00
15|34|Flores De Aragon|4326|1502362|2362|2026-09-29 02:50:00
15|34|Asa|4326|1502363|2363|2026-09-29 02:50:00
15|34|Granjas Independencia|4326|1502364|2364|2026-09-29 02:50:00
15|34|La Glorieta|4326|1502365|2365|2026-09-29 02:50:00
15|34|Ctm 14|4326|1502366|2366|2026-09-29 02:50:00
15|34|Codice Mendocino Ii|4326|1502367|2367|2026-09-29 02:50:00
15|34|Codice Mendocino I|4326|1502368|2368|2026-09-29 02:50:00
15|34|Codice Mendocino|4326|1502369|2369|2026-09-29 02:50:00
15|34|Sagitario 5|4326|1502370|2370|2026-09-29 02:50:00
15|34|Arboledas De Aragon|4326|1502371|2371|2026-09-29 02:50:00
15|34|Pedro Ojeda Paullada|4326|1502372|2372|2026-09-29 02:50:00
15|34|Pedro Ojeda Paullada|4326|1502373|2373|2026-09-29 02:50:00
15|34|Renacimiento De Aragon|4326|1502374|2374|2026-09-29 02:50:00
15|34|Croc Avenida Central|4326|1502375|2375|2026-09-29 02:50:00
15|34|Granjas Independencia A (granjas Independencia)|4326|1502376|2376|2026-09-29 02:50:00
15|34|Tablas Del Pozo|4326|1502377|2377|2026-09-29 02:50:00
15|34|Nuevo Valle De Aragon|4326|1502378|2378|2026-09-29 02:50:00
15|34|Valle De Aragon|4326|1502379|2379|2026-09-29 02:50:00
15|34|Media Luna|4326|1502380|2380|2026-09-29 02:50:00
15|34|Sagitario 2 ( Felipe Angeles)|4326|1502382|2382|2026-09-29 02:50:00
15|34|Sagitario 3|4326|1502383|2383|2026-09-29 02:50:00
15|34|Estrella De Oriente|4326|1502384|2384|2026-09-29 02:50:00
15|34|Tepeolulco|4326|1502385|2385|2026-09-29 02:50:00
15|34|Granjas Independencia B|4326|1502386|2386|2026-09-29 02:50:00
15|34|Solidaridad 90 (martires De Rio Blanco)|4326|1502387|2387|2026-09-29 02:50:00
15|34|Sagitario 1|4326|1502390|2390|2026-09-29 02:50:00
15|34|Ejercito Del Trabajo Ii|4326|1502391|2391|2026-09-29 02:50:00
15|34|Norte San Pedro Xaloxtoc|4326|1502392|2392|2026-09-29 02:50:00
15|34|Izcalli Santa Clara 2da Etapa|4326|1502393|2393|2026-09-29 02:50:00
15|34|Ejercito Del Trabajo I|4326|1502394|2394|2026-09-29 02:50:00
15|34|Fernando De Alba|4326|1502395|2395|2026-09-29 02:50:00
15|34|Nezahualpilli|4326|1502396|2396|2026-09-29 02:50:00
15|34|Bugambilias De Aragon|4326|1502397|2397|2026-09-29 02:50:00
15|34|Prizo 2|4326|1502398|2398|2026-09-29 02:50:00
15|34|Prizo 1|4326|1502399|2399|2026-09-29 02:50:00
15|34|Sauces 2|4326|1502400|2400|2026-09-29 02:50:00
15|34|Novela Mexicana 2|4326|1502401|2401|2026-09-29 02:50:00
15|34|Sauces Coalicion|4326|1502402|2402|2026-09-29 02:50:00
15|34|Petroquimica 2 Federacion Ecatepec|4326|1502403|2403|2026-09-29 02:50:00
15|34|Martires De Rio Blanco|4326|1502404|2404|2026-09-29 02:50:00
15|34|Poesia Mexicana|4326|1502405|2405|2026-09-29 02:50:00
15|34|16 De Septiembre|4326|1502406|2406|2026-09-29 02:50:00
15|34|Fuentes De Aragon ( Valle De Anahuac Secc B)|4326|1502407|2407|2026-09-29 02:50:00
15|34|Poligono Iii|4326|1502408|2408|2026-09-29 02:50:00
15|34|Tolotzin Ii|4326|1502409|2409|2026-09-29 02:50:00
15|34|Sagitario Viii- Coronel Jose Antonio Torres|4326|1502410|2410|2026-09-29 02:50:00
15|34|Progreso De La Union|4326|1502413|2413|2026-09-29 02:50:00
15|34|Josefa Ortiz De Dominguez - Sagitario Vii|4326|1502419|2419|2026-09-29 02:50:00
15|34|Mexicanos Unidos|4326|1502422|2422|2026-09-29 02:50:00
15|34|Valle De Ecatepec- Ctm Xiii|4326|1502423|2423|2026-09-29 02:50:00
15|34|Joyas De Ecatepec|4326|1502424|2424|2026-09-29 02:50:00
15|34|Ampliacion Joyas|4326|1502426|2426|2026-09-29 02:50:00
15|34|Valle De Ecatepec - Alfredo Torres|4326|1502427|2427|2026-09-29 02:50:00
15|34|Juan De La Barrera|4326|1502431|2431|2026-09-29 02:50:00
15|34|Valle De Ecatepec|4326|1502432|2432|2026-09-29 02:50:00
15|34|Potrero Chico|4326|1502435|2435|2026-09-29 02:50:00
15|60|Lazaro Cardenas|4326|1502452|2452|2026-09-29 02:50:00
15|60|Lazaro Cardenas|4326|1502457|2457|2026-09-29 02:50:00
15|60|Canal De Sales ( Lazaro Cardenas )|4326|1502461|2461|2026-09-29 02:50:00
15|60|Ampl Cd Lago  2  ( Ampl Cd Lago Comunicacion Ac )|4326|1502462|2462|2026-09-29 02:50:00
15|60|Antonio Alzate|4326|1502463|2463|2026-09-29 02:50:00
15|60|Cd Lago|4326|1502464|2464|2026-09-29 02:50:00
15|60|Bosques De Aragon|4326|1502468|2468|2026-09-29 02:50:00
15|34|Valle De Ecatepec|4326|1502469|2469|2026-09-29 02:50:00
15|34|El Dique|4326|1502470|2470|2026-09-29 02:50:00
15|44|Cruz Larga|4326|1502473|2473|2026-09-29 02:50:00
15|60|Las Flores|4326|1502474|2474|2026-09-29 02:50:00
15|60|El Palmar|4326|1502476|2476|2026-09-29 02:50:00
15|38|Xiguiro|4326|1502477|2477|2026-09-29 02:50:00
15|60|Tamaulipas|4326|1502478|2478|2026-09-29 02:50:00
15|60|Virgencitas|4326|1502479|2479|2026-09-29 02:50:00
15|38|Ignacio Allende|4326|1502480|2480|2026-09-29 02:50:00
15|38|El Palacio|4326|1502481|2481|2026-09-29 02:50:00
15|60|Mexico 2da Seccion|4326|1502482|2482|2026-09-29 02:50:00
15|60|Las Fuentes|4326|1502484|2484|2026-09-29 02:50:00
15|60|Porfirio Diaz|4326|1502485|2485|2026-09-29 02:50:00
15|60|Modelo|4326|1502489|2489|2026-09-29 02:50:00
15|60|Metropolitana 1ra Seccion|4326|1502490|2490|2026-09-29 02:50:00
15|60|Atlacomulco|4326|1502491|2491|2026-09-29 02:50:00
15|60|Raul Romero|4326|1502492|2492|2026-09-29 02:50:00
15|60|Mexico 1ra Seccion|4326|1502493|2493|2026-09-29 02:50:00
15|38|Zacamulpa|4326|1502494|2494|2026-09-29 02:50:00
15|60|Pavon|4326|1502495|2495|2026-09-29 02:50:00
15|38|San Jacinto|4326|1502498|2498|2026-09-29 02:50:00
15|60|Nezahualcoyotl|4326|1502499|2499|2026-09-29 02:50:00
15|38|Santiago Yancuitlalpan|4326|1502500|2500|2026-09-29 02:50:00
15|63|La Marqueza|4326|1502502|2502|2026-09-29 02:50:00
15|60|Los Volcanes|4326|1502503|2503|2026-09-29 02:50:00
15|60|Porvenir|4326|1502504|2504|2026-09-29 02:50:00
15|60|Juarez Pantitlan|4326|1502505|2505|2026-09-29 02:50:00
15|38|San Fernando|4326|1502506|2506|2026-09-29 02:50:00
15|38|Villa Florence|4326|1502507|2507|2026-09-29 02:50:00
15|38|Jesus Del Monte|4326|1502508|2508|2026-09-29 02:50:00
15|38|Hacienda De Las Palmas|4326|1502509|2509|2026-09-29 02:50:00
15|38|Paseo De Las Palmas-villa De Las Lomas|4326|1502510|2510|2026-09-29 02:50:00
15|38|Bosque De Las Palmas|4326|1502511|2511|2026-09-29 02:50:00
15|38|Pirules|4326|1502512|2512|2026-09-29 02:50:00
15|38|Lomas Anahuac|4326|1502513|2513|2026-09-29 02:50:00
15|38|Parques De La Herradura|4326|1502514|2514|2026-09-29 02:50:00
15|38|Galardon|4326|1502515|2515|2026-09-29 02:50:00
15|38|Paradise|4326|1502516|2516|2026-09-29 02:50:00
15|38|Palo Solo|4326|1502517|2517|2026-09-29 02:50:00
15|38|Tierra Y Libertad|4326|1502518|2518|2026-09-29 02:50:00
15|38|El Bosque|4326|1502519|2519|2026-09-29 02:50:00
15|38|Monton Cuarteles|4326|1502520|2520|2026-09-29 02:50:00
15|38|Lomas Country Club|4326|1502521|2521|2026-09-29 02:50:00
15|38|Loma Del Carmen|4326|1502522|2522|2026-09-29 02:50:00
15|38|La Unidad|4326|1502523|2523|2026-09-29 02:50:00
15|38|Federal Burocratica|4326|1502524|2524|2026-09-29 02:50:00
15|38|Bosques De La Herradura|4326|1502525|2525|2026-09-29 02:50:00
15|38|Las Canteras|4326|1502526|2526|2026-09-29 02:50:00
15|38|El Pedregal|4326|1502527|2527|2026-09-29 02:50:00
15|38|El Arenal|4326|1502528|2528|2026-09-29 02:50:00
15|38|Paraje Trejo|4326|1502529|2529|2026-09-29 02:50:00
15|38|El Obraje|4326|1502530|2530|2026-09-29 02:50:00
15|122|Dario Martinez 2da  Secc|4326|1502549|2549|2026-09-29 02:50:00
15|122|San Juan Tlalpizahuac|4326|1502552|2552|2026-09-29 02:50:00
15|122|Santa Catarina Yecahuizotl|4326|1502553|2553|2026-09-29 02:50:00
15|122|Alfredo Del Mazo|4326|1502558|2558|2026-09-29 02:50:00
15|122|Dario Martinez 1ra Seccion|4326|1502559|2559|2026-09-29 02:50:00
15|122|Geovillas De La Asuncion|4326|1502562|2562|2026-09-29 02:50:00
15|122|Ampliacion Santa Catarina|4326|1502565|2565|2026-09-29 02:50:00
15|122|Carlos Salinas De Gortari (san Gregorio)|4326|1502567|2567|2026-09-29 02:50:00
15|40|San Juan Tlalpizahuac|4326|1502568|2568|2026-09-29 02:50:00
15|122|Predio Santa Catarina|4326|1502591|2591|2026-09-29 02:50:00
15|32|Copalera|4326|1502600|2600|2026-09-29 02:50:00
15|32|Capulin Totolco-lomas De Totolco-la Ladera|4326|1502612|2612|2026-09-29 02:50:00
15|32|La Ladera-san Juan Zapotla|4326|1502621|2621|2026-09-29 02:50:00
15|32|La Mina- San Juan Zapotla|4326|1502624|2624|2026-09-29 02:50:00
15|32|San Juan Zapotla|4326|1502625|2625|2026-09-29 02:50:00
15|32|Cabecera Municipal|4326|1502629|2629|2026-09-29 02:50:00
15|32|Cabecera Municipal-col San Andres|4326|1502634|2634|2026-09-29 02:50:00
15|32|San Juan Zapotla|4326|1502639|2639|2026-09-29 02:50:00
15|32|San Isidro- San Juan Zapotla|4326|1502649|2649|2026-09-29 02:50:00
15|32|San Andres- Lomas De Chimalhuacan|4326|1502654|2654|2026-09-29 02:50:00
15|32|Tlaixco 2|4326|1502660|2660|2026-09-29 02:50:00
15|32|Olmedo Ii- Barrio San Pablo|4326|1502662|2662|2026-09-29 02:50:00
15|34|Buenavista Tepexicasco|4326|1502676|2676|2026-09-29 02:50:00
15|32|San Pablo|4326|1502708|2708|2026-09-29 02:50:00
15|38|El Olivo|4326|1502713|2713|2026-09-29 02:50:00
15|38|Lomas Del Sol|4326|1502716|2716|2026-09-29 02:50:00
15|38|Balcones  De La Herradura|4326|1502719|2719|2026-09-29 02:50:00
15|38|Corazon De La Herradura|4326|1502720|2720|2026-09-29 02:50:00
15|60|El Sol|4326|1502721|2721|2026-09-29 02:50:00
15|38|Bosques De Las Lomas|4326|1502722|2722|2026-09-29 02:50:00
15|60|Estado De Mexico|4326|1502723|2723|2026-09-29 02:50:00
15|38|El Laurel|4326|1502724|2724|2026-09-29 02:50:00
15|38|La Coronita|4326|1502726|2726|2026-09-29 02:50:00
15|34|Villas De Jajalpa|4326|1502738|2738|2026-09-29 02:50:00
15|32|Fundidores|4326|1502874|2874|2026-09-29 02:50:00
15|32|Tlatel Xochitenco|4326|1502877|2877|2026-09-29 02:50:00
15|32|Labradores|4326|1502879|2879|2026-09-29 02:50:00
15|32|Col Rosita Arenas - Barr Transportistas|4326|1502884|2884|2026-09-29 02:50:00
15|32|Nueva Margarita - Ni?os Heroes|4326|1502887|2887|2026-09-29 02:50:00
15|34|Santa Clara|4326|1502899|2899|2026-09-29 02:50:00
15|34|Miguel Hidalgo - R1|4326|1502999|2999|2026-09-29 02:50:00
15|38|El Cerrito|4326|1503014|3014|2026-09-29 02:50:00
15|38|San Juan Yautepec|4326|1503022|3022|2026-09-29 02:50:00
15|64|Santa Martha|4326|1503027|3027|2026-09-29 02:50:00
15|44|El Capulin|4326|1503040|3040|2026-09-29 02:50:00
15|34|Conjunto Tulpetlac|4326|1503043|3043|2026-09-29 02:50:00
15|34|Conjunto Guanajuato|4326|1503047|3047|2026-09-29 02:50:00
15|38|Ejido La Magdalena Chichicaspa|4326|1503049|3049|2026-09-29 02:50:00
15|34|Rancho Del Montecillo|4326|1503057|3057|2026-09-29 02:50:00
15|34|El Ranchito Tulpetlac|4326|1503070|3070|2026-09-29 02:50:00
15|34|Aldeas De Tulpetlac|4326|1503072|3072|2026-09-29 02:50:00
15|34|El Gallito|4326|1503081|3081|2026-09-29 02:50:00
15|38|San Bartolome Coatepec|4326|1503083|3083|2026-09-29 02:50:00
15|34|Lomas De Atzolco|4326|1503088|3088|2026-09-29 02:50:00
15|38|Frondoso|4326|1503090|3090|2026-09-29 02:50:00
15|34|El Capulin|4326|1503091|3091|2026-09-29 02:50:00
15|26|San Mateo Huitzilzingo|4326|1503114|3114|2026-09-29 02:50:00
15|26|Caserio De Cortes|4326|1503124|3124|2026-09-29 02:50:00
15|26|Las Nieves|4326|1503125|3125|2026-09-29 02:50:00
15|26|La Luz|4326|1503127|3127|2026-09-29 02:50:00
15|26|San Juan Tezompa|4326|1503128|3128|2026-09-29 02:50:00
15|26|San Pedro|4326|1503132|3132|2026-09-29 02:50:00
15|26|Guadalupe|4326|1503135|3135|2026-09-29 02:50:00
15|26|San Jose|4326|1503138|3138|2026-09-29 02:50:00
15|100|De Tocuila - El Barco|4326|1503152|3152|2026-09-29 02:50:00
15|100|San Miguel Tocuila|4326|1503158|3158|2026-09-29 02:50:00
15|71|Unidad Anahuac|4326|1503174|3174|2026-09-29 02:50:00
15|71|Tlazala|4326|1503175|3175|2026-09-29 02:50:00
15|71|Carlos Hank Gonzalez|4326|1503187|3187|2026-09-29 02:50:00
15|71|Techachaltitla|4326|1503193|3193|2026-09-29 02:50:00
15|71|Bosques De La Magdalena|4326|1503194|3194|2026-09-29 02:50:00
15|71|Lomas De Altavista|4326|1503195|3195|2026-09-29 02:50:00
15|71|Bosques De La Magdalena|4326|1503205|3205|2026-09-29 02:50:00
15|71|Ferrocarriles|4326|1503208|3208|2026-09-29 02:50:00
15|32|Curtidores|4326|1503356|3356|2026-09-29 02:50:00
15|32|Cesteros|4326|1503374|3374|2026-09-29 02:50:00
15|71|Sin Nombre|4326|1503438|3438|2026-09-29 02:50:00
15|71|Loma Encantada|4326|1503441|3441|2026-09-29 02:50:00
15|71|Paraje San Isidro|4326|1503447|3447|2026-09-29 02:50:00
15|71|San Isidro|4326|1503452|3452|2026-09-29 02:50:00
15|71|Ex Hacienda San Isidro|4326|1503454|3454|2026-09-29 02:50:00
15|71|Geovillas San Isidro|4326|1503457|3457|2026-09-29 02:50:00
15|100|De San Felipe - De Sta Cruz De Abajo|4326|1503465|3465|2026-09-29 02:50:00
15|71|Reyes 1|4326|1503471|3471|2026-09-29 02:50:00
15|71|Primavera|4326|1503472|3472|2026-09-29 02:50:00
15|71|Mariel|4326|1503477|3477|2026-09-29 02:50:00
15|71|Lomas De San Isidro|4326|1503488|3488|2026-09-29 02:50:00
15|32|Nueva Santa Cruz|4326|1503625|3625|2026-09-29 02:50:00
15|47|Encido|4326|1503629|3629|2026-09-29 02:50:00
15|47|Dongu|4326|1503630|3630|2026-09-29 02:50:00
15|61|Residencial San Carlos|4326|1503639|3639|2026-09-29 02:50:00
15|71|Arenal|4326|1503647|3647|2026-09-29 02:50:00
15|38|San Ramon|4326|1503663|3663|2026-09-29 02:50:00
15|60|Ampl Cd Lago 1|4326|1503664|3664|2026-09-29 02:50:00
15|60|Plazas De Aragon|4326|1503665|3665|2026-09-29 02:50:00
15|32|Plateros|4326|1503668|3668|2026-09-29 02:50:00
15|32|Jugueteros - Col Nueva Guadalupe|4326|1503670|3670|2026-09-29 02:50:00
15|38|San Juan|4326|1503689|3689|2026-09-29 02:50:00
15|38|Santiago|4326|1503691|3691|2026-09-29 02:50:00
15|38|El Plan|4326|1503692|3692|2026-09-29 02:50:00
15|38|Agua Blanca|4326|1503750|3750|2026-09-29 02:50:00
15|38|Agua Bendita|4326|1503751|3751|2026-09-29 02:50:00
15|38|El Hielo|4326|1503755|3755|2026-09-29 02:50:00
15|47|La Cuesta|4326|1503794|3794|2026-09-29 02:50:00
15|2|Geo Villas De Terranova 2da Seccion|4326|1503817|3817|2026-09-29 02:50:00
15|2|Real Del Valle 2da Seccion|4326|1503820|3820|2026-09-29 02:50:00
15|34|12 De Diciembre|4326|1503845|3845|2026-09-29 02:50:00
15|34|Las Americas|4326|1503863|3863|2026-09-29 02:50:00
15|34|Caleria|4326|1503864|3864|2026-09-29 02:50:00
15|34|Familiar Magisterial Ecatepec|4326|1503866|3866|2026-09-29 02:50:00
15|32|Predio Zotongo-tlaixco|4326|1503974|3974|2026-09-29 02:50:00
15|34|Fuentes De San Cristobal|4326|1503976|3976|2026-09-29 02:50:00
15|38|San Francisco Ayotuxco|4326|1504003|4003|2026-09-29 02:50:00
15|32|Tepenepantla|4326|1504020|4020|2026-09-29 02:50:00
15|60|Ampl Impulsora (las Antenas) (emilio Chuayffet)|4326|1504045|4045|2026-09-29 02:50:00
15|11|El Salado|4326|1504046|4046|2026-09-29 02:50:00
15|60|Ing Manuel Cadena Morales|4326|1504164|4164|2026-09-29 02:50:00
15|11|San Cristobal Nexquipayac|4326|1504267|4267|2026-09-29 02:50:00
15|32|Benjamin Herrera|4326|1504314|4314|2026-09-29 02:50:00
15|32|Humberto Vidal-la Ladera|4326|1504315|4315|2026-09-29 02:50:00
15|122|San Martin Xico-la Laguna|4326|1504396|4396|2026-09-29 02:50:00
15|47|Rancho Blanco|4326|1504437|4437|2026-09-29 02:50:00
15|34|Santa Clara Coatitla|4326|1504511|4511|2026-09-29 02:50:00
15|38|Torres Nova|4326|1504544|4544|2026-09-29 02:50:00
15|38|Altos|4326|1504545|4545|2026-09-29 02:50:00
15|38|La Cima|4326|1504546|4546|2026-09-29 02:50:00
15|38|San Jose Huiloteapan|4326|1504554|4554|2026-09-29 02:50:00
15|34|Predio Xochicuac|4326|1504559|4559|2026-09-29 02:50:00
15|38|Palmas Altas|4326|1504582|4582|2026-09-29 02:50:00
15|38|Sazzi Loft|4326|1504583|4583|2026-09-29 02:50:00
15|38|Torre Privat 2|4326|1504584|4584|2026-09-29 02:50:00
15|38|Interlomas|4326|1504585|4585|2026-09-29 02:50:00
15|38|Orbis|4326|1504586|4586|2026-09-29 02:50:00
15|38|Placet No10|4326|1504587|4587|2026-09-29 02:50:00
15|38|Villas Fiesole|4326|1504589|4589|2026-09-29 02:50:00
15|38|Torre Tao|4326|1504590|4590|2026-09-29 02:50:00
15|38|La Vista|4326|1504591|4591|2026-09-29 02:50:00
15|38|Acueducto|4326|1504592|4592|2026-09-29 02:50:00
15|38|Monte Carlo|4326|1504593|4593|2026-09-29 02:50:00
15|38|Monaco|4326|1504594|4594|2026-09-29 02:50:00
15|38|La Cima|4326|1504595|4595|2026-09-29 02:50:00
15|38|Villa Magna|4326|1504596|4596|2026-09-29 02:50:00
15|38|Puerta Del Lago|4326|1504597|4597|2026-09-29 02:50:00
15|38|Torres Placet|4326|1504598|4598|2026-09-29 02:50:00
15|32|Transportistas|4326|1504697|4697|2026-09-29 02:50:00
15|38|La Herradura|4326|1504729|4729|2026-09-29 02:50:00
15|38|Santa Cruz  Ayotuxco|4326|1504732|4732|2026-09-29 02:50:00
15|34|Torres De San Carlos|4326|1504744|4744|2026-09-29 02:50:00
15|38|Lomas De La Herradura|4326|1504746|4746|2026-09-29 02:50:00
15|38|Privilege|4326|1504747|4747|2026-09-29 02:50:00
15|38|Jardines De La Herradura|4326|1504748|4748|2026-09-29 02:50:00
15|38|Ampliacion Palo Solo|4326|1504749|4749|2026-09-29 02:50:00
15|34|America Santa Clara|4326|1504750|4750|2026-09-29 02:50:00
15|34|Jardines De Santa Clara|4326|1504751|4751|2026-09-29 02:50:00
15|122|Ni?os Heroes I|4326|1504760|4760|2026-09-29 02:50:00
15|39|Los Jarros|4326|1504764|4764|2026-09-29 02:50:00
15|122|San Miguel Xico I Seccion|4326|1504775|4775|2026-09-29 02:50:00
15|60|Cd Lago|4326|1504786|4786|2026-09-29 02:50:00
15|122|San Miguel Xico Iii Seccion|4326|1504801|4801|2026-09-29 02:50:00
15|34|Barranquillas|4326|1504868|4868|2026-09-29 02:50:00
15|2|Las Brisas|4326|1504900|4900|2026-09-29 02:50:00
15|100|San Felipe Y Santa Cruz|4326|1504924|4924|2026-09-29 02:50:00
15|34|Paraje El Caballito|4326|1504939|4939|2026-09-29 02:50:00
15|34|El Ostor|4326|1504957|4957|2026-09-29 02:50:00
15|122|Santa Cruz|4326|1505010|5010|2026-09-29 02:50:00
15|122|El Triangulo Comalchica|4326|1505011|5011|2026-09-29 02:50:00
15|122|El Sapo|4326|1505012|5012|2026-09-29 02:50:00
15|34|Benito Juarez 4ta Seccion-benito Juarez 5ta Seccion|4326|1505033|5033|2026-09-29 02:50:00
15|71|Arcangel La Paz|4326|1505076|5076|2026-09-29 02:50:00
15|38|San Cristobal Texcalucan|4326|1505097|5097|2026-09-29 02:50:00
15|38|La Magdalena Chichicaspa|4326|1505098|5098|2026-09-29 02:50:00
15|38|Paraje El Mirador|4326|1505105|5105|2026-09-29 02:50:00
15|38|Highland Park Iii|4326|1505121|5121|2026-09-29 02:50:00
15|38|Palo Solo|4326|1505122|5122|2026-09-29 02:50:00
15|38|Highland Park|4326|1505137|5137|2026-09-29 02:50:00
15|122|La Punta|4326|1505147|5147|2026-09-29 02:50:00
15|34|Villa Galia|4326|1505189|5189|2026-09-29 02:50:00
15|34|Nopalera|4326|1505245|5245|2026-09-29 02:50:00
15|34|6ta Seccion Benito Juarez|4326|1505246|5246|2026-09-29 02:50:00
15|34|Alfredo Torres- Colonos De Mexico|4326|1505256|5256|2026-09-29 02:50:00
15|34|La Playita|4326|1505257|5257|2026-09-29 02:50:00
15|71|Reyes Ii|4326|1505276|5276|2026-09-29 02:50:00
15|34|Alfredo Del Mazo|4326|1505320|5320|2026-09-29 02:50:00
15|32|Atlamac|4326|1505331|5331|2026-09-29 02:50:00
15|71|Atlazalpa|4326|1505340|5340|2026-09-29 02:50:00
15|32|Villa San Lorenzo 2da Seccion|4326|1505359|5359|2026-09-29 02:50:00
15|32|Cerro De Las Palomas|4326|1505360|5360|2026-09-29 02:50:00
15|32|Ampl San Agustin|4326|1505365|5365|2026-09-29 02:50:00
15|32|La Joyita|4326|1505366|5366|2026-09-29 02:50:00
15|34|Rinconada De Santa Clara|4326|1505371|5371|2026-09-29 02:50:00
15|34|Real De Santa Clara|4326|1505372|5372|2026-09-29 02:50:00
15|32|Adolfo Lopez Mateos|4326|1505404|5404|2026-09-29 02:50:00
15|32|Buenos Aires|4326|1505405|5405|2026-09-29 02:50:00
15|32|Villa San Agustin Atlapulco- Balcones De San Agustin|4326|1505406|5406|2026-09-29 02:50:00
15|71|San Sebastian Chimalpa|4326|1505407|5407|2026-09-29 02:50:00
15|39|Ca?ada De Onofres|4326|1505409|5409|2026-09-29 02:50:00
15|38|Bosque Alto|4326|1505414|5414|2026-09-29 02:50:00
15|38|Privada Del Bosque|4326|1505418|5418|2026-09-29 02:50:00
15|122|Ejido|4326|1505444|5444|2026-09-29 02:50:00
15|122|Ejido|4326|1505445|5445|2026-09-29 02:50:00
15|38|Constituyentes De 1917|4326|1505462|5462|2026-09-29 02:50:00
15|34|Coanalco Seccion Laderas|4326|1505480|5480|2026-09-29 02:50:00
15|32|Miramar|4326|1505486|5486|2026-09-29 02:50:00
15|38|Rinconada De La Herradura|4326|1505514|5514|2026-09-29 02:50:00
15|34|Arboleda San Carlos|4326|1505549|5549|2026-09-29 02:50:00
15|38|Bosque Real Country Club|4326|1505579|5579|2026-09-29 02:50:00
15|122|Ex Hacienda San Isidro|4326|1505606|5606|2026-09-29 02:50:00
15|71|La Magdalena Atlicpac|4326|1505663|5663|2026-09-29 02:50:00
15|71|El Salado|4326|1505664|5664|2026-09-29 02:50:00
15|34|El Caracol|4326|1505668|5668|2026-09-29 02:50:00
15|32|Chimalli|4326|1505673|5673|2026-09-29 02:50:00
15|71|Valle De Los Reyes 2da Secc|4326|1505688|5688|2026-09-29 02:50:00
15|122|Bosques De Xico I Seccion|4326|1505697|5697|2026-09-29 02:50:00
15|38|Paraje La Pera|4326|1505720|5720|2026-09-29 02:50:00
15|38|Dos Rios|4326|1505721|5721|2026-09-29 02:50:00
15|71|Villas De La Paz|4326|1505732|5732|2026-09-29 02:50:00
15|101|Tequisistlan|4326|1505738|5738|2026-09-29 02:50:00
15|101|De Tequisistlan|4326|1505739|5739|2026-09-29 02:50:00
15|11|Nueva Santa Rosa|4326|1505741|5741|2026-09-29 02:50:00
15|11|Granjas Arenal|4326|1505742|5742|2026-09-29 02:50:00
15|71|Ejidal El Pino|4326|1505753|5753|2026-09-29 02:50:00
15|71|Paraje San Antonio|4326|1505779|5779|2026-09-29 02:50:00
15|110|El Tesoro|4326|1505808|5808|2026-09-29 02:50:00
15|110|Sierra De Guadalupe|4326|1505810|5810|2026-09-29 02:50:00
15|110|Solidaridad 3ra Seccion|4326|1505811|5811|2026-09-29 02:50:00
15|110|Rincon Del Bosque|4326|1505875|5875|2026-09-29 02:50:00
15|13|Torres Del Bosque|4326|1505877|5877|2026-09-29 02:50:00
15|13|Fincas De Sayavedra|4326|1505878|5878|2026-09-29 02:50:00
15|13|Plaza Viena|4326|1505879|5879|2026-09-29 02:50:00
15|13|Plaza Praga|4326|1505880|5880|2026-09-29 02:50:00
15|105|Gasera|4326|1505881|5881|2026-09-29 02:50:00
15|13|Lomas De Atizapan|4326|1505882|5882|2026-09-29 02:50:00
15|105|Miguel Hidalgo|4326|1505885|5885|2026-09-29 02:50:00
15|105|Mexico Nuevo|4326|1505887|5887|2026-09-29 02:50:00
15|105|Media Luna|4326|1505889|5889|2026-09-29 02:50:00
15|105|Gustavo Baz|4326|1505890|5890|2026-09-29 02:50:00
15|105|Gustavo Baz P ( Los Reyes Ixtacala)|4326|1505891|5891|2026-09-29 02:50:00
15|105|San Javier|4326|1505892|5892|2026-09-29 02:50:00
15|25|San Martin Obispo|4326|1505893|5893|2026-09-29 02:50:00
15|105|Las Palomas|4326|1505895|5895|2026-09-29 02:50:00
15|105|El Tenayo Sur|4326|1505898|5898|2026-09-29 02:50:00
15|105|El Tenayo|4326|1505899|5899|2026-09-29 02:50:00
15|105|El Tenayo Norte|4326|1505900|5900|2026-09-29 02:50:00
15|105|Cuauhtemoc|4326|1505901|5901|2026-09-29 02:50:00
15|105|Ejidos De Santa Cecilia|4326|1505902|5902|2026-09-29 02:50:00
15|105|Independencia|4326|1505903|5903|2026-09-29 02:50:00
15|105|Ampl Independencia|4326|1505904|5904|2026-09-29 02:50:00
15|105|Acueducto Tenayuca|4326|1505905|5905|2026-09-29 02:50:00
15|105|El Arenal|4326|1505906|5906|2026-09-29 02:50:00
15|105|San Bartolo Tenayuca|4326|1505907|5907|2026-09-29 02:50:00
15|105|Izcalli Piramide Ii|4326|1505908|5908|2026-09-29 02:50:00
15|105|Ahuehuetes|4326|1505909|5909|2026-09-29 02:50:00
15|105|Nueva Ixtacala|4326|1505910|5910|2026-09-29 02:50:00
15|105|Ceylan Ixtacala|4326|1505912|5912|2026-09-29 02:50:00
15|105|Prado Ixtacala|4326|1505913|5913|2026-09-29 02:50:00
15|105|San Felipe Ixtacala|4326|1505914|5914|2026-09-29 02:50:00
15|105|Ampl San Juan Ixtacala|4326|1505915|5915|2026-09-29 02:50:00
15|105|Pipsa|4326|1505916|5916|2026-09-29 02:50:00
15|13|Calacoaya|4326|1505917|5917|2026-09-29 02:50:00
15|105|Miraflores|4326|1505918|5918|2026-09-29 02:50:00
15|105|El Tejocote|4326|1505922|5922|2026-09-29 02:50:00
15|105|San Juan Ixtacala|4326|1505923|5923|2026-09-29 02:50:00
15|105|Franja Municipal|4326|1505927|5927|2026-09-29 02:50:00
15|105|Reforma Urbana|4326|1505928|5928|2026-09-29 02:50:00
15|105|Santa Maria Tlayacampa|4326|1505929|5929|2026-09-29 02:50:00
15|105|Tlayapa|4326|1505930|5930|2026-09-29 02:50:00
15|105|Hogar Obrero|4326|1505931|5931|2026-09-29 02:50:00
15|105|El Olivo Ii|4326|1505932|5932|2026-09-29 02:50:00
15|105|21 De Marzo|4326|1505933|5933|2026-09-29 02:50:00
15|105|Los Parajes|4326|1505934|5934|2026-09-29 02:50:00
15|105|Jose Maria Velasco|4326|1505935|5935|2026-09-29 02:50:00
15|105|Magisterial Tlalnepantla|4326|1505936|5936|2026-09-29 02:50:00
15|105|San Pedro Barrientos|4326|1505937|5937|2026-09-29 02:50:00
15|105|La Azteca|4326|1505938|5938|2026-09-29 02:50:00
15|105|La Providencia|4326|1505939|5939|2026-09-29 02:50:00
15|105|Benito Juarez|4326|1505940|5940|2026-09-29 02:50:00
15|13|Las Arboledas|4326|1505941|5941|2026-09-29 02:50:00
15|13|Vergel De Arboledas|4326|1505942|5942|2026-09-29 02:50:00
15|13|Club De Golf Hacienda|4326|1505943|5943|2026-09-29 02:50:00
15|13|San Miguel Xochimanga|4326|1505944|5944|2026-09-29 02:50:00
15|13|Mayorazgos De Los Gigantes|4326|1505946|5946|2026-09-29 02:50:00
15|110|Ampl San Marcos|4326|1505947|5947|2026-09-29 02:50:00
15|110|Rinconada San Marcos|4326|1505948|5948|2026-09-29 02:50:00
15|13|San Mateo Tecoloapan|4326|1505949|5949|2026-09-29 02:50:00
15|110|Ampl El Tesoro|4326|1505950|5950|2026-09-29 02:50:00
15|110|Ampl Buenavista 2da Seccion|4326|1505951|5951|2026-09-29 02:50:00
15|110|Ampliacion Buenavista|4326|1505952|5952|2026-09-29 02:50:00
15|110|Nueva Tultitlan|4326|1505953|5953|2026-09-29 02:50:00
15|110|Izcalli Del Valle|4326|1505954|5954|2026-09-29 02:50:00
15|110|Valle De Tules|4326|1505955|5955|2026-09-29 02:50:00
15|110|Valle Verde|4326|1505956|5956|2026-09-29 02:50:00
15|110|La Sarda?a|4326|1505957|5957|2026-09-29 02:50:00
15|110|Corredor Ind Lopez Portillo|4326|1505958|5958|2026-09-29 02:50:00
15|58|Manuel Avila Camacho|4326|1505960|5960|2026-09-29 02:50:00
15|58|Campestre Villa Alpina|4326|1505961|5961|2026-09-29 02:50:00
15|13|Rinconada Atizapan|4326|1505962|5962|2026-09-29 02:50:00
15|13|Residencial Las Flores|4326|1505963|5963|2026-09-29 02:50:00
15|13|Residencial Los Sauces|4326|1505964|5964|2026-09-29 02:50:00
15|13|Residencial Pirul|4326|1505965|5965|2026-09-29 02:50:00
15|13|Residencial Los Angeles|4326|1505966|5966|2026-09-29 02:50:00
15|13|La Ca?ada 1|4326|1505967|5967|2026-09-29 02:50:00
15|13|Rincon De Eucalipto|4326|1505968|5968|2026-09-29 02:50:00
15|58|La Cebada|4326|1505970|5970|2026-09-29 02:50:00
15|58|La Magnolia|4326|1505971|5971|2026-09-29 02:50:00
15|58|La Cuspide|4326|1505972|5972|2026-09-29 02:50:00
15|58|Petroquimica|4326|1505973|5973|2026-09-29 02:50:00
15|58|Unidad Bosques De Los Remedios|4326|1505974|5974|2026-09-29 02:50:00
15|58|Lomas De Cantera|4326|1505975|5975|2026-09-29 02:50:00
15|58|Los Fresnos|4326|1505976|5976|2026-09-29 02:50:00
15|58|Parque Industrial Naucalpan|4326|1505977|5977|2026-09-29 02:50:00
15|58|Los Fresnos|4326|1505978|5978|2026-09-29 02:50:00
15|58|Los Alamos|4326|1505979|5979|2026-09-29 02:50:00
15|58|Alte?a Ii|4326|1505980|5980|2026-09-29 02:50:00
15|58|Adolfo Lopez Mateos|4326|1505981|5981|2026-09-29 02:50:00
15|58|Alte?a Iii|4326|1505982|5982|2026-09-29 02:50:00
15|58|10 De Abril|4326|1505983|5983|2026-09-29 02:50:00
15|58|Minas San Martin|4326|1505984|5984|2026-09-29 02:50:00
15|105|Los Arcos Electra|4326|1505985|5985|2026-09-29 02:50:00
15|105|Izcalli Del Rio|4326|1505986|5986|2026-09-29 02:50:00
15|105|San Buenaventura|4326|1505987|5987|2026-09-29 02:50:00
15|13|El Capulin|4326|1505992|5992|2026-09-29 02:50:00
15|58|El Puerto|4326|1505993|5993|2026-09-29 02:50:00
15|58|Ocotitos|4326|1505994|5994|2026-09-29 02:50:00
15|105|Loma Linda - Lomas De Tepeolulco - Ex Ejido De Tepeolulco|4326|1505996|5996|2026-09-29 02:50:00
15|13|Ex - Hacienda Del Pedregal - Lopez Mateos 2da Seccion|4326|1505997|5997|2026-09-29 02:50:00
15|13|Sagitario 1|4326|1505998|5998|2026-09-29 02:50:00
15|13|Adolfo Lopez Mateos - Los Olivos|4326|1505999|5999|2026-09-29 02:50:00
15|13|Ex - Hacienda Del Pedregal - Tierra De Enmedio|4326|1506000|6000|2026-09-29 02:50:00
15|13|Residencial Prado Largo|4326|1506001|6001|2026-09-29 02:50:00
15|13|Hacienda De Valle Escondido|4326|1506002|6002|2026-09-29 02:50:00
15|13|Hacienda De Valle Escondido|4326|1506003|6003|2026-09-29 02:50:00
15|13|Condado De Sayavedra|4326|1506004|6004|2026-09-29 02:50:00
15|58|De Atotonilco|4326|1506005|6005|2026-09-29 02:50:00
15|58|La Luna|4326|1506006|6006|2026-09-29 02:50:00
15|58|De Chimalpa Viejo|4326|1506007|6007|2026-09-29 02:50:00
15|58|3 Piedras|4326|1506008|6008|2026-09-29 02:50:00
15|58|De Bata|4326|1506009|6009|2026-09-29 02:50:00
15|13|Fovissste|4326|1506014|6014|2026-09-29 02:50:00
15|13|Villa Jardin|4326|1506015|6015|2026-09-29 02:50:00
15|13|Porfirio Diaz|4326|1506016|6016|2026-09-29 02:50:00
15|13|San Antonio Los Pocitos|4326|1506017|6017|2026-09-29 02:50:00
15|13|Imperial De Bellavista|4326|1506018|6018|2026-09-29 02:50:00
15|13|Las Pe?itas|4326|1506019|6019|2026-09-29 02:50:00
15|13|Las Colonias|4326|1506020|6020|2026-09-29 02:50:00
15|13|Cerro Grande|4326|1506021|6021|2026-09-29 02:50:00
15|13|Comonfort|4326|1506024|6024|2026-09-29 02:50:00
15|13|Residencial Batel|4326|1506025|6025|2026-09-29 02:50:00
15|13|Villas San Jose|4326|1506026|6026|2026-09-29 02:50:00
15|13|Margarita Maza De Juarez|4326|1506027|6027|2026-09-29 02:50:00
15|13|Las Arboledas|4326|1506028|6028|2026-09-29 02:50:00
15|13|Jardines De Monterrey|4326|1506029|6029|2026-09-29 02:50:00
15|13|Hacienda De La Luz|4326|1506032|6032|2026-09-29 02:50:00
15|105|Tlayapa|4326|1506036|6036|2026-09-29 02:50:00
15|13|Villas De La Hacienda|4326|1506038|6038|2026-09-29 02:50:00
15|105|La Blanca|4326|1506039|6039|2026-09-29 02:50:00
15|13|Residencial San Mateo|4326|1506044|6044|2026-09-29 02:50:00
15|13|San Juan Bosco 1|4326|1506046|6046|2026-09-29 02:50:00
15|13|Club De Golf Hacienda|4326|1506049|6049|2026-09-29 02:50:00
15|13|Profesor Cristobal Higuera|4326|1506051|6051|2026-09-29 02:50:00
15|13|Alfredo V Bonfil|4326|1506053|6053|2026-09-29 02:50:00
15|13|Alfredo V Bonfil|4326|1506059|6059|2026-09-29 02:50:00
15|13|5 De Mayo|4326|1506063|6063|2026-09-29 02:50:00
15|13|Luis Donaldo Colosio - Rinconada Bonfil|4326|1506068|6068|2026-09-29 02:50:00
15|13|Lomas De Tepalcapa|4326|1506070|6070|2026-09-29 02:50:00
15|13|La Nueva Era|4326|1506073|6073|2026-09-29 02:50:00
15|13|Mexico 86|4326|1506078|6078|2026-09-29 02:50:00
15|13|1ro De Septiembre|4326|1506081|6081|2026-09-29 02:50:00
15|13|Villa De Las Palmas- Mirador Las Torres|4326|1506083|6083|2026-09-29 02:50:00
15|13|Lomas De Las Torres|4326|1506084|6084|2026-09-29 02:50:00
15|13|Villa De Las Torres|4326|1506085|6085|2026-09-29 02:50:00
15|13|Villa De Las Palmas|4326|1506086|6086|2026-09-29 02:50:00
15|13|Lomas De Tepalcapa|4326|1506089|6089|2026-09-29 02:50:00
15|13|San Juan Ixtacala Plano Sur|4326|1506093|6093|2026-09-29 02:50:00
15|13|San Juan Ixtacala Plano Norte|4326|1506094|6094|2026-09-29 02:50:00
15|13|L0mas De La Hacienda|4326|1506097|6097|2026-09-29 02:50:00
15|13|El Campanario|4326|1506098|6098|2026-09-29 02:50:00
15|13|Lomas De San Miguel|4326|1506099|6099|2026-09-29 02:50:00
15|13|La Condesa|4326|1506111|6111|2026-09-29 02:50:00
15|13|Bosques De Atizapan|4326|1506112|6112|2026-09-29 02:50:00
15|13|Coporo 11 B|4326|1506116|6116|2026-09-29 02:50:00
15|13|Atizapan 1|4326|1506119|6119|2026-09-29 02:50:00
15|13|Colonial Atizapan|4326|1506120|6120|2026-09-29 02:50:00
15|13|Residencial La Aurora|4326|1506124|6124|2026-09-29 02:50:00
15|13|La Palma|4326|1506126|6126|2026-09-29 02:50:00
15|13|Residencial La Palma 4|4326|1506127|6127|2026-09-29 02:50:00
15|13|Mediterraneo|4326|1506129|6129|2026-09-29 02:50:00
15|13|Colinas De Atizapan|4326|1506130|6130|2026-09-29 02:50:00
15|13|Residencial Real De San Francisco|4326|1506131|6131|2026-09-29 02:50:00
15|13|Oasis|4326|1506132|6132|2026-09-29 02:50:00
15|13|Pedregal De Atizapan|4326|1506141|6141|2026-09-29 02:50:00
15|13|Profesor Cristobal Higuera|4326|1506146|6146|2026-09-29 02:50:00
15|13|Las Aguilas|4326|1506148|6148|2026-09-29 02:50:00
15|13|Casas Lindas|4326|1506151|6151|2026-09-29 02:50:00
15|13|6 De Octubre|4326|1506152|6152|2026-09-29 02:50:00
15|13|Adolfo Lopez Mateos|4326|1506153|6153|2026-09-29 02:50:00
15|13|Hogares De Atizapan|4326|1506154|6154|2026-09-29 02:50:00
15|13|Adolfo Lopez Mateos Seccion Maria Luisa|4326|1506155|6155|2026-09-29 02:50:00
15|58|Alcanfores|4326|1506156|6156|2026-09-29 02:50:00
15|58|Bosques De Moctezuma|4326|1506157|6157|2026-09-29 02:50:00
15|58|El Tejocote|4326|1506158|6158|2026-09-29 02:50:00
15|58|La Presa|4326|1506159|6159|2026-09-29 02:50:00
15|58|San Miguel Tecamachalco|4326|1506160|6160|2026-09-29 02:50:00
15|58|Santa Cruz Acatlan|4326|1506161|6161|2026-09-29 02:50:00
15|58|La Huerta San Mateo|4326|1506162|6162|2026-09-29 02:50:00
15|58|La Radio Benito Juarez|4326|1506163|6163|2026-09-29 02:50:00
15|58|Naucalpan Centro|4326|1506164|6164|2026-09-29 02:50:00
15|58|La Mancha Ii|4326|1506165|6165|2026-09-29 02:50:00
15|58|Cumbres De Himalaya|4326|1506166|6166|2026-09-29 02:50:00
15|58|Colinas De San Mateo|4326|1506167|6167|2026-09-29 02:50:00
15|105|Valle Del Tenayo|4326|1506168|6168|2026-09-29 02:50:00
15|105|Bahia El Copal|4326|1506169|6169|2026-09-29 02:50:00
15|105|San Isidro|4326|1506170|6170|2026-09-29 02:50:00
15|13|Calacoaya|4326|1506171|6171|2026-09-29 02:50:00
15|105|La Joya Ixtacala|4326|1506172|6172|2026-09-29 02:50:00
15|13|San Juan Bosco 2|4326|1506173|6173|2026-09-29 02:50:00
15|13|Demetrio Vallejo|4326|1506174|6174|2026-09-29 02:50:00
15|13|Capistrano|4326|1506175|6175|2026-09-29 02:50:00
15|13|Torres De Atizapan 6|4326|1506176|6176|2026-09-29 02:50:00
15|13|Torres De Atizapan 8|4326|1506177|6177|2026-09-29 02:50:00
15|13|Alborada|4326|1506178|6178|2026-09-29 02:50:00
15|105|Petrolera|4326|1506179|6179|2026-09-29 02:50:00
15|13|Residencial Las Bugambilias|4326|1506180|6180|2026-09-29 02:50:00
15|13|Lomas De Guadalupe|4326|1506181|6181|2026-09-29 02:50:00
15|13|El Chaparral|4326|1506182|6182|2026-09-29 02:50:00
15|13|De Las Golondrinas|4326|1506183|6183|2026-09-29 02:50:00
15|13|El Chaparral|4326|1506184|6184|2026-09-29 02:50:00
15|13|San Martin|4326|1506185|6185|2026-09-29 02:50:00
15|105|Tequexquinahuac|4326|1506186|6186|2026-09-29 02:50:00
15|105|Residencial El Dorado|4326|1506189|6189|2026-09-29 02:50:00
15|13|Madin|4326|1506190|6190|2026-09-29 02:50:00
15|105|Tequesquinahuac Parte Alta|4326|1506193|6193|2026-09-29 02:50:00
15|105|Cumbres Del Valle|4326|1506196|6196|2026-09-29 02:50:00
15|105|Las Arboledas|4326|1506198|6198|2026-09-29 02:50:00
15|13|Mayorazgos De La Concordia|4326|1506201|6201|2026-09-29 02:50:00
15|105|Loma De Tulpan|4326|1506202|6202|2026-09-29 02:50:00
15|13|Boulevares De Atizapan 31 Y 29|4326|1506203|6203|2026-09-29 02:50:00
15|13|Riachuelo Lomas Del Pedregal|4326|1506205|6205|2026-09-29 02:50:00
15|105|Lomas De Valle Dorado|4326|1506206|6206|2026-09-29 02:50:00
15|13|Mayorazgos Del Bosque|4326|1506208|6208|2026-09-29 02:50:00
15|13|Colinas De Laureles|4326|1506211|6211|2026-09-29 02:50:00
15|13|San Jose El Jaral|4326|1506212|6212|2026-09-29 02:50:00
15|13|Real De Atizapan|4326|1506213|6213|2026-09-29 02:50:00
15|13|Jardines De Atizapan|4326|1506214|6214|2026-09-29 02:50:00
15|13|Residencial Casa Blanca Ii|4326|1506221|6221|2026-09-29 02:50:00
15|13|La Planada - La Explanada|4326|1506222|6222|2026-09-29 02:50:00
15|13|La Cima|4326|1506226|6226|2026-09-29 02:50:00
15|13|Lazaro Cardenas|4326|1506227|6227|2026-09-29 02:50:00
15|13|Residencial Del Bosque|4326|1506230|6230|2026-09-29 02:50:00
15|13|El Roble|4326|1506231|6231|2026-09-29 02:50:00
15|105|Balcones Del Valle|4326|1506233|6233|2026-09-29 02:50:00
15|13|Los Cipreses 2 A|4326|1506234|6234|2026-09-29 02:50:00
15|105|La Joya Chica|4326|1506235|6235|2026-09-29 02:50:00
15|13|Atizapan Moderno|4326|1506236|6236|2026-09-29 02:50:00
15|105|Valle Dorado|4326|1506238|6238|2026-09-29 02:50:00
15|105|Adolfo Lopez Mateos|4326|1506240|6240|2026-09-29 02:50:00
15|105|Valle Ceylan|4326|1506241|6241|2026-09-29 02:50:00
15|13|Las Huertas|4326|1506243|6243|2026-09-29 02:50:00
15|105|La Romana|4326|1506244|6244|2026-09-29 02:50:00
15|13|Virreyes I|4326|1506246|6246|2026-09-29 02:50:00
15|13|Rincon De Bellavista|4326|1506248|6248|2026-09-29 02:50:00
15|13|Real De Bellavista|4326|1506249|6249|2026-09-29 02:50:00
15|105|San Isidro Ixhuatepec|4326|1506251|6251|2026-09-29 02:50:00
15|105|Doctor Jorge Jimenez Cantu|4326|1506252|6252|2026-09-29 02:50:00
15|13|El Mosco|4326|1506253|6253|2026-09-29 02:50:00
15|105|Los Pirules|4326|1506254|6254|2026-09-29 02:50:00
15|105|Loma Azul|4326|1506257|6257|2026-09-29 02:50:00
15|105|Atras Del Tequiquil|4326|1506258|6258|2026-09-29 02:50:00
15|13|Lomas De San Lorenzo|4326|1506260|6260|2026-09-29 02:50:00
15|13|Lomas De San Lorenzo|4326|1506261|6261|2026-09-29 02:50:00
15|13|Patio Real|4326|1506263|6263|2026-09-29 02:50:00
15|13|Las Acacias|4326|1506264|6264|2026-09-29 02:50:00
15|13|Rancho Castro|4326|1506267|6267|2026-09-29 02:50:00
15|105|Robles Patera|4326|1506268|6268|2026-09-29 02:50:00
15|58|Lomas Verdes 4ta Secc|4326|1506271|6271|2026-09-29 02:50:00
15|13|Nuevo Madin|4326|1506272|6272|2026-09-29 02:50:00
15|58|La Concordia|4326|1506273|6273|2026-09-29 02:50:00
15|58|La Luna|4326|1506275|6275|2026-09-29 02:50:00
15|58|Union Popular|4326|1506276|6276|2026-09-29 02:50:00
15|58|La Palma|4326|1506277|6277|2026-09-29 02:50:00
15|58|Rancho Colorado|4326|1506278|6278|2026-09-29 02:50:00
15|58|Praderas De San Mateo|4326|1506279|6279|2026-09-29 02:50:00
15|58|Los Emperadores|4326|1506280|6280|2026-09-29 02:50:00
15|58|Lomas Verdes 1ra Secc|4326|1506281|6281|2026-09-29 02:50:00
15|58|Alte?a I|4326|1506283|6283|2026-09-29 02:50:00
15|58|El Sauzalito|4326|1506285|6285|2026-09-29 02:50:00
15|58|La Alteza|4326|1506286|6286|2026-09-29 02:50:00
15|58|Loma Taurina|4326|1506287|6287|2026-09-29 02:50:00
15|58|Lomas De Las Fuentes|4326|1506288|6288|2026-09-29 02:50:00
15|58|Bugambilias|4326|1506289|6289|2026-09-29 02:50:00
15|58|Las Americas|4326|1506290|6290|2026-09-29 02:50:00
15|58|Santa Cruz Del Monte|4326|1506291|6291|2026-09-29 02:50:00
15|58|Las Americas|4326|1506292|6292|2026-09-29 02:50:00
15|58|Colonial Satelite|4326|1506293|6293|2026-09-29 02:50:00
15|58|Jardines De Satelite|4326|1506294|6294|2026-09-29 02:50:00
15|58|Lomas Verdes 3ra Secc|4326|1506295|6295|2026-09-29 02:50:00
15|58|Tercer Mundo|4326|1506296|6296|2026-09-29 02:50:00
15|58|Izcalli Del Bosque|4326|1506297|6297|2026-09-29 02:50:00
15|105|Lomas De San Andres Atenco|4326|1506298|6298|2026-09-29 02:50:00
15|58|Balcones De Chamapa|4326|1506299|6299|2026-09-29 02:50:00
15|58|San Rafael Chamapa 1ra Seccion|4326|1506300|6300|2026-09-29 02:50:00
15|105|Lomas De Tepeolulco - Puerto Escondido - Ex Ejido De Tepeolu|4326|1506301|6301|2026-09-29 02:50:00
15|13|El Calvario|4326|1506302|6302|2026-09-29 02:50:00
15|13|Arbolada Bellavista|4326|1506303|6303|2026-09-29 02:50:00
15|13|Numero 147|4326|1506304|6304|2026-09-29 02:50:00
15|13|La Cruz|4326|1506305|6305|2026-09-29 02:50:00
15|13|Morelos|4326|1506306|6306|2026-09-29 02:50:00
15|13|Ruise?or|4326|1506307|6307|2026-09-29 02:50:00
15|105|Constitucion De 1917|4326|1506308|6308|2026-09-29 02:50:00
15|13|San Martin De Porres|4326|1506309|6309|2026-09-29 02:50:00
15|105|Division Del Norte|4326|1506311|6311|2026-09-29 02:50:00
15|13|Las Flores|4326|1506313|6313|2026-09-29 02:50:00
15|105|Marina Nacional|4326|1506314|6314|2026-09-29 02:50:00
15|13|Bosques De San Martin|4326|1506315|6315|2026-09-29 02:50:00
15|105|Ferrocarrilera Concepcion Zepeda|4326|1506316|6316|2026-09-29 02:50:00
15|105|20 De Noviembre|4326|1506317|6317|2026-09-29 02:50:00
15|105|La Laguna|4326|1506318|6318|2026-09-29 02:50:00
15|105|Constituyentes De 1857|4326|1506319|6319|2026-09-29 02:50:00
15|105|Magisterial Siglo Xx|4326|1506320|6320|2026-09-29 02:50:00
15|105|Lazaro Cardenas|4326|1506322|6322|2026-09-29 02:50:00
15|13|San Jose Ii|4326|1506324|6324|2026-09-29 02:50:00
15|13|Valle De Mexico|4326|1506331|6331|2026-09-29 02:50:00
15|13|Ruiz Cortinez|4326|1506332|6332|2026-09-29 02:50:00
15|13|Las Alamedas|4326|1506333|6333|2026-09-29 02:50:00
15|13|Atizapan Moderno|4326|1506334|6334|2026-09-29 02:50:00
15|105|Jardines De Santa Cecilia|4326|1506335|6335|2026-09-29 02:50:00
15|105|Izcalli Piramide|4326|1506337|6337|2026-09-29 02:50:00
15|105|Magisterial Vista Bella|4326|1506338|6338|2026-09-29 02:50:00
15|105|San Lucas Tepetlacalco|4326|1506340|6340|2026-09-29 02:50:00
15|105|Santa Cecilia Acatitlan|4326|1506341|6341|2026-09-29 02:50:00
15|105|Vista Hermosa|4326|1506342|6342|2026-09-29 02:50:00
15|105|El Mirador|4326|1506343|6343|2026-09-29 02:50:00
15|105|Plazas De La Colina|4326|1506345|6345|2026-09-29 02:50:00
15|105|Residencias Del Parque|4326|1506346|6346|2026-09-29 02:50:00
15|105|Viveros Del Valle|4326|1506347|6347|2026-09-29 02:50:00
15|105|Valle Sol|4326|1506348|6348|2026-09-29 02:50:00
15|105|Tabla Honda|4326|1506349|6349|2026-09-29 02:50:00
15|105|Electra|4326|1506350|6350|2026-09-29 02:50:00
15|13|Rincon Colonial|4326|1506351|6351|2026-09-29 02:50:00
15|13|Issemym|4326|1506354|6354|2026-09-29 02:50:00
15|13|Residencial Calacoaya|4326|1506355|6355|2026-09-29 02:50:00
15|105|Club De Golf Bellavista|4326|1506356|6356|2026-09-29 02:50:00
15|105|Bellavista Satelite|4326|1506357|6357|2026-09-29 02:50:00
15|105|Nueva Ferrocarrilera 1ra Secc|4326|1506358|6358|2026-09-29 02:50:00
15|105|San Lucas|4326|1506359|6359|2026-09-29 02:50:00
15|105|Nueva Ferrocarrilera 2da Secc|4326|1506360|6360|2026-09-29 02:50:00
15|105|Ex - Hacienda De Santa Monica|4326|1506361|6361|2026-09-29 02:50:00
15|105|Democarcia Sindical|4326|1506362|6362|2026-09-29 02:50:00
15|105|Las Margaritas|4326|1506363|6363|2026-09-29 02:50:00
15|105|Valle De Los Pinos|4326|1506364|6364|2026-09-29 02:50:00
15|105|Jesus Garcia Corona|4326|1506365|6365|2026-09-29 02:50:00
15|105|Las Margaritas|4326|1506366|6366|2026-09-29 02:50:00
15|105|Jardines De Santa Monica|4326|1506367|6367|2026-09-29 02:50:00
15|105|El Hoyo|4326|1506368|6368|2026-09-29 02:50:00
15|105|San Rafael|4326|1506369|6369|2026-09-29 02:50:00
15|105|San Andres Atenco|4326|1506370|6370|2026-09-29 02:50:00
15|105|San Rafael|4326|1506371|6371|2026-09-29 02:50:00
15|105|San Andres Atenco|4326|1506373|6373|2026-09-29 02:50:00
15|105|Leandro Valle|4326|1506374|6374|2026-09-29 02:50:00
15|105|Bosques De Mexico|4326|1506375|6375|2026-09-29 02:50:00
15|105|Claustros De Santa Monica|4326|1506376|6376|2026-09-29 02:50:00
15|105|Valle De Santa Monica|4326|1506377|6377|2026-09-29 02:50:00
15|105|Jacarandas|4326|1506378|6378|2026-09-29 02:50:00
15|105|Francisco Villa|4326|1506379|6379|2026-09-29 02:50:00
15|13|Ignacio Lopez Rayon|4326|1506381|6381|2026-09-29 02:50:00
15|105|Ferrocarrilera|4326|1506382|6382|2026-09-29 02:50:00
15|105|La Cuchilla|4326|1506383|6383|2026-09-29 02:50:00
15|105|Industrial San Pablo Xalpa|4326|1506384|6384|2026-09-29 02:50:00
15|105|Prado Vallejo|4326|1506385|6385|2026-09-29 02:50:00
15|105|Ex - Hacienda De Enmedio|4326|1506386|6386|2026-09-29 02:50:00
15|105|Prensa Nacional|4326|1506387|6387|2026-09-29 02:50:00
15|105|Maravillas Ceylan|4326|1506388|6388|2026-09-29 02:50:00
15|105|Rosario Ceylan|4326|1506389|6389|2026-09-29 02:50:00
15|105|Hipodromo Textil|4326|1506390|6390|2026-09-29 02:50:00
15|105|El Rosario|4326|1506391|6391|2026-09-29 02:50:00
15|105|San Jose Puente De Vigas|4326|1506392|6392|2026-09-29 02:50:00
15|105|Los Cedros|4326|1506393|6393|2026-09-29 02:50:00
15|105|Xocoyahualco|4326|1506394|6394|2026-09-29 02:50:00
15|58|Alfredo V Bonfil|4326|1506396|6396|2026-09-29 02:50:00
15|105|Puente De Vigas|4326|1506397|6397|2026-09-29 02:50:00
15|58|Benito Juarez|4326|1506398|6398|2026-09-29 02:50:00
15|105|Militar Puente De Vigas|4326|1506399|6399|2026-09-29 02:50:00
15|105|Bellavista|4326|1506400|6400|2026-09-29 02:50:00
15|105|La Escuela|4326|1506401|6401|2026-09-29 02:50:00
15|58|Benito Juarez|4326|1506402|6402|2026-09-29 02:50:00
15|105|De Los Reyes|4326|1506403|6403|2026-09-29 02:50:00
15|105|San Jeronimo Tepetlacalco|4326|1506404|6404|2026-09-29 02:50:00
15|105|Parque Industrial La Loma|4326|1506405|6405|2026-09-29 02:50:00
15|105|Tlalnemex|4326|1506407|6407|2026-09-29 02:50:00
15|105|Tejavanes|4326|1506409|6409|2026-09-29 02:50:00
15|105|Tlalnemex|4326|1506410|6410|2026-09-29 02:50:00
15|105|Alamos|4326|1506412|6412|2026-09-29 02:50:00
15|105|El Puerto|4326|1506413|6413|2026-09-29 02:50:00
15|105|Chalma La Union|4326|1506416|6416|2026-09-29 02:50:00
15|58|Buenavista|4326|1506417|6417|2026-09-29 02:50:00
15|58|Progreso|4326|1506418|6418|2026-09-29 02:50:00
15|58|Miramar|4326|1506419|6419|2026-09-29 02:50:00
15|105|San Miguel Chalma|4326|1506421|6421|2026-09-29 02:50:00
15|58|San Jose Rio Hondo|4326|1506422|6422|2026-09-29 02:50:00
15|58|La Guadalupana|4326|1506423|6423|2026-09-29 02:50:00
15|58|Independencia|4326|1506424|6424|2026-09-29 02:50:00
15|58|Ricardo Flores Magon|4326|1506426|6426|2026-09-29 02:50:00
15|105|Fracc Las Rosas|4326|1506427|6427|2026-09-29 02:50:00
15|105|Viveros Del Rio|4326|1506428|6428|2026-09-29 02:50:00
15|58|Hidalgo|4326|1506429|6429|2026-09-29 02:50:00
15|58|Estado De Mexico|4326|1506430|6430|2026-09-29 02:50:00
15|58|Martires De Rio Blanco|4326|1506431|6431|2026-09-29 02:50:00
15|58|El Chamizal|4326|1506432|6432|2026-09-29 02:50:00
15|105|Valle Del Paraiso|4326|1506433|6433|2026-09-29 02:50:00
15|105|Viveros De La Loma|4326|1506434|6434|2026-09-29 02:50:00
15|105|Lomas De San Andres Atenco|4326|1506435|6435|2026-09-29 02:50:00
15|58|Valle Dorado|4326|1506436|6436|2026-09-29 02:50:00
15|105|Tlalcalli|4326|1506437|6437|2026-09-29 02:50:00
15|105|Industrial La Loma|4326|1506439|6439|2026-09-29 02:50:00
15|105|La Loma|4326|1506440|6440|2026-09-29 02:50:00
15|105|Tlalnepantla Centro|4326|1506441|6441|2026-09-29 02:50:00
15|105|Benito Juarez|4326|1506442|6442|2026-09-29 02:50:00
15|105|Valle Verde|4326|1506443|6443|2026-09-29 02:50:00
15|58|San Rafael Chamapa|4326|1506444|6444|2026-09-29 02:50:00
15|105|Tlalnepantla|4326|1506445|6445|2026-09-29 02:50:00
15|105|San Nicolas Tlaxcolpan|4326|1506447|6447|2026-09-29 02:50:00
15|58|Predio Las Colonias|4326|1506448|6448|2026-09-29 02:50:00
15|105|Imss Tlalnepantla|4326|1506450|6450|2026-09-29 02:50:00
15|58|Tierra Y Libertad|4326|1506452|6452|2026-09-29 02:50:00
15|105|Rincon Del Valle|4326|1506453|6453|2026-09-29 02:50:00
15|58|Residencial Lomas De Sotelo|4326|1506454|6454|2026-09-29 02:50:00
15|58|La Mancha I|4326|1506455|6455|2026-09-29 02:50:00
15|58|Industrial Naucalpan|4326|1506456|6456|2026-09-29 02:50:00
15|58|Vicente Guerrero|4326|1506457|6457|2026-09-29 02:50:00
15|58|Lomas Del Cadete|4326|1506458|6458|2026-09-29 02:50:00
15|58|De Los Remedios|4326|1506459|6459|2026-09-29 02:50:00
15|58|Alfredo Del Mazo|4326|1506460|6460|2026-09-29 02:50:00
15|58|San Andres Atoto|4326|1506461|6461|2026-09-29 02:50:00
15|58|Las Papas|4326|1506462|6462|2026-09-29 02:50:00
15|58|Ahuizotla|4326|1506463|6463|2026-09-29 02:50:00
15|58|Xalpa La Huerta|4326|1506464|6464|2026-09-29 02:50:00
15|58|Balcones De San Mateo|4326|1506465|6465|2026-09-29 02:50:00
15|58|Santa Maria Nativitas|4326|1506466|6466|2026-09-29 02:50:00
15|58|Jardines De San Mateo Secc Colinas|4326|1506467|6467|2026-09-29 02:50:00
15|58|Laderas De San Mateo|4326|1506468|6468|2026-09-29 02:50:00
15|58|Bosque De Echegaray|4326|1506469|6469|2026-09-29 02:50:00
15|58|Hacienda De Echegaray|4326|1506470|6470|2026-09-29 02:50:00
15|58|La Huerta Echegaray|4326|1506471|6471|2026-09-29 02:50:00
15|58|Valle De San Mateo|4326|1506472|6472|2026-09-29 02:50:00
15|58|Jardines De Boulevares|4326|1506473|6473|2026-09-29 02:50:00
15|58|Modelo|4326|1506474|6474|2026-09-29 02:50:00
15|58|Misiones|4326|1506475|6475|2026-09-29 02:50:00
15|58|Poetas Mexiquenses|4326|1506476|6476|2026-09-29 02:50:00
15|58|La Mora|4326|1506477|6477|2026-09-29 02:50:00
15|58|Ciudad Satelite|4326|1506478|6478|2026-09-29 02:50:00
15|58|La Perla|4326|1506479|6479|2026-09-29 02:50:00
15|58|Campestre La Palma|4326|1506481|6481|2026-09-29 02:50:00
15|58|Rio Escondido|4326|1506482|6482|2026-09-29 02:50:00
15|58|Explanada De Las Fuentes|4326|1506483|6483|2026-09-29 02:50:00
15|58|Colon De Echegaray|4326|1506484|6484|2026-09-29 02:50:00
15|58|Minas Palacio|4326|1506485|6485|2026-09-29 02:50:00
15|58|Rincon De Echegaray|4326|1506486|6486|2026-09-29 02:50:00
15|58|Ampl Minas Palacio|4326|1506487|6487|2026-09-29 02:50:00
15|58|Rivera De Echegaray|4326|1506488|6488|2026-09-29 02:50:00
15|105|Venustiano Carranza|4326|1506489|6489|2026-09-29 02:50:00
15|25|Santa Maria Guadalupe|4326|1506492|6492|2026-09-29 02:50:00
15|25|Ampliacion La Quebrada|4326|1506493|6493|2026-09-29 02:50:00
15|25|La Quebrada|4326|1506494|6494|2026-09-29 02:50:00
15|105|Santa Cecilia Acatitlan|4326|1506511|6511|2026-09-29 02:50:00
15|105|Los Angeles|4326|1506512|6512|2026-09-29 02:50:00
15|105|El Rosal|4326|1506514|6514|2026-09-29 02:50:00
15|105|Loma Bonita|4326|1506515|6515|2026-09-29 02:50:00
15|105|Loma Bonita|4326|1506516|6516|2026-09-29 02:50:00
15|105|La Arboleda|4326|1506518|6518|2026-09-29 02:50:00
15|105|La Arboleda|4326|1506520|6520|2026-09-29 02:50:00
15|105|La Soledad|4326|1506522|6522|2026-09-29 02:50:00
15|105|La Sideral|4326|1506524|6524|2026-09-29 02:50:00
15|105|La Purisima|4326|1506526|6526|2026-09-29 02:50:00
15|105|El Poder De Dios|4326|1506527|6527|2026-09-29 02:50:00
15|13|Club De Golf Bellavista|4326|1506528|6528|2026-09-29 02:50:00
15|105|La Comunidad|4326|1506529|6529|2026-09-29 02:50:00
15|13|Lomas De Bellavista|4326|1506530|6530|2026-09-29 02:50:00
15|105|Bellavista Privanza|4326|1506532|6532|2026-09-29 02:50:00
15|105|El Cortijo|4326|1506533|6533|2026-09-29 02:50:00
15|105|Valle De Tenayo|4326|1506534|6534|2026-09-29 02:50:00
15|105|Jardines De Bellavista|4326|1506536|6536|2026-09-29 02:50:00
15|58|El Olivar|4326|1506537|6537|2026-09-29 02:50:00
15|58|Jardines Del Molinito|4326|1506538|6538|2026-09-29 02:50:00
15|58|Campo Militar 1 A|4326|1506539|6539|2026-09-29 02:50:00
15|58|Capulin Soledad|4326|1506540|6540|2026-09-29 02:50:00
15|58|Unidad Y Progreso|4326|1506541|6541|2026-09-29 02:50:00
15|58|San Jose De Los Leones 1a Seccion|4326|1506542|6542|2026-09-29 02:50:00
15|58|San Jose De Los Leones 2a Seccion|4326|1506543|6543|2026-09-29 02:50:00
15|58|Ampl Martires De Rio Blanco|4326|1506544|6544|2026-09-29 02:50:00
15|58|Plan De Ayala 1ra Seccion|4326|1506545|6545|2026-09-29 02:50:00
15|58|San Rafael Chamapa 4ta Seccion|4326|1506546|6546|2026-09-29 02:50:00
15|58|Isidro Fabela|4326|1506547|6547|2026-09-29 02:50:00
15|58|Los Cuartos|4326|1506548|6548|2026-09-29 02:50:00
15|58|San Rafael Chamapa 2da Seccion|4326|1506549|6549|2026-09-29 02:50:00
15|58|Santa Lilia|4326|1506550|6550|2026-09-29 02:50:00
15|58|Vista Del Valle Secc Electricistas|4326|1506551|6551|2026-09-29 02:50:00
15|58|Ciudad Brisa|4326|1506552|6552|2026-09-29 02:50:00
15|58|Lomas San Isidro (reforma Social)|4326|1506553|6553|2026-09-29 02:50:00
15|58|Pedregal De Echegaray|4326|1506554|6554|2026-09-29 02:50:00
15|58|Paseos Del Bosque|4326|1506555|6555|2026-09-29 02:50:00
15|58|Bosques De Echegaray Seccion Electricistas|4326|1506556|6556|2026-09-29 02:50:00
15|58|Lomas Hipodromo|4326|1506557|6557|2026-09-29 02:50:00
15|58|Rinconada San Mateo|4326|1506558|6558|2026-09-29 02:50:00
15|58|Heroes De La Revolucion (lomas Del Huizachal)|4326|1506559|6559|2026-09-29 02:50:00
15|58|La Barranquilla|4326|1506560|6560|2026-09-29 02:50:00
15|58|San Miguel|4326|1506561|6561|2026-09-29 02:50:00
15|58|El Mirador|4326|1506562|6562|2026-09-29 02:50:00
15|105|Gustavo Baz Prada|4326|1506563|6563|2026-09-29 02:50:00
15|58|Industrial Atoto|4326|1506564|6564|2026-09-29 02:50:00
15|58|Mexico 68|4326|1506565|6565|2026-09-29 02:50:00
15|58|Unidad San Esteban|4326|1506566|6566|2026-09-29 02:50:00
15|58|San Francisco Cuautlalpan|4326|1506567|6567|2026-09-29 02:50:00
15|58|Lomas De Occipaco|4326|1506568|6568|2026-09-29 02:50:00
15|58|El Parque|4326|1506569|6569|2026-09-29 02:50:00
15|58|Boulevares|4326|1506570|6570|2026-09-29 02:50:00
15|58|La Florida|4326|1506571|6571|2026-09-29 02:50:00
15|58|Ex - Hacienda De Cristo|4326|1506572|6572|2026-09-29 02:50:00
15|58|Las Huertas 1ra Secc|4326|1506573|6573|2026-09-29 02:50:00
15|58|Jardines De La Florida|4326|1506574|6574|2026-09-29 02:50:00
15|58|San Jose De Los Leones 3ra Seccion|4326|1506575|6575|2026-09-29 02:50:00
15|58|Plan De Ayala 2da Secc|4326|1506576|6576|2026-09-29 02:50:00
15|58|San Lorenzo Totolinga 2da Secc|4326|1506577|6577|2026-09-29 02:50:00
15|58|La Raquelito|4326|1506578|6578|2026-09-29 02:50:00
15|58|El Corralito|4326|1506579|6579|2026-09-29 02:50:00
15|58|Predio La Retama-union Popular|4326|1506580|6580|2026-09-29 02:50:00
15|58|La Palma|4326|1506581|6581|2026-09-29 02:50:00
15|58|Bosque De Los Remedios|4326|1506582|6582|2026-09-29 02:50:00
15|58|Santa Cruz|4326|1506583|6583|2026-09-29 02:50:00
15|58|Rosa De Castilla|4326|1506584|6584|2026-09-29 02:50:00
15|58|San Esteban Huitzilacasco|4326|1506585|6585|2026-09-29 02:50:00
15|58|San Esteban|4326|1506586|6586|2026-09-29 02:50:00
15|58|Lomas De La Ca?ada|4326|1506587|6587|2026-09-29 02:50:00
15|58|La Ca?ada|4326|1506588|6588|2026-09-29 02:50:00
15|58|El Molinito|4326|1506589|6589|2026-09-29 02:50:00
15|58|Estado De Mexico|4326|1506590|6590|2026-09-29 02:50:00
15|58|San Antonio Zomeyucan|4326|1506591|6591|2026-09-29 02:50:00
15|58|San Antonio Zomeyucan|4326|1506592|6592|2026-09-29 02:50:00
15|58|Loma Linda|4326|1506593|6593|2026-09-29 02:50:00
15|58|El Conde|4326|1506594|6594|2026-09-29 02:50:00
15|58|Industrial Tlatilco|4326|1506595|6595|2026-09-29 02:50:00
15|58|Llano De Las Flores|4326|1506596|6596|2026-09-29 02:50:00
15|58|El Castillo|4326|1506597|6597|2026-09-29 02:50:00
15|58|La Palma|4326|1506598|6598|2026-09-29 02:50:00
15|58|El Capulin|4326|1506599|6599|2026-09-29 02:50:00
15|58|La Joya|4326|1506600|6600|2026-09-29 02:50:00
15|58|Las Huertas 3ra Secc|4326|1506601|6601|2026-09-29 02:50:00
15|13|Fuentes De Satelite|4326|1506602|6602|2026-09-29 02:50:00
15|58|Residencial Los Arcos|4326|1506603|6603|2026-09-29 02:50:00
15|13|Alamos|4326|1506608|6608|2026-09-29 02:50:00
15|58|Los Cuartos Ii|4326|1506609|6609|2026-09-29 02:50:00
15|58|Los Cuartos I|4326|1506610|6610|2026-09-29 02:50:00
15|58|Luisa Isabel Campos De Jimenez Cantu|4326|1506611|6611|2026-09-29 02:50:00
15|58|La Ca?ada San Lorenzo|4326|1506612|6612|2026-09-29 02:50:00
15|58|Loma Colorada 2da Secc|4326|1506614|6614|2026-09-29 02:50:00
15|58|Ex - Ejido Santiago Occipaco|4326|1506616|6616|2026-09-29 02:50:00
15|58|La Mora 2da Secc|4326|1506617|6617|2026-09-29 02:50:00
15|58|La Mora 1ra Secc|4326|1506618|6618|2026-09-29 02:50:00
15|58|Campestre Las Animas|4326|1506619|6619|2026-09-29 02:50:00
15|13|Arbolada Del Pedregal|4326|1506620|6620|2026-09-29 02:50:00
15|58|Tudy|4326|1506621|6621|2026-09-29 02:50:00
15|58|Dongu|4326|1506622|6622|2026-09-29 02:50:00
15|58|Shido|4326|1506623|6623|2026-09-29 02:50:00
15|58|Moni|4326|1506624|6624|2026-09-29 02:50:00
15|58|Depeny|4326|1506625|6625|2026-09-29 02:50:00
15|58|El Cielito|4326|1506626|6626|2026-09-29 02:50:00
15|58|La Concepcion|4326|1506627|6627|2026-09-29 02:50:00
15|58|Boxisda|4326|1506628|6628|2026-09-29 02:50:00
15|58|Yongua Bosques|4326|1506629|6629|2026-09-29 02:50:00
15|58|Yongua|4326|1506630|6630|2026-09-29 02:50:00
15|58|Xoyu|4326|1506631|6631|2026-09-29 02:50:00
15|58|Las Trenzonas|4326|1506632|6632|2026-09-29 02:50:00
15|58|Las Mesas|4326|1506633|6633|2026-09-29 02:50:00
15|58|La Capilla|4326|1506634|6634|2026-09-29 02:50:00
15|58|San Miguel Dorani|4326|1506635|6635|2026-09-29 02:50:00
15|58|San Miguel Dextha|4326|1506636|6636|2026-09-29 02:50:00
15|105|Cumbres De San Andres|4326|1506637|6637|2026-09-29 02:50:00
15|105|Pedregal De Xocoyahualco|4326|1506638|6638|2026-09-29 02:50:00
15|105|Atrium|4326|1506639|6639|2026-09-29 02:50:00
15|105|Colinas De La Palma|4326|1506640|6640|2026-09-29 02:50:00
15|58|Colinas De San Mateo|4326|1506641|6641|2026-09-29 02:50:00
15|58|La Nueva Presa|4326|1506642|6642|2026-09-29 02:50:00
15|105|Valle Ceylan|4326|1506643|6643|2026-09-29 02:50:00
15|105|Ex Ejido San Lucas Patoni|4326|1506644|6644|2026-09-29 02:50:00
15|105|U Hab San Pedro Barrientos|4326|1506645|6645|2026-09-29 02:50:00
15|105|El Olivo I|4326|1506646|6646|2026-09-29 02:50:00
15|110|Fimesa 3|4326|1506647|6647|2026-09-29 02:50:00
15|105|Real Del 8|4326|1506648|6648|2026-09-29 02:50:00
15|13|Villas De Atizapan No 8|4326|1506649|6649|2026-09-29 02:50:00
15|58|Lomas De Santa Cruz|4326|1506650|6650|2026-09-29 02:50:00
15|58|Olimpiada 68|4326|1506651|6651|2026-09-29 02:50:00
15|58|Real San Mateo|4326|1506652|6652|2026-09-29 02:50:00
15|105|Hacienda San Jose|4326|1506660|6660|2026-09-29 02:50:00
15|13|Rincon De La Monta?a|4326|1506661|6661|2026-09-29 02:50:00
15|13|Villas San Francisco|4326|1506662|6662|2026-09-29 02:50:00
15|13|Villas De Santa Maria Num 39|4326|1506663|6663|2026-09-29 02:50:00
15|13|La Cima|4326|1506664|6664|2026-09-29 02:50:00
15|105|Cola De Caballo|4326|1506666|6666|2026-09-29 02:50:00
15|105|Cola De Caballo|4326|1506670|6670|2026-09-29 02:50:00
15|105|Colinas De San Jose - U H Ex-hacienda Del Risco|4326|1506671|6671|2026-09-29 02:50:00
15|25|Cumbre Norte|4326|1506673|6673|2026-09-29 02:50:00
15|58|Cuartos Constitucion|4326|1506674|6674|2026-09-29 02:50:00
15|58|Ampliacion Olimpica|4326|1506675|6675|2026-09-29 02:50:00
15|58|La Jolla Ii|4326|1506676|6676|2026-09-29 02:50:00
15|58|La Jolla I|4326|1506677|6677|2026-09-29 02:50:00
15|58|La Joyita|4326|1506678|6678|2026-09-29 02:50:00
15|58|Jardines Ojo De Agua|4326|1506680|6680|2026-09-29 02:50:00
15|58|El Tejocote 2da Secc|4326|1506681|6681|2026-09-29 02:50:00
15|58|Bexhsa|4326|1506683|6683|2026-09-29 02:50:00
15|58|Pedregal De San Mateo|4326|1506708|6708|2026-09-29 02:50:00
15|58|La Atalaya|4326|1506709|6709|2026-09-29 02:50:00
15|105|Villas De San Andres|4326|1506710|6710|2026-09-29 02:50:00
15|13|Arboledas Del Bosque|4326|1506712|6712|2026-09-29 02:50:00
15|13|Paseo Real|4326|1506713|6713|2026-09-29 02:50:00
15|105|San Pedro Barrientos|4326|1506714|6714|2026-09-29 02:50:00
15|58|Monte|4326|1506719|6719|2026-09-29 02:50:00
15|58|Tinguillos|4326|1506720|6720|2026-09-29 02:50:00
15|58|La Lomita|4326|1506721|6721|2026-09-29 02:50:00
15|58|Buenavista|4326|1506722|6722|2026-09-29 02:50:00
15|58|Palacio|4326|1506723|6723|2026-09-29 02:50:00
15|58|Escalera|4326|1506724|6724|2026-09-29 02:50:00
15|58|Pocito|4326|1506725|6725|2026-09-29 02:50:00
15|58|La Era|4326|1506726|6726|2026-09-29 02:50:00
15|58|La Nopalera|4326|1506727|6727|2026-09-29 02:50:00
15|58|Centro|4326|1506728|6728|2026-09-29 02:50:00
15|58|Shido|4326|1506729|6729|2026-09-29 02:50:00
15|58|Escobal|4326|1506730|6730|2026-09-29 02:50:00
15|58|Juan Gomez|4326|1506731|6731|2026-09-29 02:50:00
15|58|La Hiedra|4326|1506732|6732|2026-09-29 02:50:00
15|58|Rancho Viejo|4326|1506733|6733|2026-09-29 02:50:00
15|58|Rincon Verde|4326|1506734|6734|2026-09-29 02:50:00
15|13|Vista Esmeralda|4326|1506735|6735|2026-09-29 02:50:00
15|58|Posito|4326|1506740|6740|2026-09-29 02:50:00
15|58|La Rosa|4326|1506741|6741|2026-09-29 02:50:00
15|58|El Talayote Ii|4326|1506742|6742|2026-09-29 02:50:00
15|58|El Talayote|4326|1506743|6743|2026-09-29 02:50:00
15|58|El Talayote Iii|4326|1506744|6744|2026-09-29 02:50:00
15|105|Carlos L Gracidas|4326|1506745|6745|2026-09-29 02:50:00
15|105|El Hormiguero Fracc B|4326|1506746|6746|2026-09-29 02:50:00
15|105|El Hormiguero Fracc A|4326|1506747|6747|2026-09-29 02:50:00
15|58|Alta Vitta|4326|1506748|6748|2026-09-29 02:50:00
15|105|Artemisa|4326|1506751|6751|2026-09-29 02:50:00
15|105|La Joya Ixtacala|4326|1506752|6752|2026-09-29 02:50:00
15|105|Residencial Loma Escondida|4326|1506753|6753|2026-09-29 02:50:00
15|58|El Risco|4326|1506757|6757|2026-09-29 02:50:00
15|58|Aguilillas Rincon Verde|4326|1506758|6758|2026-09-29 02:50:00
15|58|Rincon Verde 2da Secc|4326|1506759|6759|2026-09-29 02:50:00
15|105|El Rosario Ii|4326|1506761|6761|2026-09-29 02:50:00
15|58|La Tolva|4326|1506762|6762|2026-09-29 02:50:00
15|58|Country Club|4326|1506763|6763|2026-09-29 02:50:00
15|58|Lomas Del Rio|4326|1506764|6764|2026-09-29 02:50:00
15|105|El Tenayo, Chalma, La Barranca|4326|1506765|6765|2026-09-29 02:50:00
15|105|El Olivo Ii Parte Baja|4326|1506766|6766|2026-09-29 02:50:00
15|13|Mexico Nuevo|4326|1506767|6767|2026-09-29 02:50:00
15|13|Sin Nombre|4326|1506768|6768|2026-09-29 02:50:00
15|58|Agua Buena|4326|1506769|6769|2026-09-29 02:50:00
15|13|El Potrero|4326|1506770|6770|2026-09-29 02:50:00
15|58|Ampl Benito Juarez|4326|1506771|6771|2026-09-29 02:50:00
15|58|Los Pastores|4326|1506772|6772|2026-09-29 02:50:00
15|105|La Mora|4326|1506773|6773|2026-09-29 02:50:00
15|58|3 De Mayo|4326|1506774|6774|2026-09-29 02:50:00
15|58|Jardines De San Jose|4326|1506775|6775|2026-09-29 02:50:00
15|58|Santiago Occipaco|4326|1506776|6776|2026-09-29 02:50:00
15|58|Izcalli San Mateo|4326|1506777|6777|2026-09-29 02:50:00
15|58|San Mateo Nopala Sur|4326|1506778|6778|2026-09-29 02:50:00
15|58|Laderas De La Colmena|4326|1506779|6779|2026-09-29 02:50:00
15|58|San Mateo Nopala|4326|1506780|6780|2026-09-29 02:50:00
15|58|San Mateo Nopala Norte|4326|1506781|6781|2026-09-29 02:50:00
15|58|La Rosa|4326|1506782|6782|2026-09-29 02:50:00
15|58|San Jose Poza Honda|4326|1506783|6783|2026-09-29 02:50:00
15|105|Fracc Industrial Barrientos|4326|1506784|6784|2026-09-29 02:50:00
15|105|San Lucas Patoni|4326|1506785|6785|2026-09-29 02:50:00
15|105|Tabla Honda|4326|1506786|6786|2026-09-29 02:50:00
15|58|Puente De Piedra|4326|1506787|6787|2026-09-29 02:50:00
15|105|Ampl Cecilia Mora|4326|1506788|6788|2026-09-29 02:50:00
15|105|San Jose Ixhuatepec|4326|1506789|6789|2026-09-29 02:50:00
15|105|Ampl Valle Ceylan|4326|1506790|6790|2026-09-29 02:50:00
15|105|Lomas De San Andres|4326|1506793|6793|2026-09-29 02:50:00
15|105|Vista Hermosa|4326|1506794|6794|2026-09-29 02:50:00
15|105|San Pablo Xalpa|4326|1506795|6795|2026-09-29 02:50:00
15|58|La Cuesta|4326|1506798|6798|2026-09-29 02:50:00
15|58|El Baldio|4326|1506801|6801|2026-09-29 02:50:00
15|105|Hacienda La Ca?ada|4326|1506802|6802|2026-09-29 02:50:00
15|58|Casas Viejas La Era|4326|1506803|6803|2026-09-29 02:50:00
15|58|San Mateo Nopala|4326|1506804|6804|2026-09-29 02:50:00
15|58|San Juan Totoltepec|4326|1506805|6805|2026-09-29 02:50:00
15|58|La Magueyera|4326|1506806|6806|2026-09-29 02:50:00
15|58|Texcani|4326|1506807|6807|2026-09-29 02:50:00
15|58|Cebolleja|4326|1506808|6808|2026-09-29 02:50:00
15|58|Diana Laura|4326|1506809|6809|2026-09-29 02:50:00
15|58|Cerro Delgado|4326|1506810|6810|2026-09-29 02:50:00
15|58|Loma De Guadalupe|4326|1506811|6811|2026-09-29 02:50:00
15|105|Hogares Ferrocarrileros|4326|1506812|6812|2026-09-29 02:50:00
15|105|Residencial Natura|4326|1506817|6817|2026-09-29 02:50:00
15|58|La Radio|4326|1506818|6818|2026-09-29 02:50:00
15|105|Cecilia Mora De Gomez|4326|1506819|6819|2026-09-29 02:50:00
15|105|Valle De Las Piramides|4326|1506820|6820|2026-09-29 02:50:00
15|105|Ampl San Javier|4326|1506822|6822|2026-09-29 02:50:00
15|105|Hacienda San Jose - Col San Jose Ixhuatepec|4326|1506823|6823|2026-09-29 02:50:00
15|105|Rancho San Antonio|4326|1506824|6824|2026-09-29 02:50:00
15|105|El Tenayo|4326|1506828|6828|2026-09-29 02:50:00
15|58|Agua Caliente|4326|1506829|6829|2026-09-29 02:50:00
15|58|El Ranchito|4326|1506831|6831|2026-09-29 02:50:00
15|58|Las Cruces|4326|1506832|6832|2026-09-29 02:50:00
15|58|Miro|4326|1506836|6836|2026-09-29 02:50:00
15|58|Bosques De Chamapa (nueva San Rafael)|4326|1506838|6838|2026-09-29 02:50:00
15|58|El Torito|4326|1506839|6839|2026-09-29 02:50:00
15|58|La Soledad|4326|1506840|6840|2026-09-29 02:50:00
15|58|Villa De Las Fuentes|4326|1506841|6841|2026-09-29 02:50:00
15|58|Predio Tejocote-union Popular|4326|1506842|6842|2026-09-29 02:50:00
15|58|Industrial La Perla|4326|1506843|6843|2026-09-29 02:50:00
15|58|Tepecil|4326|1506849|6849|2026-09-29 02:50:00
15|58|Colinas Del Faisan|4326|1506850|6850|2026-09-29 02:50:00
15|58|Bosque Alto|4326|1506851|6851|2026-09-29 02:50:00
15|58|Miraval|4326|1506853|6853|2026-09-29 02:50:00
15|58|Solarium|4326|1506855|6855|2026-09-29 02:50:00
15|58|Club Cuicacalli|4326|1506856|6856|2026-09-29 02:50:00
15|58|Rinconada Diligencias|4326|1506857|6857|2026-09-29 02:50:00
15|58|Loma De Cristy|4326|1506858|6858|2026-09-29 02:50:00
15|58|Carabela|4326|1506859|6859|2026-09-29 02:50:00
15|58|Telefonistas|4326|1506860|6860|2026-09-29 02:50:00
15|58|Bosques De Lomas Verdes|4326|1506861|6861|2026-09-29 02:50:00
15|58|Fontana Residencial|4326|1506862|6862|2026-09-29 02:50:00
15|13|La Hermita|4326|1506863|6863|2026-09-29 02:50:00
15|58|Lomas El Tecolote|4326|1506882|6882|2026-09-29 02:50:00
15|13|Casa Blanca I|4326|1506886|6886|2026-09-29 02:50:00
15|13|Vista Green|4326|1506887|6887|2026-09-29 02:50:00
15|13|Vista Real|4326|1506888|6888|2026-09-29 02:50:00
15|13|El Cerrito|4326|1506889|6889|2026-09-29 02:50:00
15|58|Las Arboledas|4326|1506891|6891|2026-09-29 02:50:00
15|58|Infiernillo|4326|1506892|6892|2026-09-29 02:50:00
15|58|San Rafael Chamapa (la Tolva)|4326|1506894|6894|2026-09-29 02:50:00
15|58|Hornos La Presa|4326|1506895|6895|2026-09-29 02:50:00
15|58|Bellavista|4326|1506896|6896|2026-09-29 02:50:00
15|58|Monte|4326|1506897|6897|2026-09-29 02:50:00
15|105|Almerales San Rafael|4326|1506898|6898|2026-09-29 02:50:00
15|58|Machorrusio|4326|1506899|6899|2026-09-29 02:50:00
15|58|El Cobradero|4326|1506900|6900|2026-09-29 02:50:00
15|58|Comunidad El Cristo Ii|4326|1506901|6901|2026-09-29 02:50:00
15|58|San Luis Tlatilco (piedras Negras Mz 53,54,60,66)|4326|1506902|6902|2026-09-29 02:50:00
15|58|San Jose Rio Hondo|4326|1506905|6905|2026-09-29 02:50:00
15|58|Ampliacion Minas Coyote|4326|1506906|6906|2026-09-29 02:50:00
15|58|Rincon Verde 1ra Secc|4326|1506907|6907|2026-09-29 02:50:00
15|105|Jardines De Santa Cecilia|4326|1506909|6909|2026-09-29 02:50:00
15|58|Unidad Morelos|4326|1506912|6912|2026-09-29 02:50:00
15|105|Hugo Cervantes Del Rio|4326|1506913|6913|2026-09-29 02:50:00
15|105|Santa Cecilia|4326|1506914|6914|2026-09-29 02:50:00
15|105|Izcalli Acatitlan|4326|1506915|6915|2026-09-29 02:50:00
15|58|Green Hills|4326|1506921|6921|2026-09-29 02:50:00
15|105|San Antonio Ixtacala|4326|1506927|6927|2026-09-29 02:50:00
15|58|De Los Remedios|4326|1506928|6928|2026-09-29 02:50:00
15|58|Presa Las Julianas|4326|1506929|6929|2026-09-29 02:50:00
15|58|Las Julianas|4326|1506930|6930|2026-09-29 02:50:00
15|58|Los Cipreses|4326|1506931|6931|2026-09-29 02:50:00
15|58|La Era|4326|1506933|6933|2026-09-29 02:50:00
15|13|La Ca?ada|4326|1506935|6935|2026-09-29 02:50:00
15|13|Ahuehuetes|4326|1506936|6936|2026-09-29 02:50:00
15|105|Lomas De Lindavista|4326|1506937|6937|2026-09-29 02:50:00
15|105|Bosques De Lindavista|4326|1506938|6938|2026-09-29 02:50:00
15|105|San Juan Ixhuatepec|4326|1506939|6939|2026-09-29 02:50:00
15|58|Alfredo V Bonfil (plan De Ayala 1ra Y 2da Secc)|4326|1506940|6940|2026-09-29 02:50:00
15|58|Bosques De Los Remedios|4326|1506941|6941|2026-09-29 02:50:00
15|105|Lomas De San Juan Ixhuatepec|4326|1506942|6942|2026-09-29 02:50:00
15|13|Lomas Lindas|4326|1506943|6943|2026-09-29 02:50:00
15|58|Piedras Negras|4326|1506944|6944|2026-09-29 02:50:00
15|13|Barrio Norte|4326|1506945|6945|2026-09-29 02:50:00
15|13|Sin Nombre|4326|1506946|6946|2026-09-29 02:50:00
15|13|Hacienda Del Pedregal Secc Herradura|4326|1506947|6947|2026-09-29 02:50:00
15|58|Padre Figueroa|4326|1506949|6949|2026-09-29 02:50:00
15|58|Minas Coyote|4326|1506952|6952|2026-09-29 02:50:00
15|58|Olimpica|4326|1506953|6953|2026-09-29 02:50:00
15|58|Izcalli Chamapa|4326|1506954|6954|2026-09-29 02:50:00
15|13|Marcella Ii|4326|1506955|6955|2026-09-29 02:50:00
15|58|Emiliano Zapata|4326|1506958|6958|2026-09-29 02:50:00
15|58|Los Cuartos Iii|4326|1506959|6959|2026-09-29 02:50:00
15|58|San Lorenzo Totolinga 1ra Seccion|4326|1506960|6960|2026-09-29 02:50:00
15|58|La Rivera|4326|1506961|6961|2026-09-29 02:50:00
15|58|Reubicacion El Torito|4326|1506962|6962|2026-09-29 02:50:00
15|58|Lomas De  San Agustin|4326|1506963|6963|2026-09-29 02:50:00
15|58|Predio Las Tinajas|4326|1506964|6964|2026-09-29 02:50:00
15|58|Sierra Nevada|4326|1506965|6965|2026-09-29 02:50:00
15|58|Los Remedios|4326|1506966|6966|2026-09-29 02:50:00
15|58|Reforma San Luis|4326|1506967|6967|2026-09-29 02:50:00
15|58|La Monera|4326|1506968|6968|2026-09-29 02:50:00
15|58|Lazaro Cardenas|4326|1506969|6969|2026-09-29 02:50:00
15|13|La Campi?a|4326|1506970|6970|2026-09-29 02:50:00
15|13|La Palma Vii|4326|1506971|6971|2026-09-29 02:50:00
15|13|Coporo 53|4326|1506972|6972|2026-09-29 02:50:00
15|58|Loma Colorada 1ra Seccion|4326|1506973|6973|2026-09-29 02:50:00
15|58|La Universal|4326|1506974|6974|2026-09-29 02:50:00
15|58|San Lorenzo Totolinga|4326|1506975|6975|2026-09-29 02:50:00
15|58|Los Remedios|4326|1506976|6976|2026-09-29 02:50:00
15|58|Los Arcos|4326|1506977|6977|2026-09-29 02:50:00
15|105|Real Residencial|4326|1506978|6978|2026-09-29 02:50:00
15|13|Las Flores|4326|1506979|6979|2026-09-29 02:50:00
15|13|Las Acacias|4326|1506980|6980|2026-09-29 02:50:00
15|13|Atizapan Centro|4326|1506981|6981|2026-09-29 02:50:00
15|105|Bosques Ceylan|4326|1506982|6982|2026-09-29 02:50:00
15|13|La Palma 4|4326|1506983|6983|2026-09-29 02:50:00
15|58|Mexico 86|4326|1506984|6984|2026-09-29 02:50:00
15|13|Cerro Madrid|4326|1506985|6985|2026-09-29 02:50:00
15|13|Balcones De Bellavista|4326|1506986|6986|2026-09-29 02:50:00
15|13|Las Huertas|4326|1506987|6987|2026-09-29 02:50:00
15|13|Lomas De Guadalupe|4326|1506988|6988|2026-09-29 02:50:00
15|105|El Triangulo|4326|1506989|6989|2026-09-29 02:50:00
15|105|Tenayo Norte Ii|4326|1506991|6991|2026-09-29 02:50:00
15|105|Lomas Del Calvario|4326|1506992|6992|2026-09-29 02:50:00
15|105|Los Reyes Ixtacala 2da Secc|4326|1506993|6993|2026-09-29 02:50:00
15|13|Vila Loma|4326|1506994|6994|2026-09-29 02:50:00
15|105|Conjunto Pintores|4326|1506995|6995|2026-09-29 02:50:00
15|13|Coporo 31-rincon Del Bosque|4326|1506998|6998|2026-09-29 02:50:00
15|13|Foresta Atizapan Codos|4326|1506999|6999|2026-09-29 02:50:00
15|13|Arboleda Del Bosque|4326|1507000|7000|2026-09-29 02:50:00
15|34|Jardines De Casanueva - Jardines De Santa Clara|4326|1507002|7002|2026-09-29 02:50:00
15|71|Los Reyes|4326|1507007|7007|2026-09-29 02:50:00
15|26|Nuevo El Ahuehuete|4326|1507012|7012|2026-09-29 02:50:00
15|34|Ejidos De Santa Maria Tulpetlac|4326|1507014|7014|2026-09-29 02:50:00
15|34|Jose Maria Morelos Y Pavon _ Sagitario X|4326|1507015|7015|2026-09-29 02:50:00
15|13|Residencial Eucaliptos|4326|1507034|7034|2026-09-29 02:50:00
15|13|Lomas De San Diego Ii|4326|1507135|7135|2026-09-29 02:50:00
15|13|Torres De La Hacienda|4326|1507136|7136|2026-09-29 02:50:00
15|13|Pineda Altamira|4326|1507137|7137|2026-09-29 02:50:00
15|13|San Miguel|4326|1507138|7138|2026-09-29 02:50:00
15|13|Reserva De Los Jinetes|4326|1507139|7139|2026-09-29 02:50:00
15|71|Villa De Tepozan|4326|1507216|7216|2026-09-29 02:50:00
15|32|Jardines De San Agustin|4326|1507217|7217|2026-09-29 02:50:00
15|32|Comunal San Agustin|4326|1507218|7218|2026-09-29 02:50:00
15|60|Ejidos De San Agustin 2da Seccion|4326|1507219|7219|2026-09-29 02:50:00
15|60|Esperanza|4326|1507220|7220|2026-09-29 02:50:00
15|60|La Perla|4326|1507221|7221|2026-09-29 02:50:00
15|60|General Vicente Villada|4326|1507222|7222|2026-09-29 02:50:00
15|60|Ampliacion Vicente Villada Oriente|4326|1507223|7223|2026-09-29 02:50:00
15|32|Tlatelco|4326|1507224|7224|2026-09-29 02:50:00
15|32|Xaltipac|4326|1507225|7225|2026-09-29 02:50:00
15|32|Progreso De Oriente|4326|1507226|7226|2026-09-29 02:50:00
15|32|Filiberto Gomez|4326|1507227|7227|2026-09-29 02:50:00
15|32|Israel|4326|1507228|7228|2026-09-29 02:50:00
15|32|Villa Los Colorines|4326|1507229|7229|2026-09-29 02:50:00
15|71|Unidad Floresta|4326|1507230|7230|2026-09-29 02:50:00
15|71|Valle De Los Pinos|4326|1507231|7231|2026-09-29 02:50:00
15|60|Benito Juarez|4326|1507232|7232|2026-09-29 02:50:00
15|60|Metropolitana 2da Seccion|4326|1507233|7233|2026-09-29 02:50:00
15|60|Ampliacion Vicente Villada|4326|1507234|7234|2026-09-29 02:50:00
15|60|Ampliacion Vicente Villada|4326|1507235|7235|2026-09-29 02:50:00
15|60|Metropolitana 3ra Seccion|4326|1507236|7236|2026-09-29 02:50:00
15|60|Loma Bonita|4326|1507237|7237|2026-09-29 02:50:00
15|60|Manantiales|4326|1507238|7238|2026-09-29 02:50:00
15|60|Nueva Santa Martha|4326|1507239|7239|2026-09-29 02:50:00
15|60|Constitucion De 1857|4326|1507240|7240|2026-09-29 02:50:00
15|60|Ampliacion Las Aguilas|4326|1507241|7241|2026-09-29 02:50:00
15|60|Las Aguilas|4326|1507242|7242|2026-09-29 02:50:00
15|60|Villada Oriente|4326|1507243|7243|2026-09-29 02:50:00
15|60|Reforma|4326|1507244|7244|2026-09-29 02:50:00
15|60|Izcalli Nezahualcoyotl|4326|1507245|7245|2026-09-29 02:50:00
15|60|Rey Neza|4326|1507246|7246|2026-09-29 02:50:00
15|60|Evolucion|4326|1507247|7247|2026-09-29 02:50:00
15|71|Cuchilla Del Ancon|4326|1507248|7248|2026-09-29 02:50:00
15|71|Ancon De Los Reyes|4326|1507249|7249|2026-09-29 02:50:00
15|71|Valle De Los Reyes 1ra Secc|4326|1507250|7250|2026-09-29 02:50:00
15|71|Floresta|4326|1507251|7251|2026-09-29 02:50:00
15|60|Izcalli Neza|4326|1507252|7252|2026-09-29 02:50:00
15|60|La Perla|4326|1507253|7253|2026-09-29 02:50:00
15|60|Ejidos De San Agustin|4326|1507254|7254|2026-09-29 02:50:00
15|32|Los Olivos|4326|1507255|7255|2026-09-29 02:50:00
15|32|Los Olivos|4326|1507256|7256|2026-09-29 02:50:00
15|32|San Lorenzo|4326|1507257|7257|2026-09-29 02:50:00
15|34|Laguna De Chiconautla|4326|1507287|7287|2026-09-29 02:50:00
15|122|Manuel Lopez Chavez|4326|1507289|7289|2026-09-29 02:50:00
15|13|La Estadia|4326|1507315|7315|2026-09-29 02:50:00
15|13|Chiluca Y Club De Golf Chiluca|4326|1507316|7316|2026-09-29 02:50:00
15|13|Lomas De Valle Escondido|4326|1507317|7317|2026-09-29 02:50:00
15|58|Santiago Tepatlaxco|4326|1507318|7318|2026-09-29 02:50:00
15|13|Real Esmeralda|4326|1507319|7319|2026-09-29 02:50:00
15|13|Lago Esmeralda|4326|1507320|7320|2026-09-29 02:50:00
15|58|Lomas Verdes 6ta Secc|4326|1507321|7321|2026-09-29 02:50:00
15|58|De San Mateo Nopala|4326|1507322|7322|2026-09-29 02:50:00
15|13|6ta Seccion Lomas Verdes|4326|1507323|7323|2026-09-29 02:50:00
15|13|Orizonte Magenta|4326|1507324|7324|2026-09-29 02:50:00
15|13|Orizonte Ocre|4326|1507325|7325|2026-09-29 02:50:00
15|13|Terra Viure|4326|1507326|7326|2026-09-29 02:50:00
15|13|Loma Antigua|4326|1507327|7327|2026-09-29 02:50:00
15|13|Arboro|4326|1507328|7328|2026-09-29 02:50:00
15|13|Arboro|4326|1507329|7329|2026-09-29 02:50:00
15|13|Sin Nombre|4326|1507330|7330|2026-09-29 02:50:00
17|9|Monte Rubi|4326|1700001|1|2026-09-29 02:50:00
17|9|Monte Bello|4326|1700002|2|2026-09-29 02:50:00
17|9|Ajaguayo (la Floresta)|4326|1700003|3|2026-09-29 02:50:00
17|9|Mirador De Ayotzingo|4326|1700004|4|2026-09-29 02:50:00
17|9|Lomas Pinar|4326|1700005|5|2026-09-29 02:50:00
17|9|Maria Candelaria|4326|1700006|6|2026-09-29 02:50:00
17|9|Fracc Monte Casino|4326|1700007|7|2026-09-29 02:50:00
17|9|Sierra Encantada|4326|1700008|8|2026-09-29 02:50:00
17|9|Guayacahuala|4326|1700009|9|2026-09-29 02:50:00
17|9|San Jose De La Monta?a|4326|1700010|10|2026-09-29 02:50:00
17|9|El Reposo|4326|1700011|11|2026-09-29 02:50:00
17|9|Monte Cristo|4326|1700012|12|2026-09-29 02:50:00
17|9|Rincon Del Bosque|4326|1700013|13|2026-09-29 02:50:00
17|9|Saint Moritz|4326|1700014|14|2026-09-29 02:50:00
17|9|Monte Verde|4326|1700015|15|2026-09-29 02:50:00
17|9|Monte Morelos|4326|1700016|16|2026-09-29 02:50:00
17|9|Atlixtac|4326|1700017|17|2026-09-29 02:50:00
17|13|Zul Ayotl|4326|1700018|18|2026-09-29 02:50:00
17|10|Gabriel Tepepa Amayuca|4326|1700019|19|2026-09-29 02:50:00
17|10|Campo De Las Rentas Amayuca|4326|1700020|20|2026-09-29 02:50:00
17|10|Alondra Amayuca|4326|1700021|21|2026-09-29 02:50:00
17|19|Los Vergeles Atotonilco|4326|1700022|22|2026-09-29 02:50:00
17|3|Del Carmen|4326|1700023|23|2026-09-29 02:50:00
17|3|Las Ardillas|4326|1700024|24|2026-09-29 02:50:00
17|3|Progreso|4326|1700025|25|2026-09-29 02:50:00
17|3|Los Laureles|4326|1700026|26|2026-09-29 02:50:00
17|30|Francisco I Madero|4326|1700027|27|2026-09-29 02:50:00
17|30|Aquiles Serdan|4326|1700028|28|2026-09-29 02:50:00
17|30|Zahuatlan|4326|1700029|29|2026-09-29 02:50:00
17|30|Xochitlan|4326|1700030|30|2026-09-29 02:50:00
17|4|Huertas De Cuautla|4326|1700031|31|2026-09-29 02:50:00
17|4|Parque Industrial Cuautla|4326|1700032|32|2026-09-29 02:50:00
17|11|Xel-ha|4326|1700033|33|2026-09-29 02:50:00
17|25|Vista Alegre|4326|1700034|34|2026-09-29 02:50:00
17|20|Santa Cruz|4326|1700035|35|2026-09-29 02:50:00
17|20|Los Reyes|4326|1700036|36|2026-09-29 02:50:00
17|20|San Sebastian|4326|1700037|37|2026-09-29 02:50:00
17|20|Del Tesoro|4326|1700038|38|2026-09-29 02:50:00
17|20|Huachinatitla|4326|1700039|39|2026-09-29 02:50:00
17|20|Chalchihuitepetl|4326|1700040|40|2026-09-29 02:50:00
17|20|San Miguel|4326|1700041|41|2026-09-29 02:50:00
17|20|Santisima Trinidad|4326|1700042|42|2026-09-29 02:50:00
17|20|Santo Domingo|4326|1700043|43|2026-09-29 02:50:00
17|20|San Jose|4326|1700044|44|2026-09-29 02:50:00
17|20|Santa Cecilia|4326|1700045|45|2026-09-29 02:50:00
17|20|Tlaxomolco|4326|1700046|46|2026-09-29 02:50:00
17|20|La Presa|4326|1700047|47|2026-09-29 02:50:00
17|20|Del Carmen|4326|1700048|48|2026-09-29 02:50:00
17|20|Valle De Atongo|4326|1700049|49|2026-09-29 02:50:00
17|20|Huilotepec|4326|1700050|50|2026-09-29 02:50:00
17|29|Huertos De Oaxtepec|4326|1700051|51|2026-09-29 02:50:00
17|29|Los Amates|4326|1700052|52|2026-09-29 02:50:00
17|29|Ahuilican Oaxtepec|4326|1700053|53|2026-09-29 02:50:00
17|29|Jacarandas|4326|1700054|54|2026-09-29 02:50:00
17|29|Pedregal|4326|1700055|55|2026-09-29 02:50:00
17|29|Real De Oaxtepec|4326|1700056|56|2026-09-29 02:50:00
17|29|La Copalera|4326|1700057|57|2026-09-29 02:50:00
17|29|El Capulin Oaxtepec|4326|1700058|58|2026-09-29 02:50:00
17|29|Santa Rosa Oaxtepec|4326|1700059|59|2026-09-29 02:50:00
17|29|Corral Grande Oaxtepec|4326|1700060|60|2026-09-29 02:50:00
17|29|Vergeles De Oaxtepec|4326|1700061|61|2026-09-29 02:50:00
17|29|Praderas De Oaxtepec|4326|1700062|62|2026-09-29 02:50:00
17|29|Altos De Oaxtepec|4326|1700063|63|2026-09-29 02:50:00
17|1|El Ojo De Agua|4326|1700064|64|2026-09-29 02:50:00
17|1|Los Angeles|4326|1700065|65|2026-09-29 02:50:00
17|1|La Glorieta|4326|1700066|66|2026-09-29 02:50:00
17|1|El Progreso|4326|1700067|67|2026-09-29 02:50:00
17|1|El Paraiso|4326|1700068|68|2026-09-29 02:50:00
17|1|El Balceadero|4326|1700069|69|2026-09-29 02:50:00
17|1|Los Bungalows|4326|1700070|70|2026-09-29 02:50:00
17|1|Centro|4326|1700071|71|2026-09-29 02:50:00
17|1|Benito Juarez|4326|1700072|72|2026-09-29 02:50:00
17|1|Miguel Hidalgo|4326|1700073|73|2026-09-29 02:50:00
17|1|El Barreal|4326|1700074|74|2026-09-29 02:50:00
17|1|El Mirador|4326|1700075|75|2026-09-29 02:50:00
17|1|Las Flores|4326|1700076|76|2026-09-29 02:50:00
17|1|Cuauhtemoc|4326|1700077|77|2026-09-29 02:50:00
17|1|Centro San Gabriel Las Palmas|4326|1700078|78|2026-09-29 02:50:00
17|5|El Cerrito|4326|1700079|79|2026-09-29 02:50:00
17|5|Los Positos|4326|1700080|80|2026-09-29 02:50:00
17|5|San Jose|4326|1700081|81|2026-09-29 02:50:00
17|5|Centro|4326|1700082|82|2026-09-29 02:50:00
17|12|Nexpa|4326|1700083|83|2026-09-29 02:50:00
17|12|Cuauhtemoc|4326|1700084|84|2026-09-29 02:50:00
17|12|Higueron|4326|1700085|85|2026-09-29 02:50:00
17|12|Insurgentes|4326|1700086|86|2026-09-29 02:50:00
17|12|Emiliano Zapata|4326|1700087|87|2026-09-29 02:50:00
17|12|Reforma|4326|1700088|88|2026-09-29 02:50:00
17|12|La Bombilla|4326|1700089|89|2026-09-29 02:50:00
17|12|Panchimalco|4326|1700090|90|2026-09-29 02:50:00
17|12|Las Ca?as|4326|1700091|91|2026-09-29 02:50:00
17|12|Benito Juarez|4326|1700092|92|2026-09-29 02:50:00
17|12|Del Bosque|4326|1700093|93|2026-09-29 02:50:00
17|12|La Pastrana|4326|1700094|94|2026-09-29 02:50:00
17|12|Alejandra|4326|1700095|95|2026-09-29 02:50:00
17|12|Centro|4326|1700096|96|2026-09-29 02:50:00
17|12|Lazaro Cardenas|4326|1700097|97|2026-09-29 02:50:00
17|12|Lazaro Cardenas|4326|1700098|98|2026-09-29 02:50:00
17|12|Ricardo Soto|4326|1700099|99|2026-09-29 02:50:00
17|12|Centro Higueron|4326|1700100|100|2026-09-29 02:50:00
17|12|Independencia|4326|1700101|101|2026-09-29 02:50:00
17|12|Las Cruces Ampliacion Higueron|4326|1700102|102|2026-09-29 02:50:00
17|12|Azuchilera|4326|1700103|103|2026-09-29 02:50:00
17|12|La Nopalera|4326|1700104|104|2026-09-29 02:50:00
17|12|Arboledas Del Rio|4326|1700105|105|2026-09-29 02:50:00
17|12|Del Rosario|4326|1700106|106|2026-09-29 02:50:00
17|12|Piedras Blancas|4326|1700107|107|2026-09-29 02:50:00
17|12|Loma Bonita|4326|1700108|108|2026-09-29 02:50:00
17|12|Balcones De Tehuixtla|4326|1700109|109|2026-09-29 02:50:00
17|12|San Pedro|4326|1700110|110|2026-09-29 02:50:00
17|12|Emiliano Zapata|4326|1700111|111|2026-09-29 02:50:00
17|12|Centro Tehuixtla|4326|1700112|112|2026-09-29 02:50:00
17|12|Bella Vista|4326|1700113|113|2026-09-29 02:50:00
17|12|3 De Mayo|4326|1700114|114|2026-09-29 02:50:00
17|12|Loma Bonita|4326|1700115|115|2026-09-29 02:50:00
17|12|Centro Tequesquitengo|4326|1700116|116|2026-09-29 02:50:00
17|12|5ta Seccion|4326|1700117|117|2026-09-29 02:50:00
17|12|Buenos Aires|4326|1700118|118|2026-09-29 02:50:00
17|12|El Barro|4326|1700119|119|2026-09-29 02:50:00
17|12|Azteca 2|4326|1700120|120|2026-09-29 02:50:00
17|12|Vicente Guerrero|4326|1700121|121|2026-09-29 02:50:00
17|12|Azteca 1|4326|1700122|122|2026-09-29 02:50:00
17|12|Centro America|4326|1700123|123|2026-09-29 02:50:00
17|12|Azteca 3|4326|1700124|124|2026-09-29 02:50:00
17|12|5 De Mayo|4326|1700125|125|2026-09-29 02:50:00
17|12|Centro Tlatenchi|4326|1700126|126|2026-09-29 02:50:00
17|12|Constitucion Del 57|4326|1700127|127|2026-09-29 02:50:00
17|12|Jose Maria Morelos Y Pavon|4326|1700128|128|2026-09-29 02:50:00
17|14|El Florido|4326|1700129|129|2026-09-29 02:50:00
17|14|Colinas De Mazatepec|4326|1700130|130|2026-09-29 02:50:00
17|14|La Melena|4326|1700131|131|2026-09-29 02:50:00
17|14|Centro|4326|1700132|132|2026-09-29 02:50:00
17|14|Lindavista|4326|1700133|133|2026-09-29 02:50:00
17|14|Justo Sierra|4326|1700134|134|2026-09-29 02:50:00
17|2|San Antonio|4326|1700135|135|2026-09-29 02:50:00
17|14|Cuauchichinola|4326|1700136|136|2026-09-29 02:50:00
17|2|Santo Tomas|4326|1700137|137|2026-09-29 02:50:00
17|15|Los Huertos|4326|1700138|138|2026-09-29 02:50:00
17|2|De Los Reyes|4326|1700139|139|2026-09-29 02:50:00
17|15|La Lima|4326|1700140|140|2026-09-29 02:50:00
17|15|Atzompa|4326|1700141|141|2026-09-29 02:50:00
17|2|Santa Barbara|4326|1700142|142|2026-09-29 02:50:00
17|15|El Mirador|4326|1700143|143|2026-09-29 02:50:00
17|2|San Mateo|4326|1700144|144|2026-09-29 02:50:00
17|2|De La Asuncion|4326|1700145|145|2026-09-29 02:50:00
17|15|La Toma|4326|1700146|146|2026-09-29 02:50:00
17|15|Emiliano Zapata|4326|1700147|147|2026-09-29 02:50:00
17|2|San Sebastian|4326|1700148|148|2026-09-29 02:50:00
17|15|Campesina|4326|1700149|149|2026-09-29 02:50:00
17|2|San Lucas|4326|1700150|150|2026-09-29 02:50:00
17|2|San Marcos|4326|1700151|151|2026-09-29 02:50:00
17|2|San Andres|4326|1700152|152|2026-09-29 02:50:00
17|15|Vista Hermosa|4326|1700153|153|2026-09-29 02:50:00
17|15|Alvaro Obregon|4326|1700154|154|2026-09-29 02:50:00
17|2|De Santa Ana|4326|1700155|155|2026-09-29 02:50:00
17|15|Centro|4326|1700156|156|2026-09-29 02:50:00
17|2|Barrio San Lucas|4326|1700157|157|2026-09-29 02:50:00
17|34|3 De Mayo|4326|1700158|158|2026-09-29 02:50:00
17|2|El Mirador|4326|1700159|159|2026-09-29 02:50:00
17|34|General Pedro Saavedra|4326|1700160|160|2026-09-29 02:50:00
17|34|Benito Juarez|4326|1700161|161|2026-09-29 02:50:00
17|34|Narvarte|4326|1700162|162|2026-09-29 02:50:00
17|34|Centro Coatetelco|4326|1700163|163|2026-09-29 02:50:00
17|26|Altica|4326|1700164|164|2026-09-29 02:50:00
17|26|Santa Ana|4326|1700165|165|2026-09-29 02:50:00
17|26|San Miguel|4326|1700166|166|2026-09-29 02:50:00
17|26|De Texcalpan|4326|1700167|167|2026-09-29 02:50:00
17|26|Del Se?or Santiago|4326|1700168|168|2026-09-29 02:50:00
17|26|Santiago|4326|1700169|169|2026-09-29 02:50:00
17|26|Centro|4326|1700170|170|2026-09-29 02:50:00
17|26|Exaltacion|4326|1700171|171|2026-09-29 02:50:00
17|26|San Lorenzo|4326|1700172|172|2026-09-29 02:50:00
17|26|El Plan|4326|1700173|173|2026-09-29 02:50:00
17|26|San Diego|4326|1700174|174|2026-09-29 02:50:00
17|26|Del Rosario|4326|1700175|175|2026-09-29 02:50:00
17|27|Joyas De Totolapan|4326|1700176|176|2026-09-29 02:50:00
17|27|La Purisima Concepcion|4326|1700177|177|2026-09-29 02:50:00
17|27|San Agustin|4326|1700178|178|2026-09-29 02:50:00
17|27|San Sebastian|4326|1700179|179|2026-09-29 02:50:00
17|27|Tepetlixpita|4326|1700180|180|2026-09-29 02:50:00
17|27|Santa Barbara|4326|1700181|181|2026-09-29 02:50:00
17|23|San Felipe|4326|1700182|182|2026-09-29 02:50:00
17|23|Santiago|4326|1700183|183|2026-09-29 02:50:00
17|23|San Bartolo|4326|1700184|184|2026-09-29 02:50:00
17|23|San Nicolas|4326|1700185|185|2026-09-29 02:50:00
17|17|Miguel De La Madrid|4326|1700186|186|2026-09-29 02:50:00
17|17|Reforma|4326|1700187|187|2026-09-29 02:50:00
17|17|Buenavista|4326|1700188|188|2026-09-29 02:50:00
17|17|Aerodromo|4326|1700189|189|2026-09-29 02:50:00
17|17|Morelos|4326|1700190|190|2026-09-29 02:50:00
17|20|Villas Ecologicas|4326|1700191|191|2026-09-29 02:50:00
17|17|Centro San Jose Vista Hermosa|4326|1700192|192|2026-09-29 02:50:00
17|35|Club De Yates|4326|1700193|193|2026-09-29 02:50:00
17|17|Lomas Tropicales|4326|1700194|194|2026-09-29 02:50:00
17|20|Tierra Blanca|4326|1700195|195|2026-09-29 02:50:00
17|20|Xilotepetl|4326|1700196|196|2026-09-29 02:50:00
17|17|Tequesquitengo|4326|1700197|197|2026-09-29 02:50:00
17|17|Buena Vista|4326|1700198|198|2026-09-29 02:50:00
17|17|Santana|4326|1700199|199|2026-09-29 02:50:00
17|17|Cuauhtemoc|4326|1700200|200|2026-09-29 02:50:00
17|17|El Roble|4326|1700201|201|2026-09-29 02:50:00
17|17|Centro Tilzapotla|4326|1700202|202|2026-09-29 02:50:00
17|17|La Falda|4326|1700203|203|2026-09-29 02:50:00
17|17|Emiliano Zapata|4326|1700204|204|2026-09-29 02:50:00
17|35|Tapalehui|4326|1700205|205|2026-09-29 02:50:00
17|35|Apotla|4326|1700206|206|2026-09-29 02:50:00
17|35|Campo Pintora|4326|1700207|207|2026-09-29 02:50:00
17|20|Ixcatepec|4326|1700208|208|2026-09-29 02:50:00
17|35|Apozonalco|4326|1700209|209|2026-09-29 02:50:00
17|35|El Faro|4326|1700210|210|2026-09-29 02:50:00
17|20|Tierra Colorada|4326|1700211|211|2026-09-29 02:50:00
17|35|Campo Anenecuilco|4326|1700212|212|2026-09-29 02:50:00
17|35|El Partidor|4326|1700213|213|2026-09-29 02:50:00
17|35|Vista Hermosa|4326|1700214|214|2026-09-29 02:50:00
17|35|Centro Xoxocotla|4326|1700215|215|2026-09-29 02:50:00
17|20|Santa Catarina|4326|1700216|216|2026-09-29 02:50:00
17|21|Cerro De La Cruz|4326|1700217|217|2026-09-29 02:50:00
17|21|Francisco Sarabia|4326|1700218|218|2026-09-29 02:50:00
17|21|El Charco|4326|1700219|219|2026-09-29 02:50:00
17|21|Centro|4326|1700220|220|2026-09-29 02:50:00
17|24|Palo Prieto|4326|1700221|221|2026-09-29 02:50:00
17|24|La Cima|4326|1700222|222|2026-09-29 02:50:00
17|24|Campo El Escape|4326|1700223|223|2026-09-29 02:50:00
17|20|Obrera|4326|1700224|224|2026-09-29 02:50:00
17|24|Carlos Pacheco|4326|1700225|225|2026-09-29 02:50:00
17|24|Los Cajetes|4326|1700226|226|2026-09-29 02:50:00
17|24|Cuauhtemoc|4326|1700227|227|2026-09-29 02:50:00
17|24|Centro|4326|1700228|228|2026-09-29 02:50:00
17|24|Melendez|4326|1700229|229|2026-09-29 02:50:00
17|24|Bonifacio Garcia|4326|1700230|230|2026-09-29 02:50:00
17|24|Benito Juarez|4326|1700231|231|2026-09-29 02:50:00
17|24|El Pedregal|4326|1700232|232|2026-09-29 02:50:00
17|24|Ticuman|4326|1700233|233|2026-09-29 02:50:00
17|24|Huertos De Ticuman|4326|1700234|234|2026-09-29 02:50:00
17|24|Club Haciendas De Ticuman|4326|1700235|235|2026-09-29 02:50:00
17|24|Ticuman|4326|1700236|236|2026-09-29 02:50:00
17|24|Guadalupe Victoria|4326|1700237|237|2026-09-29 02:50:00
17|24|Campo La Curva|4326|1700238|238|2026-09-29 02:50:00
17|25|Miguel Hidalgo|4326|1700239|239|2026-09-29 02:50:00
17|25|Los Presidentes|4326|1700240|240|2026-09-29 02:50:00
17|25|Gabriel Tepepa|4326|1700241|241|2026-09-29 02:50:00
17|25|3 De Mayo|4326|1700242|242|2026-09-29 02:50:00
17|25|Tecnologica|4326|1700243|243|2026-09-29 02:50:00
17|25|La Cantora|4326|1700244|244|2026-09-29 02:50:00
17|25|Plan De Ayala|4326|1700245|245|2026-09-29 02:50:00
17|25|Celerino Manzanares|4326|1700246|246|2026-09-29 02:50:00
17|25|Magisterial El Tescal|4326|1700247|247|2026-09-29 02:50:00
17|25|Centro|4326|1700248|248|2026-09-29 02:50:00
17|25|Huautla|4326|1700249|249|2026-09-29 02:50:00
17|28|Nueva Morelos|4326|1700250|250|2026-09-29 02:50:00
17|28|Miguel Hidalgo|4326|1700251|251|2026-09-29 02:50:00
17|28|Miguel Hidalgo|4326|1700252|252|2026-09-29 02:50:00
17|28|La Cruz|4326|1700253|253|2026-09-29 02:50:00
17|28|Acoculco|4326|1700254|254|2026-09-29 02:50:00
17|28|Real Del Puente|4326|1700255|255|2026-09-29 02:50:00
17|28|Las Palmas|4326|1700256|256|2026-09-29 02:50:00
17|28|3 De Mayo|4326|1700257|257|2026-09-29 02:50:00
17|28|Los Olivos|4326|1700258|258|2026-09-29 02:50:00
17|28|Centro Alpuyeca|4326|1700259|259|2026-09-29 02:50:00
17|28|Cazahuatera|4326|1700260|260|2026-09-29 02:50:00
17|28|El Calvario|4326|1700261|261|2026-09-29 02:50:00
17|28|Centro Atlacholoaya|4326|1700262|262|2026-09-29 02:50:00
17|28|San Francisco|4326|1700263|263|2026-09-29 02:50:00
17|28|San Pedro De Los Pinos|4326|1700264|264|2026-09-29 02:50:00
17|28|Obrero Popular|4326|1700265|265|2026-09-29 02:50:00
17|28|Loma Bonita|4326|1700266|266|2026-09-29 02:50:00
17|28|Loma Bonita|4326|1700267|267|2026-09-29 02:50:00
17|28|Las Flores|4326|1700268|268|2026-09-29 02:50:00
17|28|Las Flores|4326|1700269|269|2026-09-29 02:50:00
17|28|Las Rosas|4326|1700270|270|2026-09-29 02:50:00
17|28|Morelos|4326|1700271|271|2026-09-29 02:50:00
17|31|Independencia|4326|1700272|272|2026-09-29 02:50:00
17|31|Benito Juarez|4326|1700273|273|2026-09-29 02:50:00
17|31|Plan De Ayala|4326|1700274|274|2026-09-29 02:50:00
17|31|Miguel Aleman|4326|1700275|275|2026-09-29 02:50:00
17|31|Emiliano Zapata|4326|1700276|276|2026-09-29 02:50:00
17|31|20 De Noviembre|4326|1700277|277|2026-09-29 02:50:00
17|31|Tetelpa|4326|1700278|278|2026-09-29 02:50:00
17|31|Plutarco Elias Calles|4326|1700279|279|2026-09-29 02:50:00
17|31|Lazaro Cardenas|4326|1700280|280|2026-09-29 02:50:00
17|31|Centro|4326|1700281|281|2026-09-29 02:50:00
17|31|San Antonio Chiverias|4326|1700282|282|2026-09-29 02:50:00
17|31|Martires Del 10 De Abril|4326|1700283|283|2026-09-29 02:50:00
17|31|Guadalupe Victoria|4326|1700284|284|2026-09-29 02:50:00
17|31|Alianza|4326|1700285|285|2026-09-29 02:50:00
17|31|Valle Del Sol|4326|1700286|286|2026-09-29 02:50:00
17|31|Arboledas De Galeana|4326|1700287|287|2026-09-29 02:50:00
17|31|Vicente Guerrero|4326|1700288|288|2026-09-29 02:50:00
17|31|Josefa Ortiz De Dominguez|4326|1700289|289|2026-09-29 02:50:00
17|31|Lazaro Cardenas|4326|1700290|290|2026-09-29 02:50:00
17|31|Centro Galeana|4326|1700291|291|2026-09-29 02:50:00
17|1|Zacualpan|4326|1700292|292|2026-09-29 02:50:00
17|1|Ejidal|4326|1700293|293|2026-09-29 02:50:00
17|1|El Portesuelo|4326|1700294|294|2026-09-29 02:50:00
17|1|Huajintlan|4326|1700295|295|2026-09-29 02:50:00
17|12|Alta Vista|4326|1700296|296|2026-09-29 02:50:00
17|12|Pedro Amaro|4326|1700297|297|2026-09-29 02:50:00
17|6|Infonavit Tetelcingo|4326|1700298|298|2026-09-29 02:50:00
17|6|Tabachines|4326|1700299|299|2026-09-29 02:50:00
17|6|Magisterial Tetelcingo|4326|1700300|300|2026-09-29 02:50:00
17|6|Piedra Blanca|4326|1700301|301|2026-09-29 02:50:00
17|6|Trigo Verde|4326|1700302|302|2026-09-29 02:50:00
17|6|2 De Mayo|4326|1700303|303|2026-09-29 02:50:00
17|6|Valle Del Sol|4326|1700304|304|2026-09-29 02:50:00
17|6|Issfam|4326|1700305|305|2026-09-29 02:50:00
17|6|Rio Verde|4326|1700306|306|2026-09-29 02:50:00
17|6|Los Sabinos|4326|1700307|307|2026-09-29 02:50:00
17|10|Mariana De Diaz|4326|1700308|308|2026-09-29 02:50:00
17|28|Real Del Puente|4326|1700309|309|2026-09-29 02:50:00
17|28|San Miguel La Union|4326|1700310|310|2026-09-29 02:50:00
17|28|Benito Juarez|4326|1700311|311|2026-09-29 02:50:00
17|28|Loma El Encanto|4326|1700312|312|2026-09-29 02:50:00
17|28|Francisco Villa|4326|1700313|313|2026-09-29 02:50:00
17|28|Jardines De Xochitepec|4326|1700314|314|2026-09-29 02:50:00
17|31|Plan De Ayala|4326|1700315|315|2026-09-29 02:50:00
17|14|Valle Verde|4326|1700316|316|2026-09-29 02:50:00
17|12|Manantial|4326|1700317|317|2026-09-29 02:50:00
17|6|Villas De Tetelcingo|4326|1700318|318|2026-09-29 02:50:00
17|6|Paraiso Residencial De Cuautla|4326|1700319|319|2026-09-29 02:50:00
17|6|Fovissste 5 De Diciembre|4326|1700320|320|2026-09-29 02:50:00
17|6|Margaritas|4326|1700321|321|2026-09-29 02:50:00
17|6|Santa Ines|4326|1700322|322|2026-09-29 02:50:00
17|6|Tetecalli|4326|1700323|323|2026-09-29 02:50:00
17|3|De La Luz|4326|1700324|324|2026-09-29 02:50:00
17|3|Vista Hermosa|4326|1700325|325|2026-09-29 02:50:00
17|3|Industrial|4326|1700326|326|2026-09-29 02:50:00
17|3|Bugambilias|4326|1700327|327|2026-09-29 02:50:00
17|3|Centro|4326|1700328|328|2026-09-29 02:50:00
17|4|Rafael Merino|4326|1700329|329|2026-09-29 02:50:00
17|4|Cruz Verde|4326|1700330|330|2026-09-29 02:50:00
17|4|Campo Nuevo Mexico|4326|1700331|331|2026-09-29 02:50:00
17|4|Hacienda Del Rio Coahuixtla|4326|1700332|332|2026-09-29 02:50:00
17|4|Agua Azul|4326|1700333|333|2026-09-29 02:50:00
17|4|Reforma|4326|1700334|334|2026-09-29 02:50:00
17|4|El Jaguey|4326|1700335|335|2026-09-29 02:50:00
17|4|Las Arboledas|4326|1700336|336|2026-09-29 02:50:00
17|4|La Joya|4326|1700337|337|2026-09-29 02:50:00
17|4|La Doncella|4326|1700338|338|2026-09-29 02:50:00
17|4|Centro|4326|1700339|339|2026-09-29 02:50:00
17|4|Nuevo Moyotepec|4326|1700340|340|2026-09-29 02:50:00
17|4|Moyotepec|4326|1700341|341|2026-09-29 02:50:00
17|4|Tenextepango|4326|1700342|342|2026-09-29 02:50:00
17|10|Manuel Alarcon|4326|1700343|343|2026-09-29 02:50:00
17|10|Mariano Matamoros|4326|1700344|344|2026-09-29 02:50:00
17|10|Los Amates Amayuca|4326|1700345|345|2026-09-29 02:50:00
17|10|Centro Amayuca|4326|1700346|346|2026-09-29 02:50:00
17|10|San Francisco Amayuca|4326|1700347|347|2026-09-29 02:50:00
17|10|La Y Amayuca|4326|1700348|348|2026-09-29 02:50:00
17|13|Huertas De Ahuacatlan|4326|1700349|349|2026-09-29 02:50:00
17|13|San Martin|4326|1700350|350|2026-09-29 02:50:00
17|13|Santa Lucia|4326|1700351|351|2026-09-29 02:50:00
17|13|Centro|4326|1700352|352|2026-09-29 02:50:00
17|13|De Veracruz|4326|1700353|353|2026-09-29 02:50:00
17|13|San Francisco|4326|1700354|354|2026-09-29 02:50:00
17|13|Miguel Lopez De Nava|4326|1700355|355|2026-09-29 02:50:00
17|13|La Capilla|4326|1700356|356|2026-09-29 02:50:00
17|13|El Amatito|4326|1700357|357|2026-09-29 02:50:00
17|13|Leandro Valle|4326|1700358|358|2026-09-29 02:50:00
17|13|San Martin Tetelilla|4326|1700359|359|2026-09-29 02:50:00
17|16|San Nicolas|4326|1700360|360|2026-09-29 02:50:00
17|16|De La Asuncion|4326|1700361|361|2026-09-29 02:50:00
17|16|Centro|4326|1700362|362|2026-09-29 02:50:00
17|16|Tecamachalco|4326|1700363|363|2026-09-29 02:50:00
17|16|Tlacoatzingo|4326|1700364|364|2026-09-29 02:50:00
17|16|Tepexi|4326|1700365|365|2026-09-29 02:50:00
17|16|5 De Mayo|4326|1700366|366|2026-09-29 02:50:00
17|16|Atenco|4326|1700367|367|2026-09-29 02:50:00
17|16|Centro|4326|1700368|368|2026-09-29 02:50:00
17|16|El Cedral|4326|1700369|369|2026-09-29 02:50:00
17|16|El Naranjo|4326|1700370|370|2026-09-29 02:50:00
17|16|Atataco|4326|1700371|371|2026-09-29 02:50:00
17|19|El Tulipan|4326|1700372|372|2026-09-29 02:50:00
17|19|Guadalupe|4326|1700373|373|2026-09-29 02:50:00
17|19|Los Reyes|4326|1700374|374|2026-09-29 02:50:00
17|19|Santa Cruz|4326|1700375|375|2026-09-29 02:50:00
17|19|Centro|4326|1700376|376|2026-09-29 02:50:00
17|19|El Santuario|4326|1700377|377|2026-09-29 02:50:00
17|19|La Concepcion|4326|1700378|378|2026-09-29 02:50:00
17|19|San Francisco|4326|1700379|379|2026-09-29 02:50:00
17|19|Palo Revuelto|4326|1700380|380|2026-09-29 02:50:00
17|19|Emiliano Zapata|4326|1700381|381|2026-09-29 02:50:00
17|19|Buenos Aires|4326|1700382|382|2026-09-29 02:50:00
17|19|Centro Atotonilco|4326|1700383|383|2026-09-29 02:50:00
17|22|San Miguel|4326|1700384|384|2026-09-29 02:50:00
17|12|El Arenal|4326|1700385|385|2026-09-29 02:50:00
17|22|Santiago|4326|1700386|386|2026-09-29 02:50:00
17|22|San Bartolo|4326|1700387|387|2026-09-29 02:50:00
17|22|Xochicalco|4326|1700388|388|2026-09-29 02:50:00
17|12|Los Venados I|4326|1700389|389|2026-09-29 02:50:00
17|22|San Agustin|4326|1700390|390|2026-09-29 02:50:00
17|12|El Arenal I|4326|1700391|391|2026-09-29 02:50:00
17|22|Ejidal|4326|1700392|392|2026-09-29 02:50:00
17|12|Los Venados Ii|4326|1700393|393|2026-09-29 02:50:00
17|22|San Jeronimo|4326|1700394|394|2026-09-29 02:50:00
17|22|Lomas Lindas|4326|1700395|395|2026-09-29 02:50:00
17|22|Zacapeshpa|4326|1700396|396|2026-09-29 02:50:00
17|22|Tlalamayocan|4326|1700397|397|2026-09-29 02:50:00
17|36|San Andres|4326|1700398|398|2026-09-29 02:50:00
17|36|San Miguel|4326|1700399|399|2026-09-29 02:50:00
17|36|San Jacinto|4326|1700400|400|2026-09-29 02:50:00
17|36|San Bartolo|4326|1700401|401|2026-09-29 02:50:00
17|30|Centro|4326|1700402|402|2026-09-29 02:50:00
17|30|Xalpa Ii|4326|1700403|403|2026-09-29 02:50:00
17|30|Los Reyes|4326|1700404|404|2026-09-29 02:50:00
17|30|Mexquemeca|4326|1700405|405|2026-09-29 02:50:00
17|32|Guadalupe Victoria|4326|1700406|406|2026-09-29 02:50:00
17|32|San Andres|4326|1700407|407|2026-09-29 02:50:00
17|32|De San Nicolas|4326|1700408|408|2026-09-29 02:50:00
17|32|Centro|4326|1700409|409|2026-09-29 02:50:00
17|32|San Pedro|4326|1700410|410|2026-09-29 02:50:00
17|32|De San Juan|4326|1700411|411|2026-09-29 02:50:00
17|32|Emiliano Zapata Tlacotepec|4326|1700412|412|2026-09-29 02:50:00
17|32|Mariano Escobedo Tlacotepec|4326|1700413|413|2026-09-29 02:50:00
17|32|Centro Tlacotepec|4326|1700414|414|2026-09-29 02:50:00
17|33|Benito Juarez|4326|1700415|415|2026-09-29 02:50:00
17|33|De San Martin|4326|1700416|416|2026-09-29 02:50:00
17|33|Centro|4326|1700417|417|2026-09-29 02:50:00
17|33|De San Jose|4326|1700418|418|2026-09-29 02:50:00
17|33|Los Mangos|4326|1700419|419|2026-09-29 02:50:00
17|33|La Asuncion Huazulco|4326|1700420|420|2026-09-29 02:50:00
17|33|San Mateo Huazulco|4326|1700421|421|2026-09-29 02:50:00
17|33|Centro|4326|1700422|422|2026-09-29 02:50:00
17|33|San Juan Huazulco|4326|1700423|423|2026-09-29 02:50:00
17|33|San Miguel Huazulco|4326|1700424|424|2026-09-29 02:50:00
17|6|Brisas De Cuautla|4326|1700425|425|2026-09-29 02:50:00
17|6|Salvador Esquer Apodaca|4326|1700426|426|2026-09-29 02:50:00
17|6|Volcanes De Cuautla|4326|1700427|427|2026-09-29 02:50:00
17|6|Lazaro Cardenas|4326|1700428|428|2026-09-29 02:50:00
17|6|Vicente Guerrero|4326|1700429|429|2026-09-29 02:50:00
17|6|Revolucion|4326|1700430|430|2026-09-29 02:50:00
17|6|Paraiso|4326|1700431|431|2026-09-29 02:50:00
17|6|Emiliano Zapata|4326|1700432|432|2026-09-29 02:50:00
17|6|Nuevo San Jose|4326|1700433|433|2026-09-29 02:50:00
17|6|Xochitengo|4326|1700434|434|2026-09-29 02:50:00
17|6|Casas Del Rio|4326|1700435|435|2026-09-29 02:50:00
17|6|Pablo Torres Burgos|4326|1700436|436|2026-09-29 02:50:00
17|6|Francisco I Madero|4326|1700437|437|2026-09-29 02:50:00
17|6|Heroe De Nacozari|4326|1700438|438|2026-09-29 02:50:00
17|6|10 De Abril|4326|1700439|439|2026-09-29 02:50:00
17|6|Progreso|4326|1700440|440|2026-09-29 02:50:00
17|6|Morelos|4326|1700441|441|2026-09-29 02:50:00
17|6|Reforma|4326|1700442|442|2026-09-29 02:50:00
17|6|Las Palmas|4326|1700443|443|2026-09-29 02:50:00
17|6|Diamante|4326|1700444|444|2026-09-29 02:50:00
17|6|Los Mangos|4326|1700445|445|2026-09-29 02:50:00
17|6|Manantiales|4326|1700446|446|2026-09-29 02:50:00
17|6|Agua Hedionda|4326|1700447|447|2026-09-29 02:50:00
17|6|Ni?o Artillero|4326|1700448|448|2026-09-29 02:50:00
17|6|5 De Febrero|4326|1700449|449|2026-09-29 02:50:00
17|6|Benito Juarez|4326|1700450|450|2026-09-29 02:50:00
17|6|Iztaccihuatl|4326|1700451|451|2026-09-29 02:50:00
17|6|Plan De Ayala|4326|1700452|452|2026-09-29 02:50:00
17|6|El Tepeyac|4326|1700453|453|2026-09-29 02:50:00
17|6|Guadalupe Victoria|4326|1700454|454|2026-09-29 02:50:00
17|6|Santa Rosa|4326|1700455|455|2026-09-29 02:50:00
17|6|Ignacio Zaragoza|4326|1700456|456|2026-09-29 02:50:00
17|6|Santa Cruz|4326|1700457|457|2026-09-29 02:50:00
17|6|Casasano|4326|1700458|458|2026-09-29 02:50:00
17|6|Pe?a Flores|4326|1700459|459|2026-09-29 02:50:00
17|6|El Polvorin 18 De Septiembre|4326|1700460|460|2026-09-29 02:50:00
17|11|Joyas De Jiutepec|4326|1700461|461|2026-09-29 02:50:00
17|7|Loma Bonita|4326|1700462|462|2026-09-29 02:50:00
17|7|Joyas De Cortes|4326|1700463|463|2026-09-29 02:50:00
17|7|Santa Elena De La Cruz|4326|1700464|464|2026-09-29 02:50:00
17|7|La Caminera|4326|1700465|465|2026-09-29 02:50:00
17|7|Adolfo Lopez Mateos|4326|1700466|466|2026-09-29 02:50:00
17|7|Loma Bonita|4326|1700467|467|2026-09-29 02:50:00
17|7|Morelos|4326|1700468|468|2026-09-29 02:50:00
17|7|Chipitlan|4326|1700469|469|2026-09-29 02:50:00
17|7|Universidad|4326|1700470|470|2026-09-29 02:50:00
17|7|Provincia De Jerusalen|4326|1700471|471|2026-09-29 02:50:00
17|7|Lomas De Chamilpa|4326|1700472|472|2026-09-29 02:50:00
17|7|Chamilpa|4326|1700473|473|2026-09-29 02:50:00
17|7|Lic Benito Juarez|4326|1700474|474|2026-09-29 02:50:00
17|7|Insurgentes|4326|1700475|475|2026-09-29 02:50:00
17|7|Tehuztitlan|4326|1700476|476|2026-09-29 02:50:00
17|7|Salvador Elizarraras|4326|1700477|477|2026-09-29 02:50:00
17|7|El Ocote|4326|1700478|478|2026-09-29 02:50:00
17|7|Ocotepec|4326|1700479|479|2026-09-29 02:50:00
17|7|Nogales|4326|1700480|480|2026-09-29 02:50:00
17|7|Alarcon|4326|1700481|481|2026-09-29 02:50:00
17|7|Jardines De Ahuatepec|4326|1700482|482|2026-09-29 02:50:00
17|7|Los Limoneros|4326|1700483|483|2026-09-29 02:50:00
17|7|El Mirador|4326|1700484|484|2026-09-29 02:50:00
17|7|Villa Santiago|4326|1700485|485|2026-09-29 02:50:00
17|7|Rancho Alegre|4326|1700486|486|2026-09-29 02:50:00
17|7|La Ca?ada|4326|1700487|487|2026-09-29 02:50:00
17|7|El Copalito|4326|1700488|488|2026-09-29 02:50:00
17|7|Lomas De Ahuatepec|4326|1700489|489|2026-09-29 02:50:00
17|7|Gloria Almada De Bejarano|4326|1700490|490|2026-09-29 02:50:00
17|7|Cerritos Garcia Los Cizos|4326|1700491|491|2026-09-29 02:50:00
17|7|Mirador De La Universidad|4326|1700492|492|2026-09-29 02:50:00
17|7|Veranda|4326|1700493|493|2026-09-29 02:50:00
17|7|Los Ciruelos|4326|1700494|494|2026-09-29 02:50:00
17|7|Jardines De Zoquipa|4326|1700495|495|2026-09-29 02:50:00
17|7|Tlaltecuahuitl|4326|1700496|496|2026-09-29 02:50:00
17|7|San Antonio Del Jaguey|4326|1700497|497|2026-09-29 02:50:00
17|7|Cerritos Barona|4326|1700498|498|2026-09-29 02:50:00
17|7|Texcaltepec|4326|1700499|499|2026-09-29 02:50:00
17|7|Tecomulco|4326|1700500|500|2026-09-29 02:50:00
17|7|Rio Balsas|4326|1700501|501|2026-09-29 02:50:00
17|7|La Mojonera|4326|1700502|502|2026-09-29 02:50:00
17|7|Lienzo El Charro|4326|1700503|503|2026-09-29 02:50:00
17|7|Buena Vista|4326|1700504|504|2026-09-29 02:50:00
17|7|Loma Linda|4326|1700505|505|2026-09-29 02:50:00
17|7|Loma Linda|4326|1700506|506|2026-09-29 02:50:00
17|7|Loma Linda|4326|1700507|507|2026-09-29 02:50:00
17|7|Tzompantle Sur|4326|1700508|508|2026-09-29 02:50:00
17|7|Rancho Tetela|4326|1700509|509|2026-09-29 02:50:00
17|7|Margaritas|4326|1700510|510|2026-09-29 02:50:00
17|7|Zona Militar|4326|1700511|511|2026-09-29 02:50:00
17|7|Militar|4326|1700512|512|2026-09-29 02:50:00
17|7|Militar|4326|1700513|513|2026-09-29 02:50:00
17|7|Tlatepexco|4326|1700514|514|2026-09-29 02:50:00
17|7|Lomas De La Selva Norte|4326|1700515|515|2026-09-29 02:50:00
17|7|Condominio Bugambilias|4326|1700516|516|2026-09-29 02:50:00
17|7|Bellavista|4326|1700517|517|2026-09-29 02:50:00
17|7|Fraccionamiento Maravillas|4326|1700518|518|2026-09-29 02:50:00
17|7|Unidad Habitacional Lomas De Cortes|4326|1700519|519|2026-09-29 02:50:00
17|7|Los Faroles|4326|1700520|520|2026-09-29 02:50:00
17|7|San Cristobal|4326|1700521|521|2026-09-29 02:50:00
17|7|Jardines De Reforma|4326|1700522|522|2026-09-29 02:50:00
17|7|Rincon Del Valle|4326|1700523|523|2026-09-29 02:50:00
17|7|Recursos Hidraulicos|4326|1700524|524|2026-09-29 02:50:00
17|7|Reforma|4326|1700525|525|2026-09-29 02:50:00
17|7|Extension Vista Hermosa|4326|1700526|526|2026-09-29 02:50:00
17|7|San Jeronimo De Ahuatepec|4326|1700527|527|2026-09-29 02:50:00
17|7|Bello Horizonte|4326|1700528|528|2026-09-29 02:50:00
17|11|Morelos|4326|1700529|529|2026-09-29 02:50:00
17|18|Lauro Ortega|4326|1700530|530|2026-09-29 02:50:00
17|7|Los Limones|4326|1700531|531|2026-09-29 02:50:00
17|7|Santa Martha|4326|1700532|532|2026-09-29 02:50:00
17|18|Pueblo Viejo|4326|1700533|533|2026-09-29 02:50:00
17|11|Otilio Monta?o|4326|1700534|534|2026-09-29 02:50:00
17|18|El Cornejal|4326|1700535|535|2026-09-29 02:50:00
17|11|Civac Kovas|4326|1700536|536|2026-09-29 02:50:00
17|11|Civac Narciso Mendoza|4326|1700537|537|2026-09-29 02:50:00
17|11|Civac Narciso Mendoza|4326|1700538|538|2026-09-29 02:50:00
17|11|Civac 2da Seccion Las Aguilas|4326|1700539|539|2026-09-29 02:50:00
17|7|Tlaltenango|4326|1700540|540|2026-09-29 02:50:00
17|7|Fraccionamiento Analco|4326|1700541|541|2026-09-29 02:50:00
17|11|Civac 1ra Seccion Las Palomas|4326|1700542|542|2026-09-29 02:50:00
17|7|Lomas De Coyuca|4326|1700543|543|2026-09-29 02:50:00
17|11|Civac Los Robles|4326|1700544|544|2026-09-29 02:50:00
17|7|Lomas Del Sol|4326|1700545|545|2026-09-29 02:50:00
17|18|Lomas Del Carril|4326|1700546|546|2026-09-29 02:50:00
17|11|Civac|4326|1700547|547|2026-09-29 02:50:00
17|7|Hacienda Tetela|4326|1700548|548|2026-09-29 02:50:00
17|7|Adolfo Ruiz Cortinez|4326|1700549|549|2026-09-29 02:50:00
17|7|Adolfo Ruiz Cortinez|4326|1700550|550|2026-09-29 02:50:00
17|18|Alta Palmira|4326|1700551|551|2026-09-29 02:50:00
17|7|Lomas De Atzingo|4326|1700552|552|2026-09-29 02:50:00
17|11|Porvenir|4326|1700553|553|2026-09-29 02:50:00
17|7|Adolfo Lopez Mateos|4326|1700554|554|2026-09-29 02:50:00
17|11|Tejalpa Civac|4326|1700555|555|2026-09-29 02:50:00
17|11|Pedregal Tejalpa|4326|1700556|556|2026-09-29 02:50:00
17|11|Los Pinos Tejalpa|4326|1700557|557|2026-09-29 02:50:00
17|18|Los Presidentes|4326|1700558|558|2026-09-29 02:50:00
17|11|Atenatitlan|4326|1700559|559|2026-09-29 02:50:00
17|18|Azteca|4326|1700560|560|2026-09-29 02:50:00
17|11|Capiri|4326|1700561|561|2026-09-29 02:50:00
17|11|San Isidro|4326|1700562|562|2026-09-29 02:50:00
17|7|Plan De Ayala Barrancas|4326|1700563|563|2026-09-29 02:50:00
17|7|Ampliacion Alta Vista|4326|1700564|564|2026-09-29 02:50:00
17|11|Josefa Ortiz De Dominguez|4326|1700565|565|2026-09-29 02:50:00
17|7|Villa De Ocampo|4326|1700566|566|2026-09-29 02:50:00
17|7|Alta Vista|4326|1700567|567|2026-09-29 02:50:00
17|7|Las Piletas|4326|1700568|568|2026-09-29 02:50:00
17|11|Vicente Guerrero|4326|1700569|569|2026-09-29 02:50:00
17|7|Alta Vista|4326|1700570|570|2026-09-29 02:50:00
17|11|San Lucas|4326|1700571|571|2026-09-29 02:50:00
17|7|Jose Lopez Portillo|4326|1700572|572|2026-09-29 02:50:00
17|7|Margarita Maza De Juarez|4326|1700573|573|2026-09-29 02:50:00
17|7|Santa  Fe|4326|1700574|574|2026-09-29 02:50:00
17|7|San Jeronimo|4326|1700575|575|2026-09-29 02:50:00
17|7|Pradera|4326|1700576|576|2026-09-29 02:50:00
17|7|San Jeronimo|4326|1700577|577|2026-09-29 02:50:00
17|7|Jiquilpan|4326|1700578|578|2026-09-29 02:50:00
17|11|Vicente Guerrero|4326|1700579|579|2026-09-29 02:50:00
17|7|Del Empleado|4326|1700580|580|2026-09-29 02:50:00
17|11|San Isidro|4326|1700581|581|2026-09-29 02:50:00
17|11|Tejalpa|4326|1700582|582|2026-09-29 02:50:00
17|7|Prados De Cuernavaca|4326|1700583|583|2026-09-29 02:50:00
17|7|Tezontepec|4326|1700584|584|2026-09-29 02:50:00
17|11|Real El Cazahuate|4326|1700585|585|2026-09-29 02:50:00
17|7|Bosques Del Miraval|4326|1700586|586|2026-09-29 02:50:00
17|11|Deportiva|4326|1700587|587|2026-09-29 02:50:00
17|11|Oriental Tejalpa|4326|1700588|588|2026-09-29 02:50:00
17|7|Miraval|4326|1700589|589|2026-09-29 02:50:00
17|7|Lomas De La Selva|4326|1700590|590|2026-09-29 02:50:00
17|11|Tejalpa|4326|1700591|591|2026-09-29 02:50:00
17|11|Villas Paraiso|4326|1700592|592|2026-09-29 02:50:00
17|11|Canoas|4326|1700593|593|2026-09-29 02:50:00
17|11|Villas De Cortes|4326|1700594|594|2026-09-29 02:50:00
17|11|Paraiso|4326|1700595|595|2026-09-29 02:50:00
17|11|Apatlaco|4326|1700596|596|2026-09-29 02:50:00
17|7|Jardines Las Delicias|4326|1700597|597|2026-09-29 02:50:00
17|7|Delicias|4326|1700598|598|2026-09-29 02:50:00
17|11|Hacienda De Las Flores|4326|1700599|599|2026-09-29 02:50:00
17|18|Ruben Jaramillo|4326|1700600|600|2026-09-29 02:50:00
17|7|Jardines De Cuernavaca|4326|1700601|601|2026-09-29 02:50:00
17|7|Primavera|4326|1700602|602|2026-09-29 02:50:00
17|11|Cuauchiles|4326|1700603|603|2026-09-29 02:50:00
17|18|Santa Monica|4326|1700604|604|2026-09-29 02:50:00
17|7|Condominio Chapultepec|4326|1700605|605|2026-09-29 02:50:00
17|11|San Francisco Texcalpan|4326|1700606|606|2026-09-29 02:50:00
17|18|Los Laureles|4326|1700607|607|2026-09-29 02:50:00
17|11|Campo Morado|4326|1700608|608|2026-09-29 02:50:00
17|11|El Paraje|4326|1700609|609|2026-09-29 02:50:00
17|11|El Paraje|4326|1700610|610|2026-09-29 02:50:00
17|7|Flores Magon Segundo Fracc|4326|1700611|611|2026-09-29 02:50:00
17|18|Campamento Florencio Medrano|4326|1700612|612|2026-09-29 02:50:00
17|7|Villas Del Lago|4326|1700613|613|2026-09-29 02:50:00
17|11|Pedregal De Las Fuentes|4326|1700614|614|2026-09-29 02:50:00
17|7|Unidad Habitacional Morelos|4326|1700615|615|2026-09-29 02:50:00
17|7|Zodiaco|4326|1700616|616|2026-09-29 02:50:00
17|11|Kiwi|4326|1700617|617|2026-09-29 02:50:00
17|11|Tamoanchan|4326|1700618|618|2026-09-29 02:50:00
17|7|Ciudad Chapultepec|4326|1700619|619|2026-09-29 02:50:00
17|7|Unidad Habitacional Cd Chapultepec|4326|1700620|620|2026-09-29 02:50:00
17|11|Progreso|4326|1700621|621|2026-09-29 02:50:00
17|7|Puerta Del Sol|4326|1700622|622|2026-09-29 02:50:00
17|7|Joya De Los Jilgueros|4326|1700623|623|2026-09-29 02:50:00
17|7|Ramon Hernandez Navarro|4326|1700624|624|2026-09-29 02:50:00
17|7|Alegria|4326|1700625|625|2026-09-29 02:50:00
17|7|Condominio Cuauhnahuac|4326|1700626|626|2026-09-29 02:50:00
17|7|Omeyocan|4326|1700627|627|2026-09-29 02:50:00
17|7|Los Volcanes|4326|1700628|628|2026-09-29 02:50:00
17|7|Lomas Del Mirador|4326|1700629|629|2026-09-29 02:50:00
17|7|Unidad Habitacional Teopanzolco|4326|1700630|630|2026-09-29 02:50:00
17|7|La Estacion|4326|1700631|631|2026-09-29 02:50:00
17|7|Santa Veracruz|4326|1700632|632|2026-09-29 02:50:00
17|7|El Vergel|4326|1700633|633|2026-09-29 02:50:00
17|7|Amatitlan|4326|1700634|634|2026-09-29 02:50:00
17|7|La Carolina|4326|1700635|635|2026-09-29 02:50:00
17|7|Lomas De San Anton|4326|1700636|636|2026-09-29 02:50:00
17|11|San Jose|4326|1700637|637|2026-09-29 02:50:00
17|11|Lomas Del Texcal|4326|1700638|638|2026-09-29 02:50:00
17|11|Cerro De La Corona|4326|1700639|639|2026-09-29 02:50:00
17|11|Luis Donaldo Colosio|4326|1700640|640|2026-09-29 02:50:00
17|11|Jardin Juarez|4326|1700641|641|2026-09-29 02:50:00
17|11|De Chapultepec|4326|1700642|642|2026-09-29 02:50:00
17|7|Tlaquiltompan (copalera Y La Providencia)|4326|1700643|643|2026-09-29 02:50:00
17|7|Pedregal Lomas De Cortes|4326|1700644|644|2026-09-29 02:50:00
17|11|Loma Bonita|4326|1700645|645|2026-09-29 02:50:00
17|7|Ahuehuetitla|4326|1700646|646|2026-09-29 02:50:00
17|7|Oriente Lomas De Cortes|4326|1700647|647|2026-09-29 02:50:00
17|7|Nueva Santa Maria|4326|1700648|648|2026-09-29 02:50:00
17|7|Lagunilla|4326|1700649|649|2026-09-29 02:50:00
17|7|Benito Juarez|4326|1700650|650|2026-09-29 02:50:00
17|7|Provinciana|4326|1700651|651|2026-09-29 02:50:00
17|11|Lomas De Chapultepec|4326|1700652|652|2026-09-29 02:50:00
17|7|Tepeyehualco|4326|1700653|653|2026-09-29 02:50:00
17|7|Sacatierra|4326|1700654|654|2026-09-29 02:50:00
17|7|Sacatierra|4326|1700655|655|2026-09-29 02:50:00
17|7|Chulavista|4326|1700656|656|2026-09-29 02:50:00
17|7|Club De Golf|4326|1700657|657|2026-09-29 02:50:00
17|7|Poblado De Acapantzingo|4326|1700658|658|2026-09-29 02:50:00
17|7|Jardines De Acapantzingo|4326|1700659|659|2026-09-29 02:50:00
17|11|La Rueda|4326|1700660|660|2026-09-29 02:50:00
17|7|Los Cizos|4326|1700661|661|2026-09-29 02:50:00
17|7|Tabachines|4326|1700662|662|2026-09-29 02:50:00
17|11|Valle Verde|4326|1700663|663|2026-09-29 02:50:00
17|7|Miguel Hidalgo|4326|1700664|664|2026-09-29 02:50:00
17|7|Las Palmas|4326|1700665|665|2026-09-29 02:50:00
17|11|Cliserio Alanis|4326|1700666|666|2026-09-29 02:50:00
17|7|Bondies|4326|1700667|667|2026-09-29 02:50:00
17|11|Club Hacienda San Gaspar|4326|1700668|668|2026-09-29 02:50:00
17|7|Quintana Roo|4326|1700669|669|2026-09-29 02:50:00
17|7|Benito Juarez|4326|1700670|670|2026-09-29 02:50:00
17|7|Palmira|4326|1700671|671|2026-09-29 02:50:00
17|11|Las Fuentes|4326|1700672|672|2026-09-29 02:50:00
17|7|Jacarandas|4326|1700673|673|2026-09-29 02:50:00
17|11|El Naranjo|4326|1700674|674|2026-09-29 02:50:00
17|7|Potrero Verde|4326|1700675|675|2026-09-29 02:50:00
17|7|Quintas Martha|4326|1700676|676|2026-09-29 02:50:00
17|7|Cantarranas|4326|1700677|677|2026-09-29 02:50:00
17|11|San Lucas|4326|1700678|678|2026-09-29 02:50:00
17|7|Manantiales|4326|1700679|679|2026-09-29 02:50:00
17|7|Las Quintas|4326|1700680|680|2026-09-29 02:50:00
17|11|Las Moras Ii|4326|1700681|681|2026-09-29 02:50:00
17|7|Unidad Habitacional Cantarranas|4326|1700682|682|2026-09-29 02:50:00
17|7|Villa Colonial|4326|1700683|683|2026-09-29 02:50:00
17|11|Las Moras I|4326|1700684|684|2026-09-29 02:50:00
17|11|Miguel Hidalgo|4326|1700685|685|2026-09-29 02:50:00
17|11|La Esmeralda|4326|1700686|686|2026-09-29 02:50:00
17|7|Cantarranas|4326|1700687|687|2026-09-29 02:50:00
17|7|Vicente Guerrero|4326|1700688|688|2026-09-29 02:50:00
17|11|El Campanario|4326|1700689|689|2026-09-29 02:50:00
17|7|Jardines De Palmira|4326|1700690|690|2026-09-29 02:50:00
17|11|Maravillas De Axexentla|4326|1700691|691|2026-09-29 02:50:00
17|11|Calera Chica|4326|1700692|692|2026-09-29 02:50:00
17|11|Calera Chica Poniente|4326|1700693|693|2026-09-29 02:50:00
17|7|Bosques De Palmira|4326|1700694|694|2026-09-29 02:50:00
17|7|Rinconada Palmira|4326|1700695|695|2026-09-29 02:50:00
17|7|Cuernavaca|4326|1700696|696|2026-09-29 02:50:00
17|7|El Palmar|4326|1700697|697|2026-09-29 02:50:00
17|11|Vista Hermosa|4326|1700698|698|2026-09-29 02:50:00
17|7|Las Garzas|4326|1700699|699|2026-09-29 02:50:00
17|11|Acali|4326|1700700|700|2026-09-29 02:50:00
17|11|La Laja|4326|1700701|701|2026-09-29 02:50:00
17|7|Unidad Habitacional Fovissste Las Aguilas|4326|1700702|702|2026-09-29 02:50:00
17|11|La Huizachera|4326|1700703|703|2026-09-29 02:50:00
17|7|Las Aguilas|4326|1700704|704|2026-09-29 02:50:00
17|7|Magisterial Las Aguilas|4326|1700705|705|2026-09-29 02:50:00
17|11|Villa Santiago|4326|1700706|706|2026-09-29 02:50:00
17|7|Fovissste Chapultepec|4326|1700707|707|2026-09-29 02:50:00
17|7|Del Lago|4326|1700708|708|2026-09-29 02:50:00
17|11|Hatuey|4326|1700709|709|2026-09-29 02:50:00
17|11|Tepec|4326|1700710|710|2026-09-29 02:50:00
17|11|Huertas Del Llano|4326|1700711|711|2026-09-29 02:50:00
17|7|Bosques De Chapultepec|4326|1700712|712|2026-09-29 02:50:00
17|11|Lomas De Palmira|4326|1700713|713|2026-09-29 02:50:00
17|11|Rinconada Palmira|4326|1700714|714|2026-09-29 02:50:00
17|7|Satelite|4326|1700715|715|2026-09-29 02:50:00
17|11|Residencial Jiutepec|4326|1700716|716|2026-09-29 02:50:00
17|7|Vicente Estrada Cajigal|4326|1700717|717|2026-09-29 02:50:00
17|11|Imuri|4326|1700718|718|2026-09-29 02:50:00
17|7|Emiliano Zapata|4326|1700719|719|2026-09-29 02:50:00
17|7|Las Granjas|4326|1700720|720|2026-09-29 02:50:00
17|11|Las Fincas|4326|1700721|721|2026-09-29 02:50:00
17|11|Villa Real Los Colorines|4326|1700722|722|2026-09-29 02:50:00
17|11|Jardines De La Hacienda 1ra Seccion|4326|1700723|723|2026-09-29 02:50:00
17|11|Jardines De La Hacienda 2da Seccion|4326|1700724|724|2026-09-29 02:50:00
17|11|Paraiso|4326|1700725|725|2026-09-29 02:50:00
17|7|Lazaro Cardenas Del Rio|4326|1700726|726|2026-09-29 02:50:00
17|11|Electricistas|4326|1700727|727|2026-09-29 02:50:00
17|7|Primero De Mayo|4326|1700728|728|2026-09-29 02:50:00
17|11|San Cristobal Los Lirios|4326|1700729|729|2026-09-29 02:50:00
17|11|El Castillo|4326|1700730|730|2026-09-29 02:50:00
17|11|Los Pinos Jiutepec|4326|1700731|731|2026-09-29 02:50:00
17|7|Tlahuicas|4326|1700732|732|2026-09-29 02:50:00
17|11|El Arroyo|4326|1700733|733|2026-09-29 02:50:00
17|11|Villa Real|4326|1700734|734|2026-09-29 02:50:00
17|11|Campestre|4326|1700735|735|2026-09-29 02:50:00
17|11|La Rosa|4326|1700736|736|2026-09-29 02:50:00
17|11|La Palma|4326|1700737|737|2026-09-29 02:50:00
17|11|Arcos De Xiutepec|4326|1700738|738|2026-09-29 02:50:00
17|11|Country|4326|1700739|739|2026-09-29 02:50:00
17|11|Palmitas|4326|1700740|740|2026-09-29 02:50:00
17|11|La Palma|4326|1700741|741|2026-09-29 02:50:00
17|11|Lazaro Cardenas|4326|1700742|742|2026-09-29 02:50:00
17|11|Moctezuma|4326|1700743|743|2026-09-29 02:50:00
17|11|Villas Del Descanso|4326|1700744|744|2026-09-29 02:50:00
17|11|La Cerillera|4326|1700745|745|2026-09-29 02:50:00
17|11|Los Girasoles|4326|1700746|746|2026-09-29 02:50:00
17|11|San  Francisco|4326|1700747|747|2026-09-29 02:50:00
17|11|Los Almendros|4326|1700748|748|2026-09-29 02:50:00
17|7|Los Ramos|4326|1700749|749|2026-09-29 02:50:00
17|7|Tepepan|4326|1700750|750|2026-09-29 02:50:00
17|7|Rodolfo Lopez De Nava|4326|1700751|751|2026-09-29 02:50:00
17|7|Ahuatepec|4326|1700752|752|2026-09-29 02:50:00
17|11|Lomas De Tlahuapan|4326|1700753|753|2026-09-29 02:50:00
17|7|Sme - Ocotepec|4326|1700754|754|2026-09-29 02:50:00
17|11|Insurgentes|4326|1700755|755|2026-09-29 02:50:00
17|11|Horizontal Hacienda De Jiutepec|4326|1700756|756|2026-09-29 02:50:00
17|7|Xicapan|4326|1700757|757|2026-09-29 02:50:00
17|11|Los Lirios|4326|1700758|758|2026-09-29 02:50:00
17|7|Blanca Universidad|4326|1700759|759|2026-09-29 02:50:00
17|11|Villa De Jiutepec|4326|1700760|760|2026-09-29 02:50:00
17|11|Villas Ensue?o|4326|1700761|761|2026-09-29 02:50:00
17|11|Valle De Las Fuentes|4326|1700762|762|2026-09-29 02:50:00
17|7|Villas Del Palmar|4326|1700763|763|2026-09-29 02:50:00
17|11|La Joya|4326|1700764|764|2026-09-29 02:50:00
17|7|Loma Bonita|4326|1700765|765|2026-09-29 02:50:00
17|7|Villa Internacional De Tenis|4326|1700766|766|2026-09-29 02:50:00
17|11|Sumiya|4326|1700767|767|2026-09-29 02:50:00
17|11|Klosters Sumiya|4326|1700768|768|2026-09-29 02:50:00
17|7|Atzingo Diamante|4326|1700769|769|2026-09-29 02:50:00
17|11|Del Bosque|4326|1700770|770|2026-09-29 02:50:00
17|11|Parques Sumiya|4326|1700771|771|2026-09-29 02:50:00
17|7|Rinconada Del Artista|4326|1700772|772|2026-09-29 02:50:00
17|11|Jose G Parres|4326|1700773|773|2026-09-29 02:50:00
17|7|Villa Real Las Piletas|4326|1700774|774|2026-09-29 02:50:00
17|7|San Anton|4326|1700775|775|2026-09-29 02:50:00
17|7|Las Flores|4326|1700776|776|2026-09-29 02:50:00
17|7|Terrazas De San Anton|4326|1700777|777|2026-09-29 02:50:00
17|7|Lomas Del Aguila|4326|1700778|778|2026-09-29 02:50:00
17|11|Bugambilias|4326|1700779|779|2026-09-29 02:50:00
17|7|Pilares|4326|1700780|780|2026-09-29 02:50:00
17|7|Mina Cinco|4326|1700781|781|2026-09-29 02:50:00
17|11|Puente Blanco|4326|1700782|782|2026-09-29 02:50:00
17|7|Las Colmenas|4326|1700783|783|2026-09-29 02:50:00
17|18|Los Sabinos|4326|1700784|784|2026-09-29 02:50:00
17|18|Guacamayas|4326|1700785|785|2026-09-29 02:50:00
17|18|Junto Al Rio|4326|1700786|786|2026-09-29 02:50:00
17|18|Lomas De Cuernavaca|4326|1700787|787|2026-09-29 02:50:00
17|18|Burgos Cuernavaca|4326|1700788|788|2026-09-29 02:50:00
17|18|Valle Verde|4326|1700789|789|2026-09-29 02:50:00
17|18|Brisas|4326|1700790|790|2026-09-29 02:50:00
17|18|Los Sauces|4326|1700791|791|2026-09-29 02:50:00
17|18|Rio Apatlaco|4326|1700792|792|2026-09-29 02:50:00
17|18|Los Arcos|4326|1700793|793|2026-09-29 02:50:00
17|18|Casa Blanca|4326|1700794|794|2026-09-29 02:50:00
17|18|Burgos Bugambilias|4326|1700795|795|2026-09-29 02:50:00
17|18|Aquiles Serdan|4326|1700796|796|2026-09-29 02:50:00
17|18|Lomas De Guadalupe|4326|1700797|797|2026-09-29 02:50:00
17|18|Los Sabinos|4326|1700798|798|2026-09-29 02:50:00
17|18|Vergel Santa Cruz|4326|1700799|799|2026-09-29 02:50:00
17|18|Rio Escondido|4326|1700800|800|2026-09-29 02:50:00
17|18|Diez De Abril|4326|1700801|801|2026-09-29 02:50:00
17|18|Casa Blanca|4326|1700802|802|2026-09-29 02:50:00
17|18|Arboledas|4326|1700803|803|2026-09-29 02:50:00
17|8|Lomas Del Copal|4326|1700804|804|2026-09-29 02:50:00
17|8|Tres De Mayo|4326|1700805|805|2026-09-29 02:50:00
17|8|El Guante|4326|1700806|806|2026-09-29 02:50:00
17|8|El Aguaje|4326|1700807|807|2026-09-29 02:50:00
17|8|Las Fuentes Zapata|4326|1700808|808|2026-09-29 02:50:00
17|8|Las Rocas|4326|1700809|809|2026-09-29 02:50:00
17|8|San Francisco|4326|1700810|810|2026-09-29 02:50:00
17|8|Calera Chica|4326|1700811|811|2026-09-29 02:50:00
17|8|Calera Chica|4326|1700812|812|2026-09-29 02:50:00
17|8|El Calvario|4326|1700813|813|2026-09-29 02:50:00
17|8|El Capulin|4326|1700814|814|2026-09-29 02:50:00
17|8|El Mirador|4326|1700815|815|2026-09-29 02:50:00
17|8|Pro-hogar|4326|1700816|816|2026-09-29 02:50:00
17|8|Pro-hogar|4326|1700817|817|2026-09-29 02:50:00
17|11|Constitucion|4326|1700818|818|2026-09-29 02:50:00
17|11|Tlahuapan|4326|1700819|819|2026-09-29 02:50:00
17|11|Los Tarianes|4326|1700820|820|2026-09-29 02:50:00
17|11|El Eden|4326|1700821|821|2026-09-29 02:50:00
17|3|Otilio Monta?o|4326|1700822|822|2026-09-29 02:50:00
17|3|El Cbta|4326|1700823|823|2026-09-29 02:50:00
17|8|Benito Juarez|4326|1700824|824|2026-09-29 02:50:00
17|6|Centro|4326|1700825|825|2026-09-29 02:50:00
17|8|Palo Escrito|4326|1700826|826|2026-09-29 02:50:00
17|8|Guadalupe De Las Arenas|4326|1700827|827|2026-09-29 02:50:00
17|8|Centro|4326|1700828|828|2026-09-29 02:50:00
17|8|El Tomatal|4326|1700829|829|2026-09-29 02:50:00
17|8|La Estacion|4326|1700830|830|2026-09-29 02:50:00
17|8|Campo Nuevo|4326|1700831|831|2026-09-29 02:50:00
17|8|El Amate|4326|1700832|832|2026-09-29 02:50:00
17|8|El Vigilante|4326|1700833|833|2026-09-29 02:50:00
17|6|Araucaria|4326|1700834|834|2026-09-29 02:50:00
17|6|Adolfo Lopez Mateos|4326|1700835|835|2026-09-29 02:50:00
17|6|La Bisnaga|4326|1700836|836|2026-09-29 02:50:00
17|22|Centro|4326|1700837|837|2026-09-29 02:50:00
17|22|Paluca|4326|1700838|838|2026-09-29 02:50:00
17|36|Tlaquexchpanco|4326|1700839|839|2026-09-29 02:50:00
17|36|Yeganexchco|4326|1700840|840|2026-09-29 02:50:00
17|30|Agua Zarca|4326|1700841|841|2026-09-29 02:50:00
17|30|El Vivero|4326|1700842|842|2026-09-29 02:50:00
17|3|Quebrantadero|4326|1700843|843|2026-09-29 02:50:00
17|30|Juan Morales|4326|1700844|844|2026-09-29 02:50:00
17|7|Arboleda Chipitlan|4326|1700845|845|2026-09-29 02:50:00
17|7|El Universo|4326|1700846|846|2026-09-29 02:50:00
17|7|Gualupita|4326|1700847|847|2026-09-29 02:50:00
17|12|Los Arrozales|4326|1700848|848|2026-09-29 02:50:00
17|8|La Mina|4326|1700849|849|2026-09-29 02:50:00
17|8|Jardines De Tezoyuca|4326|1700850|850|2026-09-29 02:50:00
17|8|Loma Bonita|4326|1700851|851|2026-09-29 02:50:00
17|8|Tesoros De Tezoyuca|4326|1700852|852|2026-09-29 02:50:00
17|8|Tezoyuca|4326|1700853|853|2026-09-29 02:50:00
17|8|Real De Tezoyuca|4326|1700854|854|2026-09-29 02:50:00
17|8|Cuauhtemoc|4326|1700855|855|2026-09-29 02:50:00
17|8|Amatitlan|4326|1700856|856|2026-09-29 02:50:00
17|8|Villa Morelos|4326|1700857|857|2026-09-29 02:50:00
17|29|Tezoquipan Oaxtepec|4326|1700858|858|2026-09-29 02:50:00
17|29|El Partidor Oaxtepec|4326|1700859|859|2026-09-29 02:50:00
17|8|Villas De Tezoyuca|4326|1700860|860|2026-09-29 02:50:00
17|17|Guadalupe Del Estudiante|4326|1700861|861|2026-09-29 02:50:00
17|17|Ramos Millan|4326|1700862|862|2026-09-29 02:50:00
17|17|Cristo Rey|4326|1700863|863|2026-09-29 02:50:00
17|12|De Los Maestros|4326|1700864|864|2026-09-29 02:50:00
17|1|Los Manguitos|4326|1700865|865|2026-09-29 02:50:00
17|7|Nueva Tenochtitlan|4326|1700866|866|2026-09-29 02:50:00
17|7|Las Flores|4326|1700867|867|2026-09-29 02:50:00
17|7|Cerritos De Garcia|4326|1700868|868|2026-09-29 02:50:00
17|7|Chulavista|4326|1700869|869|2026-09-29 02:50:00
17|12|San Jeronimo|4326|1700870|870|2026-09-29 02:50:00
17|24|Emiliano Zapata|4326|1700871|871|2026-09-29 02:50:00
17|25|Miguel Hidalgo|4326|1700872|872|2026-09-29 02:50:00
17|8|La Mision|4326|1700873|873|2026-09-29 02:50:00
17|8|Arq Gerardo Perez Rodriguez|4326|1700874|874|2026-09-29 02:50:00
17|14|Alta Vista|4326|1700875|875|2026-09-29 02:50:00
17|7|La Union 2da Seccion|4326|1700876|876|2026-09-29 02:50:00
17|7|Jardines Del Eden|4326|1700877|877|2026-09-29 02:50:00
17|28|3 De Mayo|4326|1700878|878|2026-09-29 02:50:00
17|5|El Amate|4326|1700879|879|2026-09-29 02:50:00
17|9|Tezontlalpan|4326|1700880|880|2026-09-29 02:50:00
17|9|Ajahuacoxtla|4326|1700881|881|2026-09-29 02:50:00
17|9|Cocuametla|4326|1700882|882|2026-09-29 02:50:00
17|9|Tetecuintla|4326|1700883|883|2026-09-29 02:50:00
17|11|Tezontepec|4326|1700884|884|2026-09-29 02:50:00
17|28|Valle Dorado|4326|1700885|885|2026-09-29 02:50:00
17|28|Campo La Tehuixtlera|4326|1700886|886|2026-09-29 02:50:00
17|27|Los Ciruelos|4326|1700887|887|2026-09-29 02:50:00
17|7|Cruz De La Curva|4326|1700888|888|2026-09-29 02:50:00
17|7|Ampliacion Lagunilla|4326|1700889|889|2026-09-29 02:50:00
17|25|Cultural Tlahuica|4326|1700890|890|2026-09-29 02:50:00
17|7|Loma Del Aguila|4326|1700891|891|2026-09-29 02:50:00
17|7|Torres De La Universidad|4326|1700892|892|2026-09-29 02:50:00
17|7|Vista Hermosa|4326|1700893|893|2026-09-29 02:50:00
17|7|San Jeronimo|4326|1700894|894|2026-09-29 02:50:00
17|7|Loma Hermosa|4326|1700895|895|2026-09-29 02:50:00
17|7|Paraiso Montessori|4326|1700896|896|2026-09-29 02:50:00
17|7|Santa Maria Ahuacatitlan|4326|1700897|897|2026-09-29 02:50:00
17|28|La Joya|4326|1700898|898|2026-09-29 02:50:00
17|7|Plan De Ayala|4326|1700899|899|2026-09-29 02:50:00
17|11|El Bambu|4326|1700900|900|2026-09-29 02:50:00
17|12|El Paraiso|4326|1700901|901|2026-09-29 02:50:00
17|12|Los Pilares|4326|1700902|902|2026-09-29 02:50:00
17|11|El Tarian|4326|1700903|903|2026-09-29 02:50:00
17|18|El Estribo|4326|1700904|904|2026-09-29 02:50:00
17|7|El Laurel|4326|1700905|905|2026-09-29 02:50:00
17|11|De Los Casillas|4326|1700906|906|2026-09-29 02:50:00
17|1|Villa Verde|4326|1700907|907|2026-09-29 02:50:00
17|6|Arboleda Del Centenario|4326|1700908|908|2026-09-29 02:50:00
17|7|Bugambilias|4326|1700909|909|2026-09-29 02:50:00
17|7|La Troje 1|4326|1700910|910|2026-09-29 02:50:00
17|11|Tlahua|4326|1700911|911|2026-09-29 02:50:00
17|11|Villas De Jiutepec|4326|1700912|912|2026-09-29 02:50:00
17|11|Zaragoza|4326|1700913|913|2026-09-29 02:50:00
17|11|Cactus|4326|1700914|914|2026-09-29 02:50:00
17|11|El Mango|4326|1700915|915|2026-09-29 02:50:00
17|7|Lomas Verdes|4326|1700916|916|2026-09-29 02:50:00
17|9|De La Cruz|4326|1700917|917|2026-09-29 02:50:00
17|3|Marcelino Rodriguez|4326|1700918|918|2026-09-29 02:50:00
17|3|Tlalayo|4326|1700919|919|2026-09-29 02:50:00
17|3|Ahuaxtla|4326|1700920|920|2026-09-29 02:50:00
17|3|Joaquin Cama?o|4326|1700921|921|2026-09-29 02:50:00
17|7|Buena Vista Del Monte|4326|1700922|922|2026-09-29 02:50:00
17|7|Union|4326|1700923|923|2026-09-29 02:50:00
17|9|Coajomulco|4326|1700924|924|2026-09-29 02:50:00
17|9|Huertas De San Pedro|4326|1700925|925|2026-09-29 02:50:00
17|15|Palpan|4326|1700926|926|2026-09-29 02:50:00
17|15|Palo Grande|4326|1700927|927|2026-09-29 02:50:00
17|15|El Rodeo|4326|1700928|928|2026-09-29 02:50:00
17|15|Xochicalco|4326|1700929|929|2026-09-29 02:50:00
17|21|Sonora|4326|1700930|930|2026-09-29 02:50:00
17|14|Santa Cruz Vista Alegre|4326|1700931|931|2026-09-29 02:50:00
17|5|Buena Vista De Aldama|4326|1700932|932|2026-09-29 02:50:00
17|5|Cuauhtemoc|4326|1700933|933|2026-09-29 02:50:00
17|5|Cocoyotla|4326|1700934|934|2026-09-29 02:50:00
17|5|Morelos|4326|1700935|935|2026-09-29 02:50:00
17|5|Tilancingo|4326|1700936|936|2026-09-29 02:50:00
17|5|Chavarria|4326|1700937|937|2026-09-29 02:50:00
17|21|Cuautlita|4326|1700938|938|2026-09-29 02:50:00
17|21|Mariano Matamoros|4326|1700939|939|2026-09-29 02:50:00
17|5|Michapa|4326|1700940|940|2026-09-29 02:50:00
17|5|Apancingo|4326|1700941|941|2026-09-29 02:50:00
17|5|Benito Juarez|4326|1700942|942|2026-09-29 02:50:00
17|21|Contlalco|4326|1700943|943|2026-09-29 02:50:00
17|1|Teacalco|4326|1700944|944|2026-09-29 02:50:00
17|1|El Campamento|4326|1700945|945|2026-09-29 02:50:00
17|17|El Estudiante|4326|1700946|946|2026-09-29 02:50:00
17|17|Loma Florida|4326|1700947|947|2026-09-29 02:50:00
17|1|Miahuatlan|4326|1700948|948|2026-09-29 02:50:00
17|1|Oriental|4326|1700949|949|2026-09-29 02:50:00
17|1|Coahuixtla|4326|1700950|950|2026-09-29 02:50:00
17|1|Rancho Nuevo|4326|1700951|951|2026-09-29 02:50:00
17|1|Cajones|4326|1700952|952|2026-09-29 02:50:00
17|17|La Tigra|4326|1700953|953|2026-09-29 02:50:00
17|17|El Coco|4326|1700954|954|2026-09-29 02:50:00
17|17|Veinticuatro De Febrero|4326|1700955|955|2026-09-29 02:50:00
17|17|Ahuehuetzingo|4326|1700956|956|2026-09-29 02:50:00
17|20|San Juan Tlacotenco|4326|1700957|957|2026-09-29 02:50:00
17|20|Santo Domingo Ocotitlan|4326|1700958|958|2026-09-29 02:50:00
17|20|Amatlan|4326|1700959|959|2026-09-29 02:50:00
17|2|San Diego Tepantongo|4326|1700960|960|2026-09-29 02:50:00
17|20|Santiago Tepetlapa|4326|1700961|961|2026-09-29 02:50:00
17|20|San Andres De La Cal|4326|1700962|962|2026-09-29 02:50:00
17|31|Poza Honda|4326|1700963|963|2026-09-29 02:50:00
17|12|Nicolas Bravo|4326|1700964|964|2026-09-29 02:50:00
17|31|Buena Vista|4326|1700965|965|2026-09-29 02:50:00
17|25|Alfredo V Bonfil|4326|1700966|966|2026-09-29 02:50:00
17|18|Cuentepec|4326|1700967|967|2026-09-29 02:50:00
17|24|Temilpa Nuevo|4326|1700968|968|2026-09-29 02:50:00
17|24|Temilpa Viejo|4326|1700969|969|2026-09-29 02:50:00
17|24|La Cruz|4326|1700970|970|2026-09-29 02:50:00
17|24|El Zapotal|4326|1700971|971|2026-09-29 02:50:00
17|24|Temimilcingo|4326|1700972|972|2026-09-29 02:50:00
17|18|Tetlama|4326|1700973|973|2026-09-29 02:50:00
17|24|Lazaro Cardenas|4326|1700974|974|2026-09-29 02:50:00
17|24|Acamilpa|4326|1700975|975|2026-09-29 02:50:00
17|24|El Texcal|4326|1700976|976|2026-09-29 02:50:00
17|24|Pueblo Nuevo|4326|1700977|977|2026-09-29 02:50:00
17|18|Aeropuerto|4326|1700978|978|2026-09-29 02:50:00
17|12|Rio Seco|4326|1700979|979|2026-09-29 02:50:00
17|12|Vicente Aranda|4326|1700980|980|2026-09-29 02:50:00
17|12|Chisco|4326|1700981|981|2026-09-29 02:50:00
17|18|Benito Juarez|4326|1700982|982|2026-09-29 02:50:00
17|24|Zaragoza (san Rafael)|4326|1700983|983|2026-09-29 02:50:00
17|25|Lorenzo Vazquez|4326|1700984|984|2026-09-29 02:50:00
17|25|La Mexquitera|4326|1700985|985|2026-09-29 02:50:00
17|25|La Era|4326|1700986|986|2026-09-29 02:50:00
17|25|Valle De Vazquez|4326|1700987|987|2026-09-29 02:50:00
17|25|Nexpa|4326|1700988|988|2026-09-29 02:50:00
17|25|Coaxitlan|4326|1700989|989|2026-09-29 02:50:00
17|25|Quilamula|4326|1700990|990|2026-09-29 02:50:00
17|25|San Jose De Pala|4326|1700991|991|2026-09-29 02:50:00
17|30|Achichipico|4326|1700992|992|2026-09-29 02:50:00
17|30|Texcala  (san Francisco)|4326|1700993|993|2026-09-29 02:50:00
17|16|Huecahuaxco|4326|1700994|994|2026-09-29 02:50:00
17|16|Ocoxaltepec|4326|1700995|995|2026-09-29 02:50:00
17|22|Tlalmimilulpan|4326|1700996|996|2026-09-29 02:50:00
17|16|Metepec|4326|1700997|997|2026-09-29 02:50:00
17|2|Pozo Mancera|4326|1700998|998|2026-09-29 02:50:00
17|16|Huepalcalco|4326|1700999|999|2026-09-29 02:50:00
17|16|Huejotengo|4326|1701000|1000|2026-09-29 02:50:00
17|6|Empleado Municipal|4326|1701001|1001|2026-09-29 02:50:00
17|4|Ni?os Heroes|4326|1701002|1002|2026-09-29 02:50:00
17|4|Benito Juarez|4326|1701003|1003|2026-09-29 02:50:00
17|4|Nueva Olintepec|4326|1701004|1004|2026-09-29 02:50:00
17|4|Abelardo L Rodriguez|4326|1701005|1005|2026-09-29 02:50:00
17|6|Calderon|4326|1701006|1006|2026-09-29 02:50:00
17|30|Adolfo Lopez Mateos|4326|1701007|1007|2026-09-29 02:50:00
17|30|Tlamomulco|4326|1701008|1008|2026-09-29 02:50:00
17|30|Yecapixteca|4326|1701009|1009|2026-09-29 02:50:00
17|6|El Hospital|4326|1701010|1010|2026-09-29 02:50:00
17|6|Tres De Mayo|4326|1701011|1011|2026-09-29 02:50:00
17|6|Puxtla|4326|1701012|1012|2026-09-29 02:50:00
17|4|Tlahuica|4326|1701013|1013|2026-09-29 02:50:00
17|4|Fracc Citlalin|4326|1701014|1014|2026-09-29 02:50:00
17|4|Mariano Matamoros|4326|1701015|1015|2026-09-29 02:50:00
17|4|Fracc Prados Del Sol|4326|1701016|1016|2026-09-29 02:50:00
17|4|Fracc El Venadito|4326|1701017|1017|2026-09-29 02:50:00
17|4|Las Llaves|4326|1701018|1018|2026-09-29 02:50:00
17|4|Constancio Farfan|4326|1701019|1019|2026-09-29 02:50:00
17|4|Loma Bonita|4326|1701020|1020|2026-09-29 02:50:00
17|4|Buena Vista|4326|1701021|1021|2026-09-29 02:50:00
17|4|Ahuehueyo|4326|1701022|1022|2026-09-29 02:50:00
17|4|Huitzililla|4326|1701023|1023|2026-09-29 02:50:00
17|13|Tlayca|4326|1701024|1024|2026-09-29 02:50:00
17|10|Chalcatzingo|4326|1701025|1025|2026-09-29 02:50:00
17|33|Popotlan|4326|1701026|1026|2026-09-29 02:50:00
17|4|Jaloxtoc|4326|1701027|1027|2026-09-29 02:50:00
17|30|Huexca|4326|1701028|1028|2026-09-29 02:50:00
17|30|Los Limones|4326|1701029|1029|2026-09-29 02:50:00
17|30|Tecajec|4326|1701030|1030|2026-09-29 02:50:00
17|10|Tenango|4326|1701031|1031|2026-09-29 02:50:00
17|10|San Antonio La Esperanza|4326|1701032|1032|2026-09-29 02:50:00
17|19|Ixtlilco El Chico|4326|1701033|1033|2026-09-29 02:50:00
17|19|El Limon De Cuauchichinola|4326|1701034|1034|2026-09-29 02:50:00
17|8|Tepetzingo|4326|1701035|1035|2026-09-29 02:50:00
17|19|Los Sauces|4326|1701036|1036|2026-09-29 02:50:00
17|19|El Tepehuaje|4326|1701037|1037|2026-09-29 02:50:00
17|4|El Vergel|4326|1701038|1038|2026-09-29 02:50:00
17|4|Chinameca|4326|1701039|1039|2026-09-29 02:50:00
17|19|Cruz De Jaramalla|4326|1701040|1040|2026-09-29 02:50:00
17|8|Tetecalita|4326|1701041|1041|2026-09-29 02:50:00
17|19|Huitchila|4326|1701042|1042|2026-09-29 02:50:00
17|19|Zacapalco|4326|1701043|1043|2026-09-29 02:50:00
17|4|Palo Blanco|4326|1701044|1044|2026-09-29 02:50:00
17|19|Adolfo Lopez Mateos|4326|1701045|1045|2026-09-29 02:50:00
17|4|Huacatlaco|4326|1701046|1046|2026-09-29 02:50:00
17|4|El Salitre|4326|1701047|1047|2026-09-29 02:50:00
17|4|San Vicente De Juarez|4326|1701048|1048|2026-09-29 02:50:00
17|4|Emiliano Zapata|4326|1701049|1049|2026-09-29 02:50:00
17|4|Tecomalco|4326|1701050|1050|2026-09-29 02:50:00
17|8|El Organo|4326|1701051|1051|2026-09-29 02:50:00
17|11|Francisco Villa|4326|1701052|1052|2026-09-29 02:50:00
17|27|Nepopualco|4326|1701053|1053|2026-09-29 02:50:00
17|27|Ahuatlan (la Asuncion)|4326|1701054|1054|2026-09-29 02:50:00
17|26|San Andres Cuauhtempan|4326|1701055|1055|2026-09-29 02:50:00
17|26|Emiliano Zapata|4326|1701056|1056|2026-09-29 02:50:00
17|26|El Golan|4326|1701057|1057|2026-09-29 02:50:00
17|2|Vicente Guerrero|4326|1701058|1058|2026-09-29 02:50:00
17|2|San Miguel Tlaltetelco|4326|1701059|1059|2026-09-29 02:50:00
17|2|Kilometro 88|4326|1701060|1060|2026-09-29 02:50:00
17|2|La Alborada|4326|1701061|1061|2026-09-29 02:50:00
17|26|San Jose De Los Laureles|4326|1701062|1062|2026-09-29 02:50:00
17|23|El Pedregal|4326|1701063|1063|2026-09-29 02:50:00
17|23|El Vigia|4326|1701064|1064|2026-09-29 02:50:00
17|26|Amatlipac (san Agustin)|4326|1701065|1065|2026-09-29 02:50:00
17|27|San Sebastian (la Ca?ada)|4326|1701066|1066|2026-09-29 02:50:00
17|27|San Miguel El Fuerte|4326|1701067|1067|2026-09-29 02:50:00
17|27|Nicolas Zapata|4326|1701068|1068|2026-09-29 02:50:00
17|28|Santa Cruz|4326|1701069|1069|2026-09-29 02:50:00
17|7|Lomas De La Herradura|4326|1701070|1070|2026-09-29 02:50:00
17|4|Real De Ayala|4326|1701071|1071|2026-09-29 02:50:00
17|6|Villarreal Lomas De Cuautla|4326|1701072|1072|2026-09-29 02:50:00
17|18|Los Presidentes|4326|1701073|1073|2026-09-29 02:50:00
17|8|24 De Abril|4326|1701074|1074|2026-09-29 02:50:00
17|3|Emiliano Zapata|4326|1701075|1075|2026-09-29 02:50:00
17|6|Enebros|4326|1701076|1076|2026-09-29 02:50:00
17|7|Chapultepec|4326|1701077|1077|2026-09-29 02:50:00
17|7|Paraiso|4326|1701078|1078|2026-09-29 02:50:00
17|12|Jicarero|4326|1701079|1079|2026-09-29 02:50:00
17|8|Agricola 28 De Agosto|4326|1701080|1080|2026-09-29 02:50:00
17|8|San Jose De Las Cumbres|4326|1701081|1081|2026-09-29 02:50:00
17|8|Loma Sur|4326|1701082|1082|2026-09-29 02:50:00
17|7|Papayos|4326|1701083|1083|2026-09-29 02:50:00
17|7|Vista Hermosa|4326|1701084|1084|2026-09-29 02:50:00
17|7|Martires De Rio Blanco|4326|1701085|1085|2026-09-29 02:50:00
17|8|Rinconada La Mision|4326|1701086|1086|2026-09-29 02:50:00
17|7|La Troje|4326|1701087|1087|2026-09-29 02:50:00
17|7|Bugambilias Ii|4326|1701088|1088|2026-09-29 02:50:00
17|7|Arroyo Bugambilias|4326|1701089|1089|2026-09-29 02:50:00
17|7|El Mirador|4326|1701090|1090|2026-09-29 02:50:00
17|7|Del Carmen|4326|1701091|1091|2026-09-29 02:50:00
17|17|Del Sol|4326|1701092|1092|2026-09-29 02:50:00
17|2|Nueva San Francisco|4326|1701093|1093|2026-09-29 02:50:00
17|7|Ajonjolinar|4326|1701094|1094|2026-09-29 02:50:00
17|11|Residencial Campanario|4326|1701095|1095|2026-09-29 02:50:00
17|11|La Ceiba|4326|1701096|1096|2026-09-29 02:50:00
17|11|Residencial Pueblo Bonito|4326|1701097|1097|2026-09-29 02:50:00
17|25|Rinconada De Las Flores|4326|1701098|1098|2026-09-29 02:50:00
17|6|Otilio Monta?o|4326|1701099|1099|2026-09-29 02:50:00
17|7|Pueblo Chamilpa|4326|1701100|1100|2026-09-29 02:50:00
17|7|Rancho Cortes|4326|1701101|1101|2026-09-29 02:50:00
17|7|Lomas De Vista Hermosa|4326|1701102|1102|2026-09-29 02:50:00
17|7|Antonio Barona Seccion_1|4326|1701103|1103|2026-09-29 02:50:00
17|7|El Amate Redondo|4326|1701104|1104|2026-09-29 02:50:00
17|7|Tulipanes|4326|1701105|1105|2026-09-29 02:50:00
17|7|Revolucion|4326|1701106|1106|2026-09-29 02:50:00
17|7|Federacion|4326|1701107|1107|2026-09-29 02:50:00
17|7|Ampliacion Chapultepec|4326|1701108|1108|2026-09-29 02:50:00
17|7|La Ca?ada|4326|1701109|1109|2026-09-29 02:50:00
17|11|Real Hacienda San Jose|4326|1701110|1110|2026-09-29 02:50:00
17|7|La Herradura|4326|1701111|1111|2026-09-29 02:50:00
17|7|Del Bosque|4326|1701112|1112|2026-09-29 02:50:00
17|6|Cuautlixco|4326|1701113|1113|2026-09-29 02:50:00
17|7|El Rosario|4326|1701114|1114|2026-09-29 02:50:00
17|11|Villas De San Gaspar|4326|1701115|1115|2026-09-29 02:50:00
17|18|Las Animas|4326|1701116|1116|2026-09-29 02:50:00
17|18|Jacarandas|4326|1701117|1117|2026-09-29 02:50:00
17|18|El Eden|4326|1701118|1118|2026-09-29 02:50:00
17|15|Brisas De Miacatlan|4326|1701119|1119|2026-09-29 02:50:00
17|28|Esmeralda|4326|1701120|1120|2026-09-29 02:50:00
17|28|El Paraiso|4326|1701121|1121|2026-09-29 02:50:00
17|4|Nueva Rafael Merino|4326|1701122|1122|2026-09-29 02:50:00
17|30|Nueva Yecapixtla|4326|1701123|1123|2026-09-29 02:50:00
17|28|Jardines De Alpuyeca|4326|1701124|1124|2026-09-29 02:50:00
17|18|Miguel Hidalgo (campo Sotelo)|4326|1701125|1125|2026-09-29 02:50:00
17|18|Geovillas La Hacienda|4326|1701126|1126|2026-09-29 02:50:00
17|9|Real Monte Casino|4326|1701127|1127|2026-09-29 02:50:00
17|8|El Capiri|4326|1701128|1128|2026-09-29 02:50:00
17|8|El Amate|4326|1701129|1129|2026-09-29 02:50:00
17|8|Campo Nuevo|4326|1701130|1130|2026-09-29 02:50:00
17|7|Del Lago|4326|1701131|1131|2026-09-29 02:50:00
17|8|14 De Febrero|4326|1701132|1132|2026-09-29 02:50:00
17|7|Lindavista|4326|1701133|1133|2026-09-29 02:50:00
17|2|Villas De San Juan|4326|1701134|1134|2026-09-29 02:50:00
17|27|El Moral|4326|1701135|1135|2026-09-29 02:50:00
17|27|San Marcos|4326|1701136|1136|2026-09-29 02:50:00
17|2|San Juan Texcalpan|4326|1701137|1137|2026-09-29 02:50:00
17|6|Del Bosque|4326|1701138|1138|2026-09-29 02:50:00
17|6|Miguel Hidalgo|4326|1701139|1139|2026-09-29 02:50:00
17|4|Las Flores|4326|1701140|1140|2026-09-29 02:50:00
17|6|Del Bosque|4326|1701141|1141|2026-09-29 02:50:00
17|6|Eusebio Jauregui|4326|1701142|1142|2026-09-29 02:50:00
17|7|Lomas De Teopanzolco|4326|1701143|1143|2026-09-29 02:50:00
17|19|Ixtlilco El Grande|4326|1701144|1144|2026-09-29 02:50:00
17|8|El Castillo|4326|1701145|1145|2026-09-29 02:50:00
17|7|Green Hills|4326|1701146|1146|2026-09-29 02:50:00
17|12|Manantial Ii|4326|1701147|1147|2026-09-29 02:50:00
17|7|Hacienda San Juan|4326|1701148|1148|2026-09-29 02:50:00
17|12|El Arenal Ii|4326|1701149|1149|2026-09-29 02:50:00
17|11|Centro|4326|1701150|1150|2026-09-29 02:50:00
17|11|Bosques De Vancouver|4326|1701151|1151|2026-09-29 02:50:00
17|6|Tezahuapan|4326|1701152|1152|2026-09-29 02:50:00
17|6|Tetelcingo|4326|1701153|1153|2026-09-29 02:50:00
17|7|Universidad Autonoma Del Estado De Morelos|4326|1701154|1154|2026-09-29 02:50:00
17|7|Milpillas|4326|1701155|1155|2026-09-29 02:50:00
17|7|Cuauhtemoc|4326|1701156|1156|2026-09-29 02:50:00
17|24|Huepalo|4326|1701157|1157|2026-09-29 02:50:00
17|7|Unidad Deportiva|4326|1701158|1158|2026-09-29 02:50:00
17|7|La Arboleda|4326|1701159|1159|2026-09-29 02:50:00
17|7|Lomas De Acapantzingo|4326|1701160|1160|2026-09-29 02:50:00
17|18|Loma Bonita|4326|1701161|1161|2026-09-29 02:50:00
17|18|Morelos|4326|1701162|1162|2026-09-29 02:50:00
17|9|Coto Del Marquez|4326|1701163|1163|2026-09-29 02:50:00
17|8|Bellavista|4326|1701164|1164|2026-09-29 02:50:00
17|8|Lomas De Trujillo|4326|1701165|1165|2026-09-29 02:50:00
17|8|Geovillas Colorines|4326|1701166|1166|2026-09-29 02:50:00
17|8|Tezoyuca|4326|1701167|1167|2026-09-29 02:50:00
17|4|Fracc Isla De Cuautla|4326|1701168|1168|2026-09-29 02:50:00
17|7|Guayabos|4326|1701169|1169|2026-09-29 02:50:00
17|28|Colibries|4326|1701170|1170|2026-09-29 02:50:00
17|6|A?o De Juarez|4326|1701171|1171|2026-09-29 02:50:00
17|30|Pazulco|4326|1701172|1172|2026-09-29 02:50:00
17|7|Vista Real De Ahuatepec|4326|1701173|1173|2026-09-29 02:50:00
17|7|Los Cedros|4326|1701174|1174|2026-09-29 02:50:00
17|7|Bugambilias Iii|4326|1701175|1175|2026-09-29 02:50:00
17|7|Hacienda Los Guayabos|4326|1701176|1176|2026-09-29 02:50:00
17|7|Rinconada Tzompantle|4326|1701177|1177|2026-09-29 02:50:00
17|7|La Ca?ada|4326|1701178|1178|2026-09-29 02:50:00
17|7|Valle Vista|4326|1701179|1179|2026-09-29 02:50:00
17|7|Fraccionamiento Lomas De Cortes|4326|1701180|1180|2026-09-29 02:50:00
17|7|San Anton|4326|1701181|1181|2026-09-29 02:50:00
17|7|Ahuehuetes|4326|1701182|1182|2026-09-29 02:50:00
17|13|Emiliano Zapata Amacuitlapilco|4326|1701183|1183|2026-09-29 02:50:00
17|13|Amacuitlapilco|4326|1701184|1184|2026-09-29 02:50:00
17|7|Lomas De La Pradera|4326|1701185|1185|2026-09-29 02:50:00
17|4|Paseos De Ayala I|4326|1701186|1186|2026-09-29 02:50:00
17|7|Reforma Esmeralda|4326|1701187|1187|2026-09-29 02:50:00
17|7|Fuentes De Chapultepec|4326|1701188|1188|2026-09-29 02:50:00
17|7|Provincias De Canada|4326|1701189|1189|2026-09-29 02:50:00
17|7|Porto Alegre|4326|1701190|1190|2026-09-29 02:50:00
17|18|El Agostadero|4326|1701191|1191|2026-09-29 02:50:00
17|8|El Seminario|4326|1701192|1192|2026-09-29 02:50:00
17|7|La Joya Condos|4326|1701193|1193|2026-09-29 02:50:00
17|7|Residencial Palmira|4326|1701194|1194|2026-09-29 02:50:00
17|7|Cuernavista|4326|1701195|1195|2026-09-29 02:50:00
17|7|Chipitlan|4326|1701196|1196|2026-09-29 02:50:00
17|7|Laureles|4326|1701197|1197|2026-09-29 02:50:00
17|6|Los Sauces|4326|1701198|1198|2026-09-29 02:50:00
17|7|Los Morales|4326|1701199|1199|2026-09-29 02:50:00
17|7|La Cordillera|4326|1701200|1200|2026-09-29 02:50:00
17|7|Gardenias|4326|1701201|1201|2026-09-29 02:50:00
17|4|El Mirador|4326|1701202|1202|2026-09-29 02:50:00
17|4|Los Colorines|4326|1701203|1203|2026-09-29 02:50:00
17|4|Las Lumbreras|4326|1701204|1204|2026-09-29 02:50:00
17|4|Valle De Morelos|4326|1701205|1205|2026-09-29 02:50:00
17|7|Primavera Tepeyac|4326|1701206|1206|2026-09-29 02:50:00
17|6|Gabriel Tepepa|4326|1701207|1207|2026-09-29 02:50:00
17|25|Xicatlacotla (pueblo Viejo)|4326|1701208|1208|2026-09-29 02:50:00
17|7|Torres Del Mirador|4326|1701209|1209|2026-09-29 02:50:00
17|7|Acapantzingo|4326|1701210|1210|2026-09-29 02:50:00
17|28|Orion|4326|1701211|1211|2026-09-29 02:50:00
17|6|Tabachines|4326|1701212|1212|2026-09-29 02:50:00
17|6|Empleado Postal|4326|1701213|1213|2026-09-29 02:50:00
17|7|Los Ciruelos|4326|1701214|1214|2026-09-29 02:50:00
17|7|La Flor|4326|1701215|1215|2026-09-29 02:50:00
17|7|Lomas Tetela|4326|1701216|1216|2026-09-29 02:50:00
17|8|Las Garzas|4326|1701217|1217|2026-09-29 02:50:00
17|7|Real Las Quintas|4326|1701218|1218|2026-09-29 02:50:00
17|8|Rincones Del Agua|4326|1701219|1219|2026-09-29 02:50:00
17|8|Paseos De Tezoyuca|4326|1701220|1220|2026-09-29 02:50:00
17|19|Mariano Matamoros|4326|1701221|1221|2026-09-29 02:50:00
17|19|San Martin|4326|1701222|1222|2026-09-29 02:50:00
17|7|Palma Real|4326|1701223|1223|2026-09-29 02:50:00
17|7|Las Palomas|4326|1701224|1224|2026-09-29 02:50:00
17|7|Terra Ocre|4326|1701225|1225|2026-09-29 02:50:00
17|7|El Bosque|4326|1701226|1226|2026-09-29 02:50:00
17|7|Los Guayabos|4326|1701227|1227|2026-09-29 02:50:00
17|8|Arboleda|4326|1701228|1228|2026-09-29 02:50:00
17|8|Manantiales|4326|1701229|1229|2026-09-29 02:50:00
17|8|Los Agaves|4326|1701230|1230|2026-09-29 02:50:00
17|7|Cerro Tetitlan|4326|1701231|1231|2026-09-29 02:50:00
17|7|Rincon La Esmeralda|4326|1701232|1232|2026-09-29 02:50:00
17|6|La Escondida|4326|1701233|1233|2026-09-29 02:50:00
17|6|Cuauhtemoc|4326|1701234|1234|2026-09-29 02:50:00
17|31|El Paraiso|4326|1701235|1235|2026-09-29 02:50:00
17|7|Bosques De La Florida|4326|1701236|1236|2026-09-29 02:50:00
17|7|Rinconada Vista Hermosa|4326|1701237|1237|2026-09-29 02:50:00
17|7|El Paraiso|4326|1701238|1238|2026-09-29 02:50:00
17|7|Copal|4326|1701239|1239|2026-09-29 02:50:00
17|7|Los Mangos|4326|1701240|1240|2026-09-29 02:50:00
17|7|Real San Juan|4326|1701241|1241|2026-09-29 02:50:00
17|3|2000|4326|1701242|1242|2026-09-29 02:50:00
17|3|Las Bisnagas|4326|1701243|1243|2026-09-29 02:50:00
17|7|La Barranca|4326|1701244|1244|2026-09-29 02:50:00
17|7|Finca Los Laureles|4326|1701245|1245|2026-09-29 02:50:00
17|8|Las Gaviotas|4326|1701246|1246|2026-09-29 02:50:00
17|10|Jardines De Amayuca|4326|1701247|1247|2026-09-29 02:50:00
17|7|Quinto Fraccionamiento|4326|1701248|1248|2026-09-29 02:50:00
17|8|Lomas De San Francisco|4326|1701249|1249|2026-09-29 02:50:00
17|9|De La Cruz|4326|1701250|1250|2026-09-29 02:50:00
17|9|San Juan|4326|1701251|1251|2026-09-29 02:50:00
17|9|Centro|4326|1701252|1252|2026-09-29 02:50:00
17|9|La Purisima|4326|1701253|1253|2026-09-29 02:50:00
17|18|Valparaiso|4326|1701254|1254|2026-09-29 02:50:00
17|8|Residencial Rancho Tezoyuca|4326|1701255|1255|2026-09-29 02:50:00
17|18|Vista Real|4326|1701256|1256|2026-09-29 02:50:00
17|29|La Josefina|4326|1701257|1257|2026-09-29 02:50:00
17|28|Campo La Ventana|4326|1701258|1258|2026-09-29 02:50:00
17|28|La Pintora|4326|1701259|1259|2026-09-29 02:50:00
17|6|Sitio Del Sol|4326|1701260|1260|2026-09-29 02:50:00
17|6|Tierra Larga|4326|1701261|1261|2026-09-29 02:50:00
17|4|Paseos De Ayala Ii|4326|1701262|1262|2026-09-29 02:50:00
17|8|Residencial Mesa Verde|4326|1701263|1263|2026-09-29 02:50:00
17|8|Ojo De Agua|4326|1701264|1264|2026-09-29 02:50:00
17|18|Ayuntamiento 2000|4326|1701265|1265|2026-09-29 02:50:00
17|11|Pochotal|4326|1701266|1266|2026-09-29 02:50:00
17|11|Los Bosques|4326|1701267|1267|2026-09-29 02:50:00
17|3|3 De Mayo|4326|1701268|1268|2026-09-29 02:50:00
17|3|Atlacahualoya|4326|1701269|1269|2026-09-29 02:50:00
17|12|Real De Floresta|4326|1701270|1270|2026-09-29 02:50:00
17|12|Manantial Iii|4326|1701271|1271|2026-09-29 02:50:00
17|4|Villa Verde|4326|1701272|1272|2026-09-29 02:50:00
17|8|Rancho San Pedro|4326|1701273|1273|2026-09-29 02:50:00
17|14|Puesta Del Sol|4326|1701274|1274|2026-09-29 02:50:00
17|8|Rincones De La Hacienda|4326|1701275|1275|2026-09-29 02:50:00
17|8|Lomas Del Mirador|4326|1701276|1276|2026-09-29 02:50:00
17|18|Eterna Primavera|4326|1701277|1277|2026-09-29 02:50:00
17|6|Sur Hermenegildo Galeana|4326|1701278|1278|2026-09-29 02:50:00
17|16|Tepetlapa|4326|1701279|1279|2026-09-29 02:50:00
17|7|Rinconada Colibri|4326|1701280|1280|2026-09-29 02:50:00
17|28|Xalipa|4326|1701281|1281|2026-09-29 02:50:00
17|25|Xicatlacotla|4326|1701282|1282|2026-09-29 02:50:00
17|8|Los Sauces|4326|1701283|1283|2026-09-29 02:50:00
17|18|Corinto Residencial|4326|1701284|1284|2026-09-29 02:50:00
17|7|San Salvador|4326|1701285|1285|2026-09-29 02:50:00
17|7|Copa De Oro|4326|1701286|1286|2026-09-29 02:50:00
17|7|La Estrella|4326|1701287|1287|2026-09-29 02:50:00
17|4|Rdcial La Cantera I|4326|1701288|1288|2026-09-29 02:50:00
17|11|Residencial Soles De Jiutepec|4326|1701289|1289|2026-09-29 02:50:00
17|4|Residencial Los Almendros|4326|1701290|1290|2026-09-29 02:50:00
17|12|Villas De Jojutla|4326|1701291|1291|2026-09-29 02:50:00
17|7|La Esperanza|4326|1701292|1292|2026-09-29 02:50:00
17|7|Jardines De Tlaltenango|4326|1701293|1293|2026-09-29 02:50:00
17|8|Garza Azul|4326|1701294|1294|2026-09-29 02:50:00
17|8|Las Flores|4326|1701295|1295|2026-09-29 02:50:00
17|36|San Felipe|4326|1701296|1296|2026-09-29 02:50:00
17|8|Rivera Del Palmar|4326|1701297|1297|2026-09-29 02:50:00
17|12|Loma La Liebre|4326|1701298|1298|2026-09-29 02:50:00
17|25|Palo Grande|4326|1701299|1299|2026-09-29 02:50:00
17|29|Residencial Lomas Del Bosque|4326|1701300|1300|2026-09-29 02:50:00
17|18|Colinas De Altar|4326|1701301|1301|2026-09-29 02:50:00
17|30|Yecapixtla Los Volcanes|4326|1701302|1302|2026-09-29 02:50:00
17|12|Lomas Del Sol|4326|1701303|1303|2026-09-29 02:50:00
17|30|San Marcos|4326|1701304|1304|2026-09-29 02:50:00
17|8|San Francisco De Asis|4326|1701305|1305|2026-09-29 02:50:00
17|8|La Campi?a|4326|1701306|1306|2026-09-29 02:50:00
17|6|Los Reyes|4326|1701307|1307|2026-09-29 02:50:00
17|6|Del Rio|4326|1701308|1308|2026-09-29 02:50:00
17|4|Rdcial  La Cantera Ii|4326|1701309|1309|2026-09-29 02:50:00
17|4|Rcial Los Sauces|4326|1701310|1310|2026-09-29 02:50:00
17|4|Villas De Los Arcos|4326|1701311|1311|2026-09-29 02:50:00
17|4|Anenecuilco|4326|1701312|1312|2026-09-29 02:50:00
17|7|El Veladero|4326|1701313|1313|2026-09-29 02:50:00
17|6|Real De Ayala 2|4326|1701314|1314|2026-09-29 02:50:00
17|6|Real De Ayala|4326|1701315|1315|2026-09-29 02:50:00
17|6|Marte|4326|1701316|1316|2026-09-29 02:50:00
17|12|Los Mandarinos|4326|1701317|1317|2026-09-29 02:50:00
17|2|Los Girasoles|4326|1701318|1318|2026-09-29 02:50:00
17|24|Amador Salazar|4326|1701319|1319|2026-09-29 02:50:00
17|24|Pradera De Los Laureles|4326|1701320|1320|2026-09-29 02:50:00
17|24|Ignacio Zaragoza|4326|1701321|1321|2026-09-29 02:50:00
17|24|El Cajoncito|4326|1701322|1322|2026-09-29 02:50:00
17|24|Campo La Matanza|4326|1701323|1323|2026-09-29 02:50:00
17|24|Emiliano Zapata|4326|1701324|1324|2026-09-29 02:50:00
17|24|Plan De Ayala|4326|1701325|1325|2026-09-29 02:50:00
17|24|Los Presidentes|4326|1701326|1326|2026-09-29 02:50:00
17|24|Veinte Treinta|4326|1701327|1327|2026-09-29 02:50:00
17|24|El Pochote|4326|1701328|1328|2026-09-29 02:50:00
17|24|Las Juntas|4326|1701329|1329|2026-09-29 02:50:00
17|24|Huatecalco|4326|1701330|1330|2026-09-29 02:50:00
17|24|La Joya|4326|1701331|1331|2026-09-29 02:50:00
17|24|Santa Rosa Treinta|4326|1701332|1332|2026-09-29 02:50:00
17|24|Luis Echeverria|4326|1701333|1333|2026-09-29 02:50:00
17|24|10 De Mayo|4326|1701334|1334|2026-09-29 02:50:00
17|24|Otilio Monta?o|4326|1701335|1335|2026-09-29 02:50:00
17|24|El Mirador|4326|1701336|1336|2026-09-29 02:50:00
17|11|Las Canteras|4326|1701337|1337|2026-09-29 02:50:00
17|9|Gualupita|4326|1701338|1338|2026-09-29 02:50:00
17|3|Luis Donaldo Colosio|4326|1701339|1339|2026-09-29 02:50:00
17|8|Paraiso Country Club|4326|1701340|1340|2026-09-29 02:50:00
17|8|Paseos Del Rio|4326|1701341|1341|2026-09-29 02:50:00
17|30|Del Bosque|4326|1701342|1342|2026-09-29 02:50:00
17|5|San Felipe|4326|1701343|1343|2026-09-29 02:50:00
17|4|Urbano Gama|4326|1701344|1344|2026-09-29 02:50:00
17|4|10 De Abril|4326|1701345|1345|2026-09-29 02:50:00
17|4|Las Villas|4326|1701346|1346|2026-09-29 02:50:00
17|4|Tlayecac|4326|1701347|1347|2026-09-29 02:50:00
17|28|Los Carrillo|4326|1701348|1348|2026-09-29 02:50:00
17|4|La Paz|4326|1701349|1349|2026-09-29 02:50:00
17|4|Leopoldo Heredia|4326|1701350|1350|2026-09-29 02:50:00
17|10|Santa Ana|4326|1701351|1351|2026-09-29 02:50:00
17|19|La Via Atotonilco|4326|1701352|1352|2026-09-29 02:50:00
17|18|Punta Del Sol|4326|1701353|1353|2026-09-29 02:50:00
17|28|Solar De Almendros|4326|1701354|1354|2026-09-29 02:50:00
17|28|Solar De Ciruelos|4326|1701355|1355|2026-09-29 02:50:00
17|28|Solar De Duraznos|4326|1701356|1356|2026-09-29 02:50:00
17|28|Solar De Granados|4326|1701357|1357|2026-09-29 02:50:00
17|28|Solar De Higueras|4326|1701358|1358|2026-09-29 02:50:00
17|28|Solar De Limones|4326|1701359|1359|2026-09-29 02:50:00
17|28|Solar De Zapotes|4326|1701360|1360|2026-09-29 02:50:00
17|28|Solar De Tamarindos|4326|1701361|1361|2026-09-29 02:50:00
17|28|Solar De Naranjos|4326|1701362|1362|2026-09-29 02:50:00
17|28|Solar De Nanches|4326|1701363|1363|2026-09-29 02:50:00
17|28|Solar De Mangos|4326|1701364|1364|2026-09-29 02:50:00
17|28|Solar De Mandarinos|4326|1701365|1365|2026-09-29 02:50:00
17|28|Bonanza|4326|1701366|1366|2026-09-29 02:50:00
17|28|Malaga|4326|1701367|1367|2026-09-29 02:50:00
17|28|Navarra|4326|1701368|1368|2026-09-29 02:50:00
17|28|Cumbres Del Campestre|4326|1701369|1369|2026-09-29 02:50:00
17|28|Cumbres Del Campestre|4326|1701370|1370|2026-09-29 02:50:00
17|28|Los Laureles|4326|1701371|1371|2026-09-29 02:50:00
17|6|Los Arcos|4326|1701372|1372|2026-09-29 02:50:00
17|6|Las Cruces|4326|1701373|1373|2026-09-29 02:50:00
17|6|Puerta De Hierro|4326|1701374|1374|2026-09-29 02:50:00
17|6|La Troje|4326|1701375|1375|2026-09-29 02:50:00
17|7|San Miguel Apatlaco|4326|1701376|1376|2026-09-29 02:50:00
17|7|Balcones De Tepuente|4326|1701377|1377|2026-09-29 02:50:00
17|7|Tepuente|4326|1701378|1378|2026-09-29 02:50:00
17|7|Ocotera|4326|1701379|1379|2026-09-29 02:50:00
17|7|Independencia|4326|1701380|1380|2026-09-29 02:50:00
17|18|La Cascada|4326|1701381|1381|2026-09-29 02:50:00
17|29|Palmeiras|4326|1701382|1382|2026-09-29 02:50:00
17|29|La Ceiba|4326|1701383|1383|2026-09-29 02:50:00
17|29|Almendros|4326|1701384|1384|2026-09-29 02:50:00
17|29|Jose Ortiz|4326|1701385|1385|2026-09-29 02:50:00
17|30|Mixtlalcingo|4326|1701386|1386|2026-09-29 02:50:00
17|3|Cuatecomates|4326|1701387|1387|2026-09-29 02:50:00
17|3|Ruben Carrillo|4326|1701388|1388|2026-09-29 02:50:00
17|4|Valle Del Pedregal|4326|1701389|1389|2026-09-29 02:50:00
17|6|San Gabriel|4326|1701390|1390|2026-09-29 02:50:00
17|8|El Palmar|4326|1701391|1391|2026-09-29 02:50:00
17|8|Valle Esmeralda  I Y Ii|4326|1701392|1392|2026-09-29 02:50:00
17|15|Los Linares|4326|1701393|1393|2026-09-29 02:50:00
17|26|Temascalapa|4326|1701394|1394|2026-09-29 02:50:00
17|26|Nacatongo|4326|1701395|1395|2026-09-29 02:50:00
17|7|La Union 1era Seccion|4326|1701396|1396|2026-09-29 02:50:00
17|33|Amilcingo|4326|1701397|1397|2026-09-29 02:50:00
17|8|Alta Vista|4326|1701398|1398|2026-09-29 02:50:00
17|18|La Rivera|4326|1701399|1399|2026-09-29 02:50:00
17|18|Lomas De Acatlipa|4326|1701400|1400|2026-09-29 02:50:00
17|18|Emiliano Zapata|4326|1701401|1401|2026-09-29 02:50:00
17|29|Lomas De Cocoyoc|4326|1701402|1402|2026-09-29 02:50:00
17|6|Santa Barbara|4326|1701403|1403|2026-09-29 02:50:00
17|23|San Pedro|4326|1701404|1404|2026-09-29 02:50:00
17|7|Acapantzingo|4326|1701405|1405|2026-09-29 02:50:00
17|18|Claustros De La Hacienda|4326|1701406|1406|2026-09-29 02:50:00
17|7|Bosques Del Eden|4326|1701407|1407|2026-09-29 02:50:00
17|1|La Escalera|4326|1701408|1408|2026-09-29 02:50:00
17|3|Cayehuacan|4326|1701409|1409|2026-09-29 02:50:00
17|18|Acatlipa|4326|1701410|1410|2026-09-29 02:50:00
17|29|Mirador|4326|1701411|1411|2026-09-29 02:50:00
17|29|Mision Santa Maria|4326|1701412|1412|2026-09-29 02:50:00
17|22|El Tecorral|4326|1701413|1413|2026-09-29 02:50:00
17|22|La Mina|4326|1701414|1414|2026-09-29 02:50:00
17|12|Villas Doral|4326|1701415|1415|2026-09-29 02:50:00
17|7|El Salado|4326|1701416|1416|2026-09-29 02:50:00
17|2|Las Minas (el Chivato)|4326|1701417|1417|2026-09-29 02:50:00
17|6|Santa Marta|4326|1701418|1418|2026-09-29 02:50:00
17|3|Ni?os Heroes|4326|1701419|1419|2026-09-29 02:50:00
17|3|Centenario|4326|1701420|1420|2026-09-29 02:50:00
17|3|Florida|4326|1701421|1421|2026-09-29 02:50:00
17|3|Sol Naciente|4326|1701422|1422|2026-09-29 02:50:00
17|3|Telixtac|4326|1701423|1423|2026-09-29 02:50:00
17|27|Paraiso Del Conquistador|4326|1701424|1424|2026-09-29 02:50:00
17|6|Hermenegildo Galeana|4326|1701425|1425|2026-09-29 02:50:00
17|28|Hacienda La Vista|4326|1701426|1426|2026-09-29 02:50:00
17|4|Centro|4326|1701427|1427|2026-09-29 02:50:00
17|7|Ejido Santa Maria|4326|1701428|1428|2026-09-29 02:50:00
17|28|La Canela|4326|1701429|1429|2026-09-29 02:50:00
17|7|Bosques De Alarcon|4326|1701430|1430|2026-09-29 02:50:00
17|4|San Juan|4326|1701431|1431|2026-09-29 02:50:00
17|7|Mexico Lindo|4326|1701432|1432|2026-09-29 02:50:00
17|7|Extension Delicias|4326|1701433|1433|2026-09-29 02:50:00
17|14|Loma Bonita|4326|1701434|1434|2026-09-29 02:50:00
17|14|El Calvario|4326|1701435|1435|2026-09-29 02:50:00
17|4|Buenavista|4326|1701436|1436|2026-09-29 02:50:00
17|24|El Olmedo|4326|1701437|1437|2026-09-29 02:50:00
17|7|El Mascare?o|4326|1701438|1438|2026-09-29 02:50:00
17|8|Capiri|4326|1701439|1439|2026-09-29 02:50:00
17|7|Ejidos De Acapantzingo|4326|1701440|1440|2026-09-29 02:50:00
17|11|Atlacomulco|4326|1701441|1441|2026-09-29 02:50:00
17|25|Colina De Morelos|4326|1701442|1442|2026-09-29 02:50:00
17|24|El Arenal|4326|1701443|1443|2026-09-29 02:50:00
17|7|Iterero De San Anton|4326|1701444|1444|2026-09-29 02:50:00
17|29|Real Paraiso|4326|1701445|1445|2026-09-29 02:50:00
17|29|Jose Ortiz|4326|1701446|1446|2026-09-29 02:50:00
17|3|Santa Maria De Guadalupe|4326|1701447|1447|2026-09-29 02:50:00
17|3|Cuauhtemoc|4326|1701448|1448|2026-09-29 02:50:00
17|6|La Esmeralda|4326|1701449|1449|2026-09-29 02:50:00
17|7|La Tranca|4326|1701450|1450|2026-09-29 02:50:00
17|4|La Cantera Iii|4326|1701451|1451|2026-09-29 02:50:00
17|7|Real De Minas|4326|1701452|1452|2026-09-29 02:50:00
17|7|Loma Dorada|4326|1701453|1453|2026-09-29 02:50:00
17|17|Loma Bonita|4326|1701454|1454|2026-09-29 02:50:00
17|7|La Paloma|4326|1701455|1455|2026-09-29 02:50:00
17|12|Villas Teques|4326|1701456|1456|2026-09-29 02:50:00
17|6|Santa Barbara|4326|1701457|1457|2026-09-29 02:50:00
17|18|Geovillas La Hacienda|4326|1701458|1458|2026-09-29 02:50:00
17|18|Punta Verde|4326|1701459|1459|2026-09-29 02:50:00
17|18|Campo Verde|4326|1701460|1460|2026-09-29 02:50:00
17|12|Valle Dorado|4326|1701461|1461|2026-09-29 02:50:00
17|28|Quintas De La Hacienda|4326|1701462|1462|2026-09-29 02:50:00
17|28|Ceiba|4326|1701463|1463|2026-09-29 02:50:00
17|28|Lomas Del Manantial|4326|1701464|1464|2026-09-29 02:50:00
17|28|Klosters Dubai|4326|1701465|1465|2026-09-29 02:50:00
17|28|El Pedregal|4326|1701466|1466|2026-09-29 02:50:00
17|28|Villas Chiconcuac|4326|1701467|1467|2026-09-29 02:50:00
17|28|Lazaro Cardenas|4326|1701468|1468|2026-09-29 02:50:00
17|29|Manantial Del Angel|4326|1701469|1469|2026-09-29 02:50:00
17|18|Las Rosas|4326|1701470|1470|2026-09-29 02:50:00
17|11|Residencial Los Amates|4326|1701471|1471|2026-09-29 02:50:00
17|9|San Martin Ajahuayo|4326|1701472|1472|2026-09-29 02:50:00
17|18|Solidaridad|4326|1701473|1473|2026-09-29 02:50:00
17|8|Las Palmas|4326|1701474|1474|2026-09-29 02:50:00
17|9|La Palma|4326|1701475|1475|2026-09-29 02:50:00
17|4|Ejido Nueva Olintepec (palmas)|4326|1701476|1476|2026-09-29 02:50:00
17|13|Centro Tetelilla|4326|1701477|1477|2026-09-29 02:50:00
17|1|Casahuatlan|4326|1701478|1478|2026-09-29 02:50:00
17|18|Santa Ursula|4326|1701479|1479|2026-09-29 02:50:00
17|28|Nueva Morelos|4326|1701480|1480|2026-09-29 02:50:00
17|10|Centro|4326|1701481|1481|2026-09-29 02:50:00
17|30|Los Amates|4326|1701482|1482|2026-09-29 02:50:00
17|7|Lazaro Cardenas|4326|1701483|1483|2026-09-29 02:50:00
17|6|Los Olivos|4326|1701484|1484|2026-09-29 02:50:00
17|4|Las Flores|4326|1701485|1485|2026-09-29 02:50:00
17|35|Campo Corbeta|4326|1701486|1486|2026-09-29 02:50:00
17|29|Ecologico Diamante|4326|1701487|1487|2026-09-29 02:50:00
17|29|San Carlos|4326|1701488|1488|2026-09-29 02:50:00
17|29|Los Arcos|4326|1701489|1489|2026-09-29 02:50:00
17|29|Alejandra Cocoyoc|4326|1701490|1490|2026-09-29 02:50:00
17|29|Tehuixtlera Cocoyoc|4326|1701491|1491|2026-09-29 02:50:00
17|29|Cuauhtemoc Cocoyoc|4326|1701492|1492|2026-09-29 02:50:00
17|29|Vicente Guerrero Cocoyoc|4326|1701493|1493|2026-09-29 02:50:00
17|29|Vicente Guerrero|4326|1701494|1494|2026-09-29 02:50:00
17|29|Viveros De Cocoyoc|4326|1701495|1495|2026-09-29 02:50:00
17|29|Alvaro Leonel|4326|1701496|1496|2026-09-29 02:50:00
17|29|Amador Salazar|4326|1701497|1497|2026-09-29 02:50:00
17|29|Tetillas|4326|1701498|1498|2026-09-29 02:50:00
17|29|Vicente Estrada Cajigal|4326|1701499|1499|2026-09-29 02:50:00
17|29|Apanquetzalco|4326|1701500|1500|2026-09-29 02:50:00
17|29|Vicente Estrada Cajigal|4326|1701501|1501|2026-09-29 02:50:00
17|29|La Providencia|4326|1701502|1502|2026-09-29 02:50:00
17|29|Jacarandas|4326|1701503|1503|2026-09-29 02:50:00
17|29|Ignacio Zaragoza|4326|1701504|1504|2026-09-29 02:50:00
17|29|Huizachera|4326|1701505|1505|2026-09-29 02:50:00
17|29|Lomas Del Potrero|4326|1701506|1506|2026-09-29 02:50:00
17|29|Yautli|4326|1701507|1507|2026-09-29 02:50:00
17|29|La Ceiba|4326|1701508|1508|2026-09-29 02:50:00
17|29|Ignacio Manuel Altamirano|4326|1701509|1509|2026-09-29 02:50:00
17|29|Viyautepec|4326|1701510|1510|2026-09-29 02:50:00
17|29|Benito Juarez|4326|1701511|1511|2026-09-29 02:50:00
17|29|Las Zamoras|4326|1701512|1512|2026-09-29 02:50:00
17|29|Centro|4326|1701513|1513|2026-09-29 02:50:00
17|29|Yautesol|4326|1701514|1514|2026-09-29 02:50:00
17|29|De Rancho Nuevo|4326|1701515|1515|2026-09-29 02:50:00
17|29|Paraiso|4326|1701516|1516|2026-09-29 02:50:00
17|29|Alfredo V Bonfil|4326|1701517|1517|2026-09-29 02:50:00
17|29|5 De Mayo|4326|1701518|1518|2026-09-29 02:50:00
17|29|Cuauhtemoc|4326|1701519|1519|2026-09-29 02:50:00
17|29|Luis Echeverria|4326|1701520|1520|2026-09-29 02:50:00
17|29|24 De Febrero|4326|1701521|1521|2026-09-29 02:50:00
17|29|Beit Mellat|4326|1701522|1522|2026-09-29 02:50:00
17|29|La Gema|4326|1701523|1523|2026-09-29 02:50:00
17|29|El Rocio|4326|1701524|1524|2026-09-29 02:50:00
17|29|Los Huajes|4326|1701525|1525|2026-09-29 02:50:00
17|29|Temazcal|4326|1701526|1526|2026-09-29 02:50:00
17|29|Emiliano Zapata|4326|1701527|1527|2026-09-29 02:50:00
17|29|Paracas|4326|1701528|1528|2026-09-29 02:50:00
17|29|San Juanito|4326|1701529|1529|2026-09-29 02:50:00
17|29|Jovito Serrano|4326|1701530|1530|2026-09-29 02:50:00
17|29|Lomas Del Real|4326|1701531|1531|2026-09-29 02:50:00
17|29|El Rocio|4326|1701532|1532|2026-09-29 02:50:00
17|29|13 De Septiembre|4326|1701533|1533|2026-09-29 02:50:00
17|29|Tlacaelel|4326|1701534|1534|2026-09-29 02:50:00
17|29|Santa Lucia|4326|1701535|1535|2026-09-29 02:50:00
17|29|Diego Ruiz|4326|1701536|1536|2026-09-29 02:50:00
17|29|San Isidro|4326|1701537|1537|2026-09-29 02:50:00
17|29|Miguel Hidalgo|4326|1701538|1538|2026-09-29 02:50:00
17|29|Granjas Agricola|4326|1701539|1539|2026-09-29 02:50:00
17|29|Campo Chiquito (el Caracol)|4326|1701540|1540|2026-09-29 02:50:00
17|29|El Angel|4326|1701541|1541|2026-09-29 02:50:00
17|29|Francisco I Madero (nopalera)|4326|1701542|1542|2026-09-29 02:50:00
17|29|Ricardo Flores Magon|4326|1701543|1543|2026-09-29 02:50:00
17|29|La Nopalera|4326|1701544|1544|2026-09-29 02:50:00
17|29|Jacarandas|4326|1701545|1545|2026-09-29 02:50:00
17|29|Valle Verde|4326|1701546|1546|2026-09-29 02:50:00
17|29|El Limon|4326|1701547|1547|2026-09-29 02:50:00
17|29|Villas De Cocoyoc|4326|1701548|1548|2026-09-29 02:50:00
17|29|Los Naranjos|4326|1701549|1549|2026-09-29 02:50:00
17|29|Llano Grande|4326|1701550|1550|2026-09-29 02:50:00
17|29|Maravillas|4326|1701551|1551|2026-09-29 02:50:00
17|29|Atlihuayan|4326|1701552|1552|2026-09-29 02:50:00
17|29|Villarreal Yautepec Ii|4326|1701553|1553|2026-09-29 02:50:00
17|29|Mangos|4326|1701554|1554|2026-09-29 02:50:00
17|29|La Antigua|4326|1701555|1555|2026-09-29 02:50:00
17|29|Villarreal Yautepec Iii|4326|1701556|1556|2026-09-29 02:50:00
17|29|Villarreal Yautepec Iv|4326|1701557|1557|2026-09-29 02:50:00
17|29|Villarreal Yautepec 1|4326|1701558|1558|2026-09-29 02:50:00
17|29|La Selva|4326|1701559|1559|2026-09-29 02:50:00
17|29|Jacarandas Ii|4326|1701560|1560|2026-09-29 02:50:00
17|29|Residencial Yautepec|4326|1701561|1561|2026-09-29 02:50:00
17|29|Del Bosque|4326|1701562|1562|2026-09-29 02:50:00
17|29|Villas Del Paraiso|4326|1701563|1563|2026-09-29 02:50:00
17|29|Los Mangos|4326|1701564|1564|2026-09-29 02:50:00
17|29|Las Quintas|4326|1701565|1565|2026-09-29 02:50:00
17|29|Rincon De Los Ciruelos|4326|1701566|1566|2026-09-29 02:50:00
17|29|Residencial Oacalco|4326|1701567|1567|2026-09-29 02:50:00
17|29|Villa Real 7|4326|1701568|1568|2026-09-29 02:50:00
17|29|Buenavista|4326|1701569|1569|2026-09-29 02:50:00
17|29|Itzamatitlan|4326|1701570|1570|2026-09-29 02:50:00
17|29|Las Fincas|4326|1701571|1571|2026-09-29 02:50:00
17|29|Villas Jazmin|4326|1701572|1572|2026-09-29 02:50:00
17|29|Villareal Yautepec  V|4326|1701573|1573|2026-09-29 02:50:00
17|29|El Encanto|4326|1701574|1574|2026-09-29 02:50:00
17|29|De Santiago|4326|1701575|1575|2026-09-29 02:50:00
17|29|Oacalco|4326|1701576|1576|2026-09-29 02:50:00
17|29|Los Mangos Cocoyoc|4326|1701577|1577|2026-09-29 02:50:00
17|29|Lucio Moreno Cocoyoc|4326|1701578|1578|2026-09-29 02:50:00
17|29|Villas Jazmin Ii|4326|1701579|1579|2026-09-29 02:50:00
17|29|Oasis|4326|1701580|1580|2026-09-29 02:50:00
17|29|Villarreal Yautepec Vi|4326|1701581|1581|2026-09-29 02:50:00
17|29|San Juan|4326|1701582|1582|2026-09-29 02:50:00
17|29|Rdcial Arco Antiguo|4326|1701583|1583|2026-09-29 02:50:00
17|29|Portal De Cocoyoc|4326|1701584|1584|2026-09-29 02:50:00
17|29|Francisco Villa Cocoyoc|4326|1701585|1585|2026-09-29 02:50:00
17|29|Los Limones|4326|1701586|1586|2026-09-29 02:50:00
17|29|Villas Tlahuica|4326|1701587|1587|2026-09-29 02:50:00
17|29|Otilio Monta?o|4326|1701588|1588|2026-09-29 02:50:00
17|29|Las Fuentes|4326|1701589|1589|2026-09-29 02:50:00
17|29|Ixtlahuacan|4326|1701590|1590|2026-09-29 02:50:00
17|29|El Manantial|4326|1701591|1591|2026-09-29 02:50:00
17|29|Tabachines|4326|1701592|1592|2026-09-29 02:50:00
17|29|Los Prados Oacalco|4326|1701593|1593|2026-09-29 02:50:00
17|29|Arco Blanco|4326|1701594|1594|2026-09-29 02:50:00
17|29|Oacalco|4326|1701595|1595|2026-09-29 02:50:00
17|29|Villas Oacalco Ii|4326|1701596|1596|2026-09-29 02:50:00
17|29|Encanto Real|4326|1701597|1597|2026-09-29 02:50:00
17|29|Hacienda Del Bosque Cocoyoc|4326|1701598|1598|2026-09-29 02:50:00
17|29|Cocoyoc|4326|1701599|1599|2026-09-29 02:50:00
17|29|Ignacio Bastida|4326|1701600|1600|2026-09-29 02:50:00
17|20|Rinconada De Acolapa|4326|1701601|1601|2026-09-29 02:50:00
17|11|Jose Lopez Portillo|4326|1701602|1602|2026-09-29 02:50:00
17|29|La Joya|4326|1701603|1603|2026-09-29 02:50:00
17|11|Independencia|4326|1701604|1604|2026-09-29 02:50:00
17|24|Barranca Honda|4326|1701605|1605|2026-09-29 02:50:00
17|2|Lomas De Cocoyoc|4326|1701606|1606|2026-09-29 02:50:00
17|26|Puente Pantitlan|4326|1701607|1607|2026-09-29 02:50:00
17|26|Exhacienda Pantitlan|4326|1701608|1608|2026-09-29 02:50:00
17|26|El Ahuehuete|4326|1701609|1609|2026-09-29 02:50:00
17|20|Angel Bocanegra|4326|1701610|1610|2026-09-29 02:50:00
17|26|Las Vivianas|4326|1701611|1611|2026-09-29 02:50:00
17|6|Narciso Mendoza|4326|1701612|1612|2026-09-29 02:50:00
17|6|19 De Febrero|4326|1701613|1613|2026-09-29 02:50:00
17|7|Base Tranquilidad|4326|1701614|1614|2026-09-29 02:50:00
17|33|Xala|4326|1701615|1615|2026-09-29 02:50:00
17|3|Palo Blanco|4326|1701616|1616|2026-09-29 02:50:00
17|29|Casahuates|4326|1701617|1617|2026-09-29 02:50:00
17|29|Oasis Ii|4326|1701618|1618|2026-09-29 02:50:00
17|29|Sole|4326|1701619|1619|2026-09-29 02:50:00
17|29|San Juan|4326|1701620|1620|2026-09-29 02:50:00
17|29|La Vista|4326|1701621|1621|2026-09-29 02:50:00
17|26|Ecologico Diamante|4326|1701622|1622|2026-09-29 02:50:00
17|26|Corral Grande Oaxtepec|4326|1701623|1623|2026-09-29 02:50:00
17|29|Casco Antiguo|4326|1701624|1624|2026-09-29 02:50:00
17|29|Centro Cocoyoc|4326|1701625|1625|2026-09-29 02:50:00
17|24|Hidalgo|4326|1701626|1626|2026-09-29 02:50:00
17|29|Colinas De Oaxtepec|4326|1701627|1627|2026-09-29 02:50:00
17|29|Lazaro Cardenas|4326|1701628|1628|2026-09-29 02:50:00
17|6|Benito Juarez|4326|1701630|1630|2026-09-29 02:50:00
17|6|Ni?os Heroes|4326|1701631|1631|2026-09-29 02:50:00
17|12|Los Amates|4326|1701632|1632|2026-09-29 02:50:00
17|12|Los Ca?averales|4326|1701633|1633|2026-09-29 02:50:00
17|28|La Esperanza|4326|1701634|1634|2026-09-29 02:50:00
17|3|Los Reyes|4326|1701635|1635|2026-09-29 02:50:00
17|20|Navidad|4326|1701636|1636|2026-09-29 02:50:00
17|18|La Hacienda|4326|1701637|1637|2026-09-29 02:50:00
17|18|Santa Ursula 2da Seccion|4326|1701638|1638|2026-09-29 02:50:00
17|29|Cerrada Del Bosque|4326|1701639|1639|2026-09-29 02:50:00
17|29|La Cruz|4326|1701640|1640|2026-09-29 02:50:00
17|29|Centro Oaxtepec|4326|1701641|1641|2026-09-29 02:50:00
17|30|San Francisco Residencial|4326|1701642|1642|2026-09-29 02:50:00
17|12|Tequesquitengo|4326|1701643|1643|2026-09-29 02:50:00
17|8|Los Olivos|4326|1701644|1644|2026-09-29 02:50:00
17|14|Loma Del Coyote|4326|1701645|1645|2026-09-29 02:50:00
17|11|Los Pilares|4326|1701646|1646|2026-09-29 02:50:00
17|18|Punta Fiori|4326|1701647|1647|2026-09-29 02:50:00
17|12|Villas Teques Aqua|4326|1701648|1648|2026-09-29 02:50:00
17|2|Villas De Ameyalco|4326|1701649|1649|2026-09-29 02:50:00
17|2|Flor De Piedra|4326|1701650|1650|2026-09-29 02:50:00
17|2|Ex-hacienda Telminca|4326|1701651|1651|2026-09-29 02:50:00
17|19|20 De Noviembre Atotonilco|4326|1701652|1652|2026-09-29 02:50:00
17|8|Morelos|4326|1701653|1653|2026-09-29 02:50:00
17|18|Granjas Merida|4326|1701654|1654|2026-09-29 02:50:00
17|9|San Jose|4326|1701655|1655|2026-09-29 02:50:00
17|2|Condominios Residencial Las Terrazas|4326|1701656|1656|2026-09-29 02:50:00
17|2|Cuachizolotera|4326|1701657|1657|2026-09-29 02:50:00
17|26|Casahuates|4326|1701658|1658|2026-09-29 02:50:00
17|2|Casahuates|4326|1701659|1659|2026-09-29 02:50:00
17|11|Bugambilias|4326|1701660|1660|2026-09-29 02:50:00
17|12|Santa Maria|4326|1701661|1661|2026-09-29 02:50:00
17|28|Colinas De Xochitepec Iii|4326|1701662|1662|2026-09-29 02:50:00
17|12|Los Pilares|4326|1701663|1663|2026-09-29 02:50:00
17|30|Los Conventos|4326|1701664|1664|2026-09-29 02:50:00
17|28|Loma Linda I Y Ii|4326|1701665|1665|2026-09-29 02:50:00
17|30|Loma Bonita|4326|1701666|1666|2026-09-29 02:50:00
17|29|Las Higueras|4326|1701667|1667|2026-09-29 02:50:00
17|29|Villas Garden|4326|1701668|1668|2026-09-29 02:50:00
17|12|El Pedregal San Nicolas|4326|1701669|1669|2026-09-29 02:50:00
17|6|Los Laureles|4326|1701670|1670|2026-09-29 02:50:00
17|6|Conjunto Guayacanes|4326|1701671|1671|2026-09-29 02:50:00
17|6|Campo El Huaje|4326|1701672|1672|2026-09-29 02:50:00
17|29|Las Fuentes 2|4326|1701673|1673|2026-09-29 02:50:00
17|29|Centro De Convivencia Atlihuayan|4326|1701674|1674|2026-09-29 02:50:00
17|11|Emiliano Zapata|4326|1701675|1675|2026-09-29 02:50:00
17|2|Rancho Atemulco|4326|1701676|1676|2026-09-29 02:50:00
17|28|Huertos De Alpuyeca|4326|1701677|1677|2026-09-29 02:50:00
17|20|Lomas De Acolapan|4326|1701678|1678|2026-09-29 02:50:00
17|30|Nochebuena|4326|1701679|1679|2026-09-29 02:50:00
17|28|San Rafael Atlacholoaya|4326|1701680|1680|2026-09-29 02:50:00
17|29|Cruz Encantada|4326|1701681|1681|2026-09-29 02:50:00
17|12|Jardines Del Paraiso|4326|1701682|1682|2026-09-29 02:50:00
17|12|Rinconada Jardines De Tehuxtla|4326|1701683|1683|2026-09-29 02:50:00
17|2|Vergeles De Oaxtepec|4326|1701684|1684|2026-09-29 02:50:00
17|2|Altos De Oaxtepec|4326|1701685|1685|2026-09-29 02:50:00
17|2|Real De Oaxtepec|4326|1701686|1686|2026-09-29 02:50:00
17|28|Crucero De Atlacholoaya|4326|1701687|1687|2026-09-29 02:50:00
17|28|Bello Horizonte|4326|1701688|1688|2026-09-29 02:50:00
17|4|Villa Bonita|4326|1701689|1689|2026-09-29 02:50:00
17|7|Ahuatepec|4326|1701690|1690|2026-09-29 02:50:00
17|28|Privadas De Xochitepec|4326|1701691|1691|2026-09-29 02:50:00
17|28|Villas De Xochitepec El Encanto|4326|1701692|1692|2026-09-29 02:50:00
17|28|Villas De Xochitepec|4326|1701693|1693|2026-09-29 02:50:00
17|28|Paseos De Xochitepec|4326|1701694|1694|2026-09-29 02:50:00
17|28|Arroyos De Xochitepec|4326|1701695|1695|2026-09-29 02:50:00
17|28|Villas De Xochitepec|4326|1701696|1696|2026-09-29 02:50:00
17|28|Oasis I|4326|1701697|1697|2026-09-29 02:50:00
17|28|Rinconada  Xochitepec I|4326|1701698|1698|2026-09-29 02:50:00
17|28|Dos Rios 1|4326|1701699|1699|2026-09-29 02:50:00
17|28|Paseos De Xochitepec Ii|4326|1701700|1700|2026-09-29 02:50:00
17|28|Rancho La Flor|4326|1701701|1701|2026-09-29 02:50:00
17|28|Rinconada  Xochitepec Ii|4326|1701702|1702|2026-09-29 02:50:00
17|28|Rinconada  Xochitepec Iii|4326|1701703|1703|2026-09-29 02:50:00
17|28|Oasis Ii|4326|1701704|1704|2026-09-29 02:50:00
17|28|Dos Rios Ii|4326|1701705|1705|2026-09-29 02:50:00
17|28|Las Palmas|4326|1701706|1706|2026-09-29 02:50:00
17|28|Encanto 3|4326|1701707|1707|2026-09-29 02:50:00
17|28|Encanto 2|4326|1701708|1708|2026-09-29 02:50:00
17|28|Encanto 1 Bugambilias|4326|1701709|1709|2026-09-29 02:50:00
17|28|Real De Xochitepec|4326|1701710|1710|2026-09-29 02:50:00
17|28|Villas Del Sol|4326|1701711|1711|2026-09-29 02:50:00
17|28|Rinconada Xochitepec Iv|4326|1701712|1712|2026-09-29 02:50:00
17|28|La Joya|4326|1701713|1713|2026-09-29 02:50:00
17|7|Unidad Hab Ahuatlan|4326|1701714|1714|2026-09-29 02:50:00
17|7|Ahuatlan Tzompantle|4326|1701715|1715|2026-09-29 02:50:00
17|7|Terrazas De Ahuatlan|4326|1701716|1716|2026-09-29 02:50:00
17|7|Jardin Tetela|4326|1701717|1717|2026-09-29 02:50:00
17|7|Ahuatlan (1)|4326|1701718|1718|2026-09-29 02:50:00
17|7|Jardines De Ahuatlan|4326|1701719|1719|2026-09-29 02:50:00
17|7|Villas Del Bosque|4326|1701720|1720|2026-09-29 02:50:00
17|7|Jardines De Los Reyes|4326|1701721|1721|2026-09-29 02:50:00
17|7|Ahuatlan-tzompantle|4326|1701722|1722|2026-09-29 02:50:00
17|7|Punto Sublime|4326|1701723|1723|2026-09-29 02:50:00
17|7|Tetela Del Monte|4326|1701724|1724|2026-09-29 02:50:00
17|28|Centro|4326|1701725|1725|2026-09-29 02:50:00
17|34|El Rodeo|4326|1701726|1726|2026-09-29 02:50:00
17|34|Xochicalco|4326|1701727|1727|2026-09-29 02:50:00
17|35|San Jose Vista Hermosa|4326|1701728|1728|2026-09-29 02:50:00
17|35|Tequesquitengo|4326|1701729|1729|2026-09-29 02:50:00
17|35|Centro De Tequesquitengo|4326|1701730|1730|2026-09-29 02:50:00
17|25|Chimalacatlan|4326|1701731|1731|2026-09-29 02:50:00
17|17|Emiliano Zapata|4326|1701732|1732|2026-09-29 02:50:00
17|17|Miguel Hidalgo|4326|1701733|1733|2026-09-29 02:50:00
17|17|San Mateo Ixtla|4326|1701734|1734|2026-09-29 02:50:00
17|17|Casa Blanca|4326|1701735|1735|2026-09-29 02:50:00
17|17|Norte|4326|1701736|1736|2026-09-29 02:50:00
17|17|Morelos|4326|1701737|1737|2026-09-29 02:50:00
17|17|Guadalupe Victoria|4326|1701738|1738|2026-09-29 02:50:00
17|17|La Providencia|4326|1701739|1739|2026-09-29 02:50:00
17|17|Guadalupe Victoria|4326|1701740|1740|2026-09-29 02:50:00
17|17|Centro|4326|1701741|1741|2026-09-29 02:50:00
17|17|Cuauhtemoc|4326|1701742|1742|2026-09-29 02:50:00
17|17|Buenos Aires|4326|1701743|1743|2026-09-29 02:50:00
17|17|Jardines De La Herradura|4326|1701744|1744|2026-09-29 02:50:00
17|17|Jardines De La Herradura|4326|1701745|1745|2026-09-29 02:50:00
17|17|Benito Juarez|4326|1701746|1746|2026-09-29 02:50:00
17|17|Loma Linda|4326|1701747|1747|2026-09-29 02:50:00
17|17|10 De Mayo|4326|1701748|1748|2026-09-29 02:50:00
17|17|Gobernadores|4326|1701749|1749|2026-09-29 02:50:00
17|17|Gobernadores|4326|1701750|1750|2026-09-29 02:50:00
17|17|10 De Mayo|4326|1701751|1751|2026-09-29 02:50:00
17|17|Los Cirianes|4326|1701752|1752|2026-09-29 02:50:00
17|28|Centro Chiconcuac|4326|1701753|1753|2026-09-29 02:50:00
17|20|Tehtecolala|4326|1701754|1754|2026-09-29 02:50:00
17|20|Tecuahuitl|4326|1701755|1755|2026-09-29 02:50:00
17|20|Tetzilacac|4326|1701756|1756|2026-09-29 02:50:00
17|20|Loma Esmeralda|4326|1701757|1757|2026-09-29 02:50:00
17|20|Lomas Del Pedregal|4326|1701758|1758|2026-09-29 02:50:00
17|20|Tetenco|4326|1701759|1759|2026-09-29 02:50:00
17|20|Ampliacion Milpillas|4326|1701760|1760|2026-09-29 02:50:00
17|20|Col Loma Bonita|4326|1701761|1761|2026-09-29 02:50:00
17|30|Residencial Bellavista|4326|1701762|1762|2026-09-29 02:50:00
17|31|Bovedas Altas|4326|1701763|1763|2026-09-29 02:50:00
17|29|Cascadas Cocoyoc|4326|1701764|1764|2026-09-29 02:50:00
17|29|El Tezcal|4326|1701765|1765|2026-09-29 02:50:00
17|29|Caudillo Del Sur|4326|1701766|1766|2026-09-29 02:50:00
17|29|Jardines De La Hacienda|4326|1701767|1767|2026-09-29 02:50:00
17|8|Ceiba|4326|1701768|1768|2026-09-29 02:50:00
17|8|Cerezo|4326|1701769|1769|2026-09-29 02:50:00
17|8|Amate|4326|1701770|1770|2026-09-29 02:50:00
17|8|Oyamel|4326|1701771|1771|2026-09-29 02:50:00
17|8|Lomas Burgos|4326|1701772|1772|2026-09-29 02:50:00
17|8|Bellavista|4326|1701773|1773|2026-09-29 02:50:00
17|8|Loma Florida|4326|1701774|1774|2026-09-29 02:50:00
17|8|Loma Bonita|4326|1701775|1775|2026-09-29 02:50:00
17|8|La Esmeralda|4326|1701776|1776|2026-09-29 02:50:00
17|11|Cuauhtemoc Cardenas|4326|1701777|1777|2026-09-29 02:50:00
17|29|Ca?averal|4326|1701778|1778|2026-09-29 02:50:00
17|30|Los Tulipanes|4326|1701779|1779|2026-09-29 02:50:00
17|30|Paraiso Escondido|4326|1701780|1780|2026-09-29 02:50:00
17|30|Col Los Girasoles|4326|1701781|1781|2026-09-29 02:50:00
17|30|Los Huerto De San Juan|4326|1701782|1782|2026-09-29 02:50:00
17|11|Punta Sumiya|4326|1701783|1783|2026-09-29 02:50:00
17|11|San Antonio|4326|1701784|1784|2026-09-29 02:50:00
17|11|Residencial Los Gallos|4326|1701785|1785|2026-09-29 02:50:00
17|11|Bosques De Jiutepec|4326|1701786|1786|2026-09-29 02:50:00
17|11|Residencial Pavoreal|4326|1701787|1787|2026-09-29 02:50:00
17|11|Viveros|4326|1701788|1788|2026-09-29 02:50:00
17|11|Las Ventanas|4326|1701789|1789|2026-09-29 02:50:00
17|11|Condovillas|4326|1701790|1790|2026-09-29 02:50:00
17|11|Parador Hacianda San Gaspar|4326|1701791|1791|2026-09-29 02:50:00
17|2|El Astillero|4326|1701792|1792|2026-09-29 02:50:00
17|2|Tehuicil|4326|1701793|1793|2026-09-29 02:50:00
17|24|Colonia Ni?os Heroes|4326|1701794|1794|2026-09-29 02:50:00
17|7|Centro|4326|1701795|1795|2026-09-29 02:50:00
17|20|Achichipico|4326|1701796|1796|2026-09-29 02:50:00
17|20|Xolatlaco|4326|1701797|1797|2026-09-29 02:50:00
17|20|Los Ocotes|4326|1701798|1798|2026-09-29 02:50:00
17|28|Arroyo|4326|1701799|1799|2026-09-29 02:50:00
17|14|La Perla|4326|1701800|1800|2026-09-29 02:50:00
17|11|Lomas De Atlacomulco|4326|1701801|1801|2026-09-29 02:50:00
17|11|Palma Real|4326|1701802|1802|2026-09-29 02:50:00
17|11|Granada|4326|1701803|1803|2026-09-29 02:50:00
17|11|Balsas|4326|1701804|1804|2026-09-29 02:50:00
17|11|Las Jacarndas|4326|1701805|1805|2026-09-29 02:50:00
17|11|Las Fuentes Closter|4326|1701806|1806|2026-09-29 02:50:00
17|11|Mayorca Closter|4326|1701807|1807|2026-09-29 02:50:00
17|11|Hacienda Zaragoza|4326|1701808|1808|2026-09-29 02:50:00
17|11|La Noria|4326|1701809|1809|2026-09-29 02:50:00
17|8|Manuel Hernandez Pasion|4326|1701810|1810|2026-09-29 02:50:00
17|26|Colonia Jerico|4326|1701811|1811|2026-09-29 02:50:00
17|26|Jardines De Tlayacapan|4326|1701812|1812|2026-09-29 02:50:00
17|11|Las Palomas|4326|1701813|1813|2026-09-29 02:50:00
17|20|San Pedro|4326|1701814|1814|2026-09-29 02:50:00
17|8|Panoramico|4326|1701815|1815|2026-09-29 02:50:00
17|8|La Toscana|4326|1701816|1816|2026-09-29 02:50:00
17|8|La Fortuna|4326|1701817|1817|2026-09-29 02:50:00
17|26|El Capulin|4326|1701818|1818|2026-09-29 02:50:00
17|8|Los Tulipanes|4326|1701819|1819|2026-09-29 02:50:00
17|8|Bello Horizonte|4326|1701820|1820|2026-09-29 02:50:00
17|8|Villas De Cuernavaca|4326|1701821|1821|2026-09-29 02:50:00
17|2|Meclapa|4326|1701822|1822|2026-09-29 02:50:00
17|2|La Mohonera (rancho)|4326|1701823|1823|2026-09-29 02:50:00
17|2|Los Cerritos|4326|1701824|1824|2026-09-29 02:50:00
17|28|Residencial Punta Turquesa|4326|1701825|1825|2026-09-29 02:50:00
17|28|Loma Linda Closter 9|4326|1701826|1826|2026-09-29 02:50:00
17|28|Mirador|4326|1701827|1827|2026-09-29 02:50:00
17|28|Cumbres Tulipanes|4326|1701828|1828|2026-09-29 02:50:00
17|28|Las Flores|4326|1701829|1829|2026-09-29 02:50:00
17|29|Oasis Lll|4326|1701830|1830|2026-09-29 02:50:00
17|27|Ampliacion San Sebastian|4326|1701831|1831|2026-09-29 02:50:00
17|28|Colina Encantada Closter 8|4326|1701832|1832|2026-09-29 02:50:00
17|7|Teopanzolco|4326|1701833|1833|2026-09-29 02:50:00
17|8|Catamaran|4326|1701834|1834|2026-09-29 02:50:00
17|11|Cuauhnahuac|4326|1701835|1835|2026-09-29 02:50:00
17|11|Las Mercedes|4326|1701836|1836|2026-09-29 02:50:00
17|28|Real Del Campanario|4326|1701837|1837|2026-09-29 02:50:00
17|7|Ampliacion Lazaro Cardenas Del Rio|4326|1701838|1838|2026-09-29 02:50:00
17|7|28 De Marzo|4326|1701839|1839|2026-09-29 02:50:00
17|29|Conj Hab Dalia|4326|1701840|1840|2026-09-29 02:50:00
17|29|San Pablo|4326|1701841|1841|2026-09-29 02:50:00
17|29|Rincon Del Rio|4326|1701842|1842|2026-09-29 02:50:00
17|29|Las Lilas|4326|1701843|1843|2026-09-29 02:50:00
17|8|Ciruelos I|4326|1701844|1844|2026-09-29 02:50:00
17|8|Ciruelos Ii|4326|1701845|1845|2026-09-29 02:50:00
17|8|Los Almendros|4326|1701846|1846|2026-09-29 02:50:00
17|8|Dolmex|4326|1701847|1847|2026-09-29 02:50:00
17|8|Sauces Sur 1|4326|1701848|1848|2026-09-29 02:50:00
17|8|Sauces Sur 2|4326|1701849|1849|2026-09-29 02:50:00
17|8|Los Prados|4326|1701850|1850|2026-09-29 02:50:00
17|8|La Vista|4326|1701851|1851|2026-09-29 02:50:00
17|12|Guadalupe De Tehuixtla|4326|1701852|1852|2026-09-29 02:50:00
17|12|Los Naranjos|4326|1701853|1853|2026-09-29 02:50:00
17|29|El Manantial Ii|4326|1701854|1854|2026-09-29 02:50:00
17|29|Arbolada|4326|1701855|1855|2026-09-29 02:50:00
17|29|Rdcial Tabachines|4326|1701856|1856|2026-09-29 02:50:00
17|29|Villaventura|4326|1701857|1857|2026-09-29 02:50:00
17|29|Felipe Neri|4326|1701858|1858|2026-09-29 02:50:00
17|8|Modesto Rangel|4326|1701859|1859|2026-09-29 02:50:00
17|18|Rosedal|4326|1701860|1860|2026-09-29 02:50:00
17|18|Los Tulipanes|4326|1701861|1861|2026-09-29 02:50:00
17|18|Los Presidentes|4326|1701862|1862|2026-09-29 02:50:00
17|18|Presidentes|4326|1701863|1863|2026-09-29 02:50:00
17|18|Alta Palmira|4326|1701864|1864|2026-09-29 02:50:00
17|8|Arcos|4326|1701865|1865|2026-09-29 02:50:00
17|8|Jardines De Florencia|4326|1701866|1866|2026-09-29 02:50:00
17|8|Sauces Sur 3|4326|1701867|1867|2026-09-29 02:50:00
17|7|Tzompantle Norte|4326|1701868|1868|2026-09-29 02:50:00
17|7|Tonintana|4326|1701869|1869|2026-09-29 02:50:00
17|7|Antonio Barona Seccion_2|4326|1701870|1870|2026-09-29 02:50:00
17|7|Antonio Barona Seccion_3|4326|1701871|1871|2026-09-29 02:50:00
17|7|Antonio Barona Centro|4326|1701872|1872|2026-09-29 02:50:00
17|7|Paraiso De Las Flores|4326|1701873|1873|2026-09-29 02:50:00
17|7|Loma Bonita|4326|1701874|1874|2026-09-29 02:50:00
17|7|Bosques De Cuernavaca|4326|1701875|1875|2026-09-29 02:50:00
17|7|Minas De Atzingo|4326|1701876|1876|2026-09-29 02:50:00
17|7|Lomas De La Selva Oriente|4326|1701877|1877|2026-09-29 02:50:00
17|7|Lomas De Cortes|4326|1701878|1878|2026-09-29 02:50:00
17|7|Pilancon|4326|1701879|1879|2026-09-29 02:50:00
17|7|Barrio De La Estacion|4326|1701880|1880|2026-09-29 02:50:00
17|7|El Tecolote Barrancas|4326|1701881|1881|2026-09-29 02:50:00
17|7|Flores Magon Quinto Fracc|4326|1701882|1882|2026-09-29 02:50:00
17|7|Flores Magon Primer Fracc|4326|1701883|1883|2026-09-29 02:50:00
17|7|Internado Palmira|4326|1701884|1884|2026-09-29 02:50:00
17|7|Lazaro Cardenas Loma Bonita|4326|1701885|1885|2026-09-29 02:50:00
17|7|Ampliacion Lazaro Cardenas|4326|1701886|1886|2026-09-29 02:50:00
17|7|El Polvorin|4326|1701887|1887|2026-09-29 02:50:00
17|7|La Parota|4326|1701888|1888|2026-09-29 02:50:00
17|7|Ampliacion Satelite|4326|1701889|1889|2026-09-29 02:50:00
17|7|Maravillas Union|4326|1701890|1890|2026-09-29 02:50:00
17|7|Ampliacion Nueva Santa Maria|4326|1701891|1891|2026-09-29 02:50:00
17|7|Lomas Del Mirador|4326|1701892|1892|2026-09-29 02:50:00
17|30|Las Palmas|4326|1701893|1893|2026-09-29 02:50:00
17|30|Hacienda San Jose|4326|1701894|1894|2026-09-29 02:50:00
17|29|Paraiso Cocoyito|4326|1701895|1895|2026-09-29 02:50:00
17|29|Cocoyoc|4326|1701896|1896|2026-09-29 02:50:00
17|30|Xalpa I|4326|1701897|1897|2026-09-29 02:50:00
17|8|Residencia Llos Sabinos|4326|1701898|1898|2026-09-29 02:50:00
17|30|Residencial El Campanario|4326|1701899|1899|2026-09-29 02:50:00
17|18|Del Rio|4326|1701900|1900|2026-09-29 02:50:00
17|18|Ibiza|4326|1701901|1901|2026-09-29 02:50:00
17|11|San Isidro|4326|1701902|1902|2026-09-29 02:50:00
17|26|3 De Mayo|4326|1701903|1903|2026-09-29 02:50:00
17|27|Cazahuatitla|4326|1701904|1904|2026-09-29 02:50:00
17|30|Los Colorines|4326|1701905|1905|2026-09-29 02:50:00
17|8|El Capulin|4326|1701906|1906|2026-09-29 02:50:00
17|8|Ca?averal|4326|1701907|1907|2026-09-29 02:50:00
17|30|Paraiso De Las Flores|4326|1701908|1908|2026-09-29 02:50:00
17|29|El Zarco|4326|1701909|1909|2026-09-29 02:50:00
17|18|Rosa Blanca|4326|1701910|1910|2026-09-29 02:50:00
17|18|Los Agaves|4326|1701911|1911|2026-09-29 02:50:00
17|18|Rosa Roja|4326|1701912|1912|2026-09-29 02:50:00
17|18|Aqua|4326|1701913|1913|2026-09-29 02:50:00
17|18|Rosa Amarilla|4326|1701914|1914|2026-09-29 02:50:00
17|18|Rosa Morada|4326|1701915|1915|2026-09-29 02:50:00
17|18|Centro|4326|1701916|1916|2026-09-29 02:50:00
17|23|Felipe Neri|4326|1701917|1917|2026-09-29 02:50:00
17|12|19 De Septiembre|4326|1701918|1918|2026-09-29 02:50:00
17|6|12 De Diciembre|4326|1701919|1919|2026-09-29 02:50:00
17|26|Rancho San Isidro|4326|1701920|1920|2026-09-29 02:50:00
17|26|Cerca Del Cielo|4326|1701921|1921|2026-09-29 02:50:00
17|11|Hole In One|4326|1701922|1922|2026-09-29 02:50:00
17|11|Los Laureles|4326|1701923|1923|2026-09-29 02:50:00
17|11|Avantin|4326|1701924|1924|2026-09-29 02:50:00
17|20|Paraiso Tepozteco|4326|1701925|1925|2026-09-29 02:50:00
17|11|Lomas De Jiutepec|4326|1701926|1926|2026-09-29 02:50:00
17|11|Kloster 2|4326|1701927|1927|2026-09-29 02:50:00
17|11|La Toscana|4326|1701928|1928|2026-09-29 02:50:00
17|11|Florencia|4326|1701929|1929|2026-09-29 02:50:00
17|11|Joya Del Agua|4326|1701930|1930|2026-09-29 02:50:00
17|26|Villas Garden Ii|4326|1701931|1931|2026-09-29 02:50:00
17|7|Jardines De La Herradura|4326|1701932|1932|2026-09-29 02:50:00
15|9|San Juan|4326|1500544|544|2026-09-29 02:50:00
15|9|Tepollo|4326|1500546|546|2026-09-29 02:50:00
15|9|El Toro - Torito|4326|1500547|547|2026-09-29 02:50:00
15|9|Xaltepec|4326|1500549|549|2026-09-29 02:50:00
15|9|Atenco|4326|1500550|550|2026-09-29 02:50:00
15|9|Del Rosario|4326|1500553|553|2026-09-29 02:50:00
15|17|San Diego Chalcatepehuacan|4326|1500554|554|2026-09-29 02:50:00
15|9|Panohaya|4326|1500561|561|2026-09-29 02:50:00
15|102|Tlacomulco|4326|1500811|811|2026-09-29 02:50:00
15|102|Ocotenco|4326|1500812|812|2026-09-29 02:50:00
15|53|San Andres|4326|1501332|1332|2026-09-29 02:50:00
15|53|San Pedro|4326|1501333|1333|2026-09-29 02:50:00
15|53|Santa Maria|4326|1501334|1334|2026-09-29 02:50:00
15|53|San Juan|4326|1501336|1336|2026-09-29 02:50:00
15|53|El Puentecito|4326|1501338|1338|2026-09-29 02:50:00
15|53|La Loma De San Felipe|4326|1501340|1340|2026-09-29 02:50:00
15|53|La Ladrillera|4326|1501341|1341|2026-09-29 02:50:00
15|53|Jalmolonga|4326|1501345|1345|2026-09-29 02:50:00
15|53|La Huerta|4326|1501346|1346|2026-09-29 02:50:00
15|53|Santa Maria Xoquiac|4326|1501347|1347|2026-09-29 02:50:00
15|53|San Andres Nicolas Bravo|4326|1501348|1348|2026-09-29 02:50:00
15|53|Noxtepec De Zaragoza|4326|1501349|1349|2026-09-29 02:50:00
15|53|La Angostura|4326|1501350|1350|2026-09-29 02:50:00
15|53|Hidalgo|4326|1501351|1351|2026-09-29 02:50:00
15|53|Juarez|4326|1501352|1352|2026-09-29 02:50:00
15|53|Aldama|4326|1501354|1354|2026-09-29 02:50:00
15|53|El Platanar|4326|1501355|1355|2026-09-29 02:50:00
15|53|San Pedro Chichicasco|4326|1501358|1358|2026-09-29 02:50:00
15|53|Planta Alameda|4326|1501359|1359|2026-09-29 02:50:00
15|53|Palo Dulce|4326|1501360|1360|2026-09-29 02:50:00
15|53|Los Tepehuajes|4326|1501362|1362|2026-09-29 02:50:00
15|17|San Cristobal Poxtla|4326|1501518|1518|2026-09-29 02:50:00
15|120|El Tamarindo|4326|1501533|1533|2026-09-29 02:50:00
15|64|San Isidro Amola|4326|1501650|1650|2026-09-29 02:50:00
15|64|La Ca?ada|4326|1502011|2011|2026-09-29 02:50:00
15|64|Mexicapa|4326|1502012|2012|2026-09-29 02:50:00
15|102|Mextitla|4326|1502034|2034|2026-09-29 02:50:00
15|120|Guadalupe Victoria|4326|1502223|2223|2026-09-29 02:50:00
15|120|El Zapote|4326|1502226|2226|2026-09-29 02:50:00
15|64|Campestre Del Valle|4326|1502677|2677|2026-09-29 02:50:00
15|102|Tlaminca|4326|1502712|2712|2026-09-29 02:50:00
15|50|El Guarda Del Guerrero|4326|1502730|2730|2026-09-29 02:50:00
15|64|El Picacho|4326|1502732|2732|2026-09-29 02:50:00
15|64|Santa Cruz Tezontepec|4326|1502734|2734|2026-09-29 02:50:00
15|69|San Mateo Tecalco|4326|1502765|2765|2026-09-29 02:50:00
15|15|Popo Park|4326|1502766|2766|2026-09-29 02:50:00
15|69|Industrial|4326|1502769|2769|2026-09-29 02:50:00
15|69|Jose Antonio Alzate|4326|1502770|2770|2026-09-29 02:50:00
15|69|Santa Cruz|4326|1502771|2771|2026-09-29 02:50:00
15|69|Del Cocol|4326|1502772|2772|2026-09-29 02:50:00
15|69|San Bartolo|4326|1502773|2773|2026-09-29 02:50:00
15|69|San Juan|4326|1502774|2774|2026-09-29 02:50:00
15|69|San Pedro|4326|1502777|2777|2026-09-29 02:50:00
15|69|San Martin|4326|1502779|2779|2026-09-29 02:50:00
15|69|San Francisco|4326|1502780|2780|2026-09-29 02:50:00
15|69|Santiago|4326|1502784|2784|2026-09-29 02:50:00
15|69|San Vicente Chimalhuacan|4326|1502787|2787|2026-09-29 02:50:00
15|95|Tepetlixpa|4326|1502790|2790|2026-09-29 02:50:00
15|95|Emiliano Zapata|4326|1502792|2792|2026-09-29 02:50:00
15|95|La Venta|4326|1502793|2793|2026-09-29 02:50:00
15|95|Del Guapo|4326|1502795|2795|2026-09-29 02:50:00
15|95|Xocotla|4326|1502796|2796|2026-09-29 02:50:00
15|95|Granera|4326|1502797|2797|2026-09-29 02:50:00
15|95|Del Rincon Brujo|4326|1502798|2798|2026-09-29 02:50:00
15|95|Buenavista|4326|1502799|2799|2026-09-29 02:50:00
15|95|San Isidro|4326|1502800|2800|2026-09-29 02:50:00
15|95|San Esteban Cuecuecuautitla|4326|1502801|2801|2026-09-29 02:50:00
15|69|Santiago Mamalhuazuca|4326|1502803|2803|2026-09-29 02:50:00
15|95|Nepantla De Sor Juana Ines De La Cruz|4326|1502804|2804|2026-09-29 02:50:00
15|15|San Felipe|4326|1502806|2806|2026-09-29 02:50:00
15|15|San Martin|4326|1502807|2807|2026-09-29 02:50:00
15|15|San Juan|4326|1502808|2808|2026-09-29 02:50:00
15|15|Asuncion|4326|1502809|2809|2026-09-29 02:50:00
15|69|San Jose Tlacotitlan|4326|1502811|2811|2026-09-29 02:50:00
15|69|San Lorenzo Tlaltecoyac|4326|1502812|2812|2026-09-29 02:50:00
15|15|Guadalupe Hidalgo|4326|1502813|2813|2026-09-29 02:50:00
15|15|Del Sur|4326|1502815|2815|2026-09-29 02:50:00
15|15|Del Centro|4326|1502816|2816|2026-09-29 02:50:00
15|15|Del Norte|4326|1502817|2817|2026-09-29 02:50:00
15|35|San Juan Tlacotompa|4326|1502818|2818|2026-09-29 02:50:00
15|35|San Marcos Tecomaxusco|4326|1502819|2819|2026-09-29 02:50:00
15|35|Santa Gertrudis|4326|1502820|2820|2026-09-29 02:50:00
15|35|Santa Catarina|4326|1502821|2821|2026-09-29 02:50:00
15|35|San Martin|4326|1502822|2822|2026-09-29 02:50:00
15|35|San Jose|4326|1502823|2823|2026-09-29 02:50:00
15|35|Xolaltenco|4326|1502824|2824|2026-09-29 02:50:00
15|17|San Martin Pahuacan|4326|1502829|2829|2026-09-29 02:50:00
15|17|San Bartolome Mihuacan|4326|1502831|2831|2026-09-29 02:50:00
15|17|De La Pila|4326|1502834|2834|2026-09-29 02:50:00
15|9|San Diego Huehuecalco|4326|1502838|2838|2026-09-29 02:50:00
15|9|San Juan Grande|4326|1502840|2840|2026-09-29 02:50:00
15|9|Emiliano Zapata|4326|1502843|2843|2026-09-29 02:50:00
15|9|Amecameca|4326|1502858|2858|2026-09-29 02:50:00
15|90|San Juan Coxtocan|4326|1502941|2941|2026-09-29 02:50:00
15|51|Juchi|4326|1502943|2943|2026-09-29 02:50:00
15|51|Cuautzozongo|4326|1502944|2944|2026-09-29 02:50:00
15|9|San Antonio Zoyatzingo|4326|1502945|2945|2026-09-29 02:50:00
15|15|Las Delicias|4326|1502946|2946|2026-09-29 02:50:00
15|15|De Mexico|4326|1502947|2947|2026-09-29 02:50:00
15|15|16 De Septiembre|4326|1502948|2948|2026-09-29 02:50:00
15|15|El Arenal|4326|1502949|2949|2026-09-29 02:50:00
15|15|Santo Domingo|4326|1502950|2950|2026-09-29 02:50:00
15|15|Del Callejon|4326|1502951|2951|2026-09-29 02:50:00
15|15|Del Centro|4326|1502952|2952|2026-09-29 02:50:00
15|15|Del Cornejal|4326|1502953|2953|2026-09-29 02:50:00
15|15|Guadalupe|4326|1502954|2954|2026-09-29 02:50:00
15|15|El Mirador|4326|1502955|2955|2026-09-29 02:50:00
15|15|San Francisco|4326|1502956|2956|2026-09-29 02:50:00
15|15|San Lorenzo|4326|1502957|2957|2026-09-29 02:50:00
15|15|Santo Domingo|4326|1502958|2958|2026-09-29 02:50:00
15|15|Natividad|4326|1502959|2959|2026-09-29 02:50:00
15|15|San Pedro|4326|1502960|2960|2026-09-29 02:50:00
15|15|San Bartolo|4326|1502961|2961|2026-09-29 02:50:00
15|64|Tlecuilco|4326|1502978|2978|2026-09-29 02:50:00
15|64|El Ahuehuete|4326|1502979|2979|2026-09-29 02:50:00
15|64|El Rincon De Las Bugambilias|4326|1502981|2981|2026-09-29 02:50:00
15|64|Reforma Agraria|4326|1502985|2985|2026-09-29 02:50:00
15|64|La Cienega|4326|1502986|2986|2026-09-29 02:50:00
15|64|La Haciendita|4326|1502987|2987|2026-09-29 02:50:00
15|64|El Puente|4326|1502990|2990|2026-09-29 02:50:00
15|64|Cinco Caminos|4326|1502991|2991|2026-09-29 02:50:00
15|64|Santa Monica|4326|1502992|2992|2026-09-29 02:50:00
15|64|Tepetzingo|4326|1502995|2995|2026-09-29 02:50:00
15|64|Santa Ana|4326|1502998|2998|2026-09-29 02:50:00
15|64|La Pastoria|4326|1503002|3002|2026-09-29 02:50:00
15|64|Santa Maria|4326|1503004|3004|2026-09-29 02:50:00
15|64|San Sebastian|4326|1503005|3005|2026-09-29 02:50:00
15|64|Ocuilan De Arteaga|4326|1503008|3008|2026-09-29 02:50:00
15|64|La Herradura|4326|1503010|3010|2026-09-29 02:50:00
15|64|Las Trojes|4326|1503012|3012|2026-09-29 02:50:00
15|64|El Capulin|4326|1503013|3013|2026-09-29 02:50:00
15|64|El Totoc|4326|1503016|3016|2026-09-29 02:50:00
15|64|Lomas De Teocaltzingo|4326|1503018|3018|2026-09-29 02:50:00
15|64|Nativitas|4326|1503019|3019|2026-09-29 02:50:00
15|64|San Juan Atzingo|4326|1503020|3020|2026-09-29 02:50:00
15|64|Dr Gustavo Baz|4326|1503023|3023|2026-09-29 02:50:00
15|64|Santa Lucia Del Progreso|4326|1503026|3026|2026-09-29 02:50:00
15|64|Coyoltepec|4326|1503028|3028|2026-09-29 02:50:00
15|64|La Esperanza|4326|1503037|3037|2026-09-29 02:50:00
15|102|San Bartolo Del Progreso|4326|1503041|3041|2026-09-29 02:50:00
15|102|Tlacuitlapa|4326|1503042|3042|2026-09-29 02:50:00
15|102|San Lorenzo Huehuetitlan|4326|1503046|3046|2026-09-29 02:50:00
15|99|Texcalyacac|4326|1503051|3051|2026-09-29 02:50:00
15|15|San Martin|4326|1503101|3101|2026-09-29 02:50:00
15|15|San Jacinto|4326|1503102|3102|2026-09-29 02:50:00
15|15|Santiago|4326|1503103|3103|2026-09-29 02:50:00
15|69|Huamantla De Tizapa|4326|1503104|3104|2026-09-29 02:50:00
15|53|San Nicolas|4326|1503137|3137|2026-09-29 02:50:00
15|53|San Sebastian|4326|1503141|3141|2026-09-29 02:50:00
15|64|Tlatempa|4326|1503220|3220|2026-09-29 02:50:00
15|64|Ahuatenco|4326|1503221|3221|2026-09-29 02:50:00
15|64|Ajuchitlan|4326|1503223|3223|2026-09-29 02:50:00
15|64|La Lagunita|4326|1503225|3225|2026-09-29 02:50:00
15|53|El Puente Caporal|4326|1503226|3226|2026-09-29 02:50:00
15|64|Los Manantiales|4326|1503229|3229|2026-09-29 02:50:00
15|64|Plaza Nueva|4326|1503230|3230|2026-09-29 02:50:00
15|64|Chalmita|4326|1503231|3231|2026-09-29 02:50:00
15|64|El Canal|4326|1503232|3232|2026-09-29 02:50:00
15|53|Las Guitarras|4326|1503234|3234|2026-09-29 02:50:00
15|102|Atlantlapac|4326|1503573|3573|2026-09-29 02:50:00
15|15|San Juan Tepecoculco|4326|1503615|3615|2026-09-29 02:50:00
15|51|Calayuco|4326|1503623|3623|2026-09-29 02:50:00
15|9|Caltenco|4326|1503624|3624|2026-09-29 02:50:00
15|69|Del Coyote|4326|1503658|3658|2026-09-29 02:50:00
15|95|Texcalera|4326|1503659|3659|2026-09-29 02:50:00
15|53|Amate Amarillo|4326|1503713|3713|2026-09-29 02:50:00
15|9|El Ocotal|4326|1504031|4031|2026-09-29 02:50:00
15|53|Chalma|4326|1504039|4039|2026-09-29 02:50:00
15|102|La Lagunilla|4326|1504041|4041|2026-09-29 02:50:00
15|102|Chiquispac|4326|1504042|4042|2026-09-29 02:50:00
15|102|Villa De San Nicols Coatepec De Las Bateas|4326|1504044|4044|2026-09-29 02:50:00
15|17|Centro|4326|1504556|4556|2026-09-29 02:50:00
15|9|Magisterial Sacromonte|4326|1504724|4724|2026-09-29 02:50:00
15|53|Club De Golf De Malinalco|4326|1504882|4882|2026-09-29 02:50:00
15|9|San Pedro Nexapa|4326|1505767|5767|2026-09-29 02:50:00
15|69|Ozumba|4326|1507117|7117|2026-09-29 02:50:00
15|64|San Isidro|4326|1507282|7282|2026-09-29 02:50:00
15|64|Pueblo Nuevo|4326|1507283|7283|2026-09-29 02:50:00
15|102|Ahuatenco|4326|1507307|7307|2026-09-29 02:50:00
15|51|San Matias Cuijingo|4326|1507331|7331|2026-09-29 02:50:00
15|51|La Rosita|4326|1507332|7332|2026-09-29 02:50:00
22|1|La Muralla|4326|2200195|195|2026-09-29 02:50:00
22|1|La Primavera (buenos Aires)|4326|2201083|1083|2026-09-29 02:50:00
22|1|La Perita|4326|2201084|1084|2026-09-29 02:50:00
22|1|Jardines Del Bosque|4326|2201085|1085|2026-09-29 02:50:00
22|1|Cerro De Los Gallos|4326|2201086|1086|2026-09-29 02:50:00
22|1|Los Miradores|4326|2201087|1087|2026-09-29 02:50:00
22|1|San Higinio|4326|2201088|1088|2026-09-29 02:50:00
22|1|Balcones De Amealco|4326|2201089|1089|2026-09-29 02:50:00
22|1|El Vicario|4326|2201090|1090|2026-09-29 02:50:00
22|1|Vista Real|4326|2201091|1091|2026-09-29 02:50:00
22|1|Las Americas 2a Seccion|4326|2201092|1092|2026-09-29 02:50:00
22|1|Las Animas|4326|2201093|1093|2026-09-29 02:50:00
22|1|La Mora|4326|2201094|1094|2026-09-29 02:50:00
22|1|San Martin|4326|2201095|1095|2026-09-29 02:50:00
22|1|Aguadores|4326|2201096|1096|2026-09-29 02:50:00
22|1|La Cruz|4326|2201097|1097|2026-09-29 02:50:00
22|1|El Fresno|4326|2201098|1098|2026-09-29 02:50:00
22|1|Las Delicias|4326|2201099|1099|2026-09-29 02:50:00
22|1|Lomas De San Higinio|4326|2201100|1100|2026-09-29 02:50:00
22|1|Cerro De Los Gallos|4326|2201101|1101|2026-09-29 02:50:00
22|1|Las Americas (la Haciendita)|4326|2201102|1102|2026-09-29 02:50:00
22|1|Los Argueta|4326|2201103|1103|2026-09-29 02:50:00
22|1|Las Delicias|4326|2201104|1104|2026-09-29 02:50:00
22|1|Rinconada De Bonfil|4326|2201105|1105|2026-09-29 02:50:00
22|1|Los Duraznos|4326|2201106|1106|2026-09-29 02:50:00
22|1|Las Americas|4326|2201107|1107|2026-09-29 02:50:00
22|1|El Pinar|4326|2201108|1108|2026-09-29 02:50:00
22|1|La Isla|4326|2201109|1109|2026-09-29 02:50:00
22|1|Vista Hermosa|4326|2201110|1110|2026-09-29 02:50:00
22|1|Rinconada La Perita|4326|2201111|1111|2026-09-29 02:50:00
22|1|Colonia Mexico|4326|2201355|1355|2026-09-29 02:50:00
22|1|Loma Del Tejocote|4326|2201931|1931|2026-09-29 02:50:00
22|1|Las Salvas|4326|2201932|1932|2026-09-29 02:50:00
22|1|Chiteje De Garabato|4326|2201933|1933|2026-09-29 02:50:00
22|16|Tuna Mansa|4326|2202023|2023|2026-09-29 02:50:00
22|16|Pueblo Nuevo|4326|2203051|3051|2026-09-29 02:50:00
22|16|San Sebastian De Las Barrancas Seccion Sur|4326|2203052|3052|2026-09-29 02:50:00
22|16|San Sebastian De Las Barrancas Seccion Norte|4326|2203054|3054|2026-09-29 02:50:00
22|1|Nuevo Amanecer|4326|2203743|3743|2026-09-29 02:50:00
22|1|Bosdha|4326|2203744|3744|2026-09-29 02:50:00
22|1|Centro|4326|2203745|3745|2026-09-29 02:50:00
22|1|Antiguo Barrio De San Lazaro|4326|2203746|3746|2026-09-29 02:50:00
22|1|Parques De San Miguel|4326|2203747|3747|2026-09-29 02:50:00
15|61|Libertad|4326|1500001|1|2026-09-29 02:50:00
15|14|San Felipe Pueblo Nuevo|4326|1500002|2|2026-09-29 02:50:00
15|49|Los Reyes|4326|1500003|3|2026-09-29 02:50:00
15|49|Mavoro|4326|1500004|4|2026-09-29 02:50:00
15|14|San Antonio Enchisi|4326|1500005|5|2026-09-29 02:50:00
15|14|San Francisco Chalchihuapan|4326|1500006|6|2026-09-29 02:50:00
15|14|San Pedro Del Rosal|4326|1500007|7|2026-09-29 02:50:00
15|14|El Salto|4326|1500008|8|2026-09-29 02:50:00
15|14|San Pablo Atotonilco|4326|1500009|9|2026-09-29 02:50:00
15|14|San Jose Del Tunal|4326|1500010|10|2026-09-29 02:50:00
15|14|Santa Cruz Bombatevi|4326|1500011|11|2026-09-29 02:50:00
15|61|Sitio 217|4326|1500012|12|2026-09-29 02:50:00
15|61|Bosques De La Colmena - Ampliacion Granjas De Guadalupe|4326|1500013|13|2026-09-29 02:50:00
15|61|Loma De La Cruz|4326|1500014|14|2026-09-29 02:50:00
15|61|Colmena Centro|4326|1500015|15|2026-09-29 02:50:00
15|61|Granjas Guadalupe|4326|1500016|16|2026-09-29 02:50:00
15|61|Ampliacion Granjas Guadalupe|4326|1500017|17|2026-09-29 02:50:00
15|61|Boulevares Del Lago|4326|1500018|18|2026-09-29 02:50:00
15|61|Arcoiris|4326|1500019|19|2026-09-29 02:50:00
15|61|Vista Verde|4326|1500020|20|2026-09-29 02:50:00
15|61|Clara Cordova Moran|4326|1500021|21|2026-09-29 02:50:00
15|61|Campestre Liberacion|4326|1500022|22|2026-09-29 02:50:00
15|61|Balcones De Juarez|4326|1500033|33|2026-09-29 02:50:00
15|61|Himno Nacional|4326|1500035|35|2026-09-29 02:50:00
15|61|Hidalgo|4326|1500036|36|2026-09-29 02:50:00
15|61|Santa Anita|4326|1500037|37|2026-09-29 02:50:00
15|61|Doctor Ignacio Capetillo|4326|1500038|38|2026-09-29 02:50:00
15|61|Vicente Guerrero|4326|1500039|39|2026-09-29 02:50:00
15|61|El Gavillero|4326|1500042|42|2026-09-29 02:50:00
15|61|Transfiguracion|4326|1500043|43|2026-09-29 02:50:00
15|61|El Mirador|4326|1500044|44|2026-09-29 02:50:00
15|61|San Francisco Magu|4326|1500045|45|2026-09-29 02:50:00
15|61|Barrio De La Luz|4326|1500046|46|2026-09-29 02:50:00
15|61|El Esclavo|4326|1500047|47|2026-09-29 02:50:00
15|61|Puerto Magu|4326|1500048|48|2026-09-29 02:50:00
15|61|San Juan De Las Tablas|4326|1500049|49|2026-09-29 02:50:00
15|61|Jorge Jimenez Cantu|4326|1500050|50|2026-09-29 02:50:00
15|61|Colinas De Montebello|4326|1500051|51|2026-09-29 02:50:00
15|61|Independencia|4326|1500052|52|2026-09-29 02:50:00
15|61|Zaragoza|4326|1500053|53|2026-09-29 02:50:00
15|61|Joya Del Tejocote|4326|1500054|54|2026-09-29 02:50:00
15|61|San Pablo De La Cruz|4326|1500055|55|2026-09-29 02:50:00
15|61|Loma Larga|4326|1500056|56|2026-09-29 02:50:00
15|61|Infonavit La Concepcion|4326|1500057|57|2026-09-29 02:50:00
15|61|Villas Del Bosque|4326|1500058|58|2026-09-29 02:50:00
15|61|Ampliacion Morelos|4326|1500059|59|2026-09-29 02:50:00
15|61|Los Tubos|4326|1500060|60|2026-09-29 02:50:00
15|92|San Bartolo|4326|1500061|61|2026-09-29 02:50:00
15|92|Venecia|4326|1500062|62|2026-09-29 02:50:00
15|96|Las Animas|4326|1500063|63|2026-09-29 02:50:00
15|96|Ricardo Flores Magon|4326|1500064|64|2026-09-29 02:50:00
15|96|La Lumbrera|4326|1500065|65|2026-09-29 02:50:00
15|96|Loma Bonita|4326|1500066|66|2026-09-29 02:50:00
15|96|San Martin|4326|1500067|67|2026-09-29 02:50:00
15|96|Los Alamos|4326|1500068|68|2026-09-29 02:50:00
15|96|Tepotzotlan|4326|1500069|69|2026-09-29 02:50:00
15|96|Capula|4326|1500070|70|2026-09-29 02:50:00
15|96|San Mateo Xoloc|4326|1500071|71|2026-09-29 02:50:00
15|96|La Luz|4326|1500072|72|2026-09-29 02:50:00
15|96|La Concepcion|4326|1500073|73|2026-09-29 02:50:00
15|96|Santiago Cuautlalpan|4326|1500074|74|2026-09-29 02:50:00
15|113|Monte De Pe?a|4326|1500075|75|2026-09-29 02:50:00
15|96|Granjas Hogar|4326|1500076|76|2026-09-29 02:50:00
15|96|Ca?ada De Cisneros|4326|1500077|77|2026-09-29 02:50:00
15|96|Las Caba?as|4326|1500078|78|2026-09-29 02:50:00
15|113|San Martin Cachihuapan|4326|1500079|79|2026-09-29 02:50:00
15|113|Loma Alta|4326|1500080|80|2026-09-29 02:50:00
15|61|Loma De Guadalupe|4326|1500081|81|2026-09-29 02:50:00
15|113|San Lucas|4326|1500082|82|2026-09-29 02:50:00
15|61|San Jose El Vidrio|4326|1500083|83|2026-09-29 02:50:00
15|113|Barrio El Plan San Jeronimo|4326|1500084|84|2026-09-29 02:50:00
15|113|Magisterial|4326|1500085|85|2026-09-29 02:50:00
15|113|La Bellota|4326|1500086|86|2026-09-29 02:50:00
15|113|Los Gutierrez|4326|1500087|87|2026-09-29 02:50:00
15|113|Villa Del Carbon|4326|1500088|88|2026-09-29 02:50:00
15|113|Barrio San Jeronimo Zacapexco|4326|1500089|89|2026-09-29 02:50:00
15|14|Rio Lerma|4326|1500090|90|2026-09-29 02:50:00
15|113|El Llano De Zacapexco|4326|1500091|91|2026-09-29 02:50:00
15|14|San Lorenzo Tlacotepec|4326|1500092|92|2026-09-29 02:50:00
15|113|La Esperanza|4326|1500093|93|2026-09-29 02:50:00
15|48|Colonia Benito Juarez Loma De Hidalgo|4326|1500094|94|2026-09-29 02:50:00
15|48|Loma De San Felipe Santiago|4326|1500095|95|2026-09-29 02:50:00
15|14|Bombatevi Ejido|4326|1500096|96|2026-09-29 02:50:00
15|113|El Ocotal|4326|1500097|97|2026-09-29 02:50:00
15|48|Ejido Llano Grande|4326|1500098|98|2026-09-29 02:50:00
15|113|Nuevo|4326|1500099|99|2026-09-29 02:50:00
15|14|La Palma|4326|1500100|100|2026-09-29 02:50:00
15|14|La Mesa De Chosto|4326|1500101|101|2026-09-29 02:50:00
15|14|Santo Domingo Shomeje|4326|1500102|102|2026-09-29 02:50:00
15|113|Campestre Residencial|4326|1500103|103|2026-09-29 02:50:00
15|14|San Bartolo Lanzados|4326|1500104|104|2026-09-29 02:50:00
15|113|La Cruz Y Carrizal|4326|1500105|105|2026-09-29 02:50:00
15|48|Manzana Quinta|4326|1500106|106|2026-09-29 02:50:00
15|48|San Miguel Yuxtepec|4326|1500107|107|2026-09-29 02:50:00
15|113|Loma Alta Taxhimay|4326|1500108|108|2026-09-29 02:50:00
15|113|San Luis Taxhimay|4326|1500109|109|2026-09-29 02:50:00
15|113|Las Golondrinas|4326|1500110|110|2026-09-29 02:50:00
15|48|Alegre|4326|1500111|111|2026-09-29 02:50:00
15|48|Loma De Malacota|4326|1500112|112|2026-09-29 02:50:00
15|49|Santiago Casandeje|4326|1500113|113|2026-09-29 02:50:00
15|65|Pueblo Nuevo De Los Angeles|4326|1500114|114|2026-09-29 02:50:00
15|65|Adolfo Lopez Mateos|4326|1500115|115|2026-09-29 02:50:00
15|65|La Jordana|4326|1500116|116|2026-09-29 02:50:00
15|86|Pastores|4326|1500117|117|2026-09-29 02:50:00
15|86|San Pedro El Alto|4326|1500118|118|2026-09-29 02:50:00
15|86|El Rodeo|4326|1500119|119|2026-09-29 02:50:00
15|86|Nuevo Solis|4326|1500120|120|2026-09-29 02:50:00
15|86|Juanacatlan|4326|1500121|121|2026-09-29 02:50:00
15|86|San Francisco Solis|4326|1500122|122|2026-09-29 02:50:00
15|14|Manto Del Rio Pueblo|4326|1500123|123|2026-09-29 02:50:00
15|14|Manto Del Rio|4326|1500124|124|2026-09-29 02:50:00
15|86|San Pedro Potla|4326|1500125|125|2026-09-29 02:50:00
15|86|San Pedro Potla Segundo Barrio|4326|1500126|126|2026-09-29 02:50:00
15|86|San Pedro Potla Tercer Barrio|4326|1500127|127|2026-09-29 02:50:00
15|86|San Pedro Potla Ejido|4326|1500128|128|2026-09-29 02:50:00
15|86|San Francisco Tepeolulco|4326|1500129|129|2026-09-29 02:50:00
15|103|Ocampo|4326|1500130|130|2026-09-29 02:50:00
15|86|San Francisco Tepeolulco Segunda Barrio|4326|1500131|131|2026-09-29 02:50:00
15|86|San Francisco Tepeolulco Primer Barrio|4326|1500132|132|2026-09-29 02:50:00
15|86|Santa Ana Yenshu La Mesa|4326|1500133|133|2026-09-29 02:50:00
15|86|San Juanico El Alto|4326|1500134|134|2026-09-29 02:50:00
15|86|San Juanico Centro|4326|1500135|135|2026-09-29 02:50:00
15|86|Santa Maria Canchesda|4326|1500136|136|2026-09-29 02:50:00
15|86|Boqui Santiago Coachochitlan|4326|1500137|137|2026-09-29 02:50:00
15|86|Santiago Coachochitlan|4326|1500138|138|2026-09-29 02:50:00
15|86|El Rincon|4326|1500139|139|2026-09-29 02:50:00
15|103|Huapango|4326|1500140|140|2026-09-29 02:50:00
15|86|Centro|4326|1500141|141|2026-09-29 02:50:00
15|27|Cadenqui|4326|1500142|142|2026-09-29 02:50:00
15|86|Barrio El Puente|4326|1500143|143|2026-09-29 02:50:00
15|27|Primero Seccion Centro|4326|1500144|144|2026-09-29 02:50:00
15|27|Bonxhi|4326|1500145|145|2026-09-29 02:50:00
15|27|San Gabriel|4326|1500146|146|2026-09-29 02:50:00
15|27|El Quinte|4326|1500147|147|2026-09-29 02:50:00
15|48|Loma Hermosa|4326|1500148|148|2026-09-29 02:50:00
15|48|Colonia Benito Jurez, San Felipe Y Santiago|4326|1500149|149|2026-09-29 02:50:00
15|48|La Nopalera|4326|1500150|150|2026-09-29 02:50:00
15|57|San Lorenzo Malacota|4326|1500151|151|2026-09-29 02:50:00
15|57|Santa Clara De Juarez|4326|1500152|152|2026-09-29 02:50:00
15|27|Tenjay|4326|1500153|153|2026-09-29 02:50:00
15|27|La Esperanza|4326|1500154|154|2026-09-29 02:50:00
15|27|La Mora|4326|1500155|155|2026-09-29 02:50:00
15|1|Pueblo Nuevo Barrio I|4326|1500156|156|2026-09-29 02:50:00
15|1|Boshindo|4326|1500157|157|2026-09-29 02:50:00
15|1|San Ildefonso Yolotepec|4326|1500158|158|2026-09-29 02:50:00
15|1|Profesor Manuel Hinojosa Juarez|4326|1500159|159|2026-09-29 02:50:00
15|1|Bovini|4326|1500160|160|2026-09-29 02:50:00
15|1|La Huerta|4326|1500161|161|2026-09-29 02:50:00
15|1|Mado Sector I|4326|1500162|162|2026-09-29 02:50:00
15|46|La Quinta|4326|1500163|163|2026-09-29 02:50:00
15|46|Octeyuco 2000|4326|1500164|164|2026-09-29 02:50:00
15|92|San Juan|4326|1500165|165|2026-09-29 02:50:00
15|92|La Providencia|4326|1500166|166|2026-09-29 02:50:00
15|92|Agricola Santo Tomas|4326|1500167|167|2026-09-29 02:50:00
15|23|La Planada|4326|1500168|168|2026-09-29 02:50:00
15|23|Santa Barbara|4326|1500169|169|2026-09-29 02:50:00
15|36|Santiago Tlaltepoxco|4326|1500170|170|2026-09-29 02:50:00
15|36|Ciudad Santa Teresa I|4326|1500171|171|2026-09-29 02:50:00
15|36|Ciudad Santa Teresa Ii|4326|1500172|172|2026-09-29 02:50:00
15|36|La Ca?ada|4326|1500173|173|2026-09-29 02:50:00
15|36|Casa Nueva|4326|1500174|174|2026-09-29 02:50:00
15|36|Jardines De Huehuetoca|4326|1500175|175|2026-09-29 02:50:00
15|86|Barrio De Andaro|4326|1500176|176|2026-09-29 02:50:00
15|36|Centro|4326|1500177|177|2026-09-29 02:50:00
15|36|Ex  Hacienda De Xalpa|4326|1500178|178|2026-09-29 02:50:00
15|86|Barrio De Corona|4326|1500179|179|2026-09-29 02:50:00
15|97|Wenceslao Labra|4326|1500180|180|2026-09-29 02:50:00
15|86|Puruahua|4326|1500181|181|2026-09-29 02:50:00
15|86|Bonsho|4326|1500182|182|2026-09-29 02:50:00
15|97|El Sol|4326|1500183|183|2026-09-29 02:50:00
15|97|San Mateo|4326|1500184|184|2026-09-29 02:50:00
15|97|El Vije|4326|1500185|185|2026-09-29 02:50:00
15|86|Maro|4326|1500186|186|2026-09-29 02:50:00
15|86|La Magdalena|4326|1500187|187|2026-09-29 02:50:00
15|97|Ejidal Adolfo Lopez Mateos|4326|1500188|188|2026-09-29 02:50:00
15|86|La Magdalena|4326|1500189|189|2026-09-29 02:50:00
15|97|Monte Alto|4326|1500190|190|2026-09-29 02:50:00
15|86|Ahuacatitlan Primer Cuartel|4326|1500191|191|2026-09-29 02:50:00
15|10|Santa Maria|4326|1500192|192|2026-09-29 02:50:00
15|86|Ahuacatitlan Cuarto Cuartel|4326|1500193|193|2026-09-29 02:50:00
15|10|El Pixcuay|4326|1500194|194|2026-09-29 02:50:00
15|86|Cerritos De Cardenas|4326|1500195|195|2026-09-29 02:50:00
15|10|Perez De Galeana|4326|1500196|196|2026-09-29 02:50:00
15|86|Calderas|4326|1500197|197|2026-09-29 02:50:00
15|86|San Nicolas Solis|4326|1500198|198|2026-09-29 02:50:00
15|86|Solis Ex-hacienda|4326|1500199|199|2026-09-29 02:50:00
15|10|Loma Bonita|4326|1500200|200|2026-09-29 02:50:00
15|46|Magisterio Estatal|4326|1500201|201|2026-09-29 02:50:00
15|46|Issemym|4326|1500202|202|2026-09-29 02:50:00
15|86|San Miguel Solis|4326|1500203|203|2026-09-29 02:50:00
15|10|Industrial - La Estacion|4326|1500204|204|2026-09-29 02:50:00
15|86|San Jose Solis|4326|1500205|205|2026-09-29 02:50:00
15|86|Santa Rosa Solis|4326|1500206|206|2026-09-29 02:50:00
15|46|El Jaguey|4326|1500207|207|2026-09-29 02:50:00
15|86|San Antonio Solis|4326|1500208|208|2026-09-29 02:50:00
15|10|El Mirador|4326|1500209|209|2026-09-29 02:50:00
15|80|La Providencia|4326|1500210|210|2026-09-29 02:50:00
15|10|La Providencia|4326|1500211|211|2026-09-29 02:50:00
15|10|Juarez|4326|1500212|212|2026-09-29 02:50:00
15|10|Coyotillos|4326|1500213|213|2026-09-29 02:50:00
15|113|Barrio Los Encinos|4326|1500214|214|2026-09-29 02:50:00
15|3|Las Lajas|4326|1500215|215|2026-09-29 02:50:00
15|3|El Colorado|4326|1500216|216|2026-09-29 02:50:00
15|3|Santa Maria Nativitas|4326|1500217|217|2026-09-29 02:50:00
15|3|Aculco De Espinoza|4326|1500218|218|2026-09-29 02:50:00
15|72|San Antonio Polotitlan|4326|1500219|219|2026-09-29 02:50:00
15|72|Centro|4326|1500220|220|2026-09-29 02:50:00
15|1|La Loma|4326|1500221|221|2026-09-29 02:50:00
15|1|San Francisco Shaxni|4326|1500222|222|2026-09-29 02:50:00
15|75|Guadalupe|4326|1500223|223|2026-09-29 02:50:00
15|75|Ejidal|4326|1500224|224|2026-09-29 02:50:00
15|75|El Obraje|4326|1500225|225|2026-09-29 02:50:00
15|75|San Pablo Tlalchichilpa|4326|1500226|226|2026-09-29 02:50:00
15|75|Barrio La Era San Pablo Tlalchichilpa|4326|1500227|227|2026-09-29 02:50:00
15|75|San Francisco Tlalchilpa|4326|1500228|228|2026-09-29 02:50:00
15|75|Rincon De Los Pirules|4326|1500229|229|2026-09-29 02:50:00
15|75|Santa Rita De La Cuesta|4326|1500230|230|2026-09-29 02:50:00
15|93|Atlatongo|4326|1500231|231|2026-09-29 02:50:00
15|2|Centro|4326|1500232|232|2026-09-29 02:50:00
15|2|Santa Catarina|4326|1500233|233|2026-09-29 02:50:00
15|2|Tepexpan Centro|4326|1500234|234|2026-09-29 02:50:00
15|2|La Lola|4326|1500235|235|2026-09-29 02:50:00
15|109|Trigotenco|4326|1500236|236|2026-09-29 02:50:00
15|2|Granjas Familiares|4326|1500237|237|2026-09-29 02:50:00
15|2|Lagunilla|4326|1500238|238|2026-09-29 02:50:00
15|2|Chimalpa|4326|1500239|239|2026-09-29 02:50:00
15|109|Xacopinca|4326|1500240|240|2026-09-29 02:50:00
15|109|San Martin Calvario|4326|1500242|242|2026-09-29 02:50:00
15|109|San Juan Xocotla|4326|1500243|243|2026-09-29 02:50:00
15|2|Cuanalan|4326|1500244|244|2026-09-29 02:50:00
15|109|San Rafael|4326|1500245|245|2026-09-29 02:50:00
15|2|Tetexcala|4326|1500246|246|2026-09-29 02:50:00
15|119|El Barrial|4326|1500247|247|2026-09-29 02:50:00
15|119|San Pedro Tejalpa|4326|1500248|248|2026-09-29 02:50:00
15|2|San Francisco Zacango|4326|1500249|249|2026-09-29 02:50:00
15|119|Loma De San Francisco|4326|1500250|250|2026-09-29 02:50:00
15|109|San Antonio Xahuento|4326|1500251|251|2026-09-29 02:50:00
15|2|Pilares|4326|1500252|252|2026-09-29 02:50:00
15|119|Morelos|4326|1500253|253|2026-09-29 02:50:00
15|119|Santa Cruz Cuauhtenco|4326|1500254|254|2026-09-29 02:50:00
15|109|Vicente Suarez|4326|1500255|255|2026-09-29 02:50:00
15|109|San Antonio El Cuadro|4326|1500256|256|2026-09-29 02:50:00
15|119|San Juan De Las Huertas|4326|1500257|257|2026-09-29 02:50:00
15|109|Centro|4326|1500258|258|2026-09-29 02:50:00
15|11|Santa Gertrudis|4326|1500259|259|2026-09-29 02:50:00
15|109|El Carmen|4326|1500260|260|2026-09-29 02:50:00
15|11|Pblo San Francisco  Acuexcomac - Col La Noria|4326|1500261|261|2026-09-29 02:50:00
15|11|Pblo San Francisco  Acuexcomac - Col El Potrero|4326|1500262|262|2026-09-29 02:50:00
15|11|San Francisco Acuexcomac|4326|1500263|263|2026-09-29 02:50:00
15|109|Santa Isabel|4326|1500264|264|2026-09-29 02:50:00
15|11|San Salvador Acuexcomac - Acuexcomac|4326|1500265|265|2026-09-29 02:50:00
15|109|San Miguel Otlica|4326|1500266|266|2026-09-29 02:50:00
15|29|San Francisco|4326|1500267|267|2026-09-29 02:50:00
15|29|Huitznahuac - Huisinahuac - San Andres Chiautla|4326|1500268|268|2026-09-29 02:50:00
15|31|El Arojo|4326|1500269|269|2026-09-29 02:50:00
15|31|San Miguel|4326|1500270|270|2026-09-29 02:50:00
15|31|Emiliano Zapata|4326|1500271|271|2026-09-29 02:50:00
15|31|Las Joyas - Santa Maria|4326|1500272|272|2026-09-29 02:50:00
15|31|Santa Maria|4326|1500273|273|2026-09-29 02:50:00
15|11|Zapotlan|4326|1500275|275|2026-09-29 02:50:00
15|119|Tejalpa|4326|1500276|276|2026-09-29 02:50:00
15|119|Raices|4326|1500277|277|2026-09-29 02:50:00
15|11|San Fermin|4326|1500278|278|2026-09-29 02:50:00
15|119|El Contadero De Matamoros|4326|1500279|279|2026-09-29 02:50:00
15|11|El Cristo|4326|1500280|280|2026-09-29 02:50:00
15|31|San Cristobal|4326|1500281|281|2026-09-29 02:50:00
15|31|Xochimilco|4326|1500282|282|2026-09-29 02:50:00
15|31|San Pedro|4326|1500283|283|2026-09-29 02:50:00
15|31|El Mamut|4326|1500284|284|2026-09-29 02:50:00
15|107|La Toscana|4326|1500285|285|2026-09-29 02:50:00
15|1|Las Arenas|4326|1500286|286|2026-09-29 02:50:00
15|1|Mado Sector Ii|4326|1500287|287|2026-09-29 02:50:00
15|107|Gran Morada|4326|1500290|290|2026-09-29 02:50:00
15|108|Ojo De Agua|4326|1500291|291|2026-09-29 02:50:00
15|107|Jardines De Messina|4326|1500292|292|2026-09-29 02:50:00
15|20|San Diego|4326|1500293|293|2026-09-29 02:50:00
15|92|San Antonio|4326|1500304|304|2026-09-29 02:50:00
15|113|El Temazcal|4326|1500305|305|2026-09-29 02:50:00
15|92|Santa Rosa|4326|1500306|306|2026-09-29 02:50:00
15|2|San Jose|4326|1500307|307|2026-09-29 02:50:00
15|121|Portales De San Juan|4326|1500308|308|2026-09-29 02:50:00
15|31|Tabla Belis|4326|1500309|309|2026-09-29 02:50:00
15|29|San Andres Chiautla 1|4326|1500310|310|2026-09-29 02:50:00
15|29|Los Pirules|4326|1500311|311|2026-09-29 02:50:00
15|29|Santiago Chimalpa|4326|1500312|312|2026-09-29 02:50:00
15|11|San Cristobal Nexquipayac|4326|1500313|313|2026-09-29 02:50:00
15|11|La Purisima - La Purisima Norte|4326|1500314|314|2026-09-29 02:50:00
15|29|San Lucas|4326|1500315|315|2026-09-29 02:50:00
15|109|Guadalupe Tlazintla|4326|1500316|316|2026-09-29 02:50:00
15|109|Mexico|4326|1500317|317|2026-09-29 02:50:00
15|109|La Piedad|4326|1500318|318|2026-09-29 02:50:00
15|109|La Morita|4326|1500319|319|2026-09-29 02:50:00
15|29|Tlaltecahuacan|4326|1500320|320|2026-09-29 02:50:00
15|109|La Cantera|4326|1500321|321|2026-09-29 02:50:00
15|29|San Bartolo Ixquitlan|4326|1500322|322|2026-09-29 02:50:00
15|109|Oxtoc|4326|1500323|323|2026-09-29 02:50:00
15|2|San Pedro Tepetitlan|4326|1500324|324|2026-09-29 02:50:00
15|109|La Cantera|4326|1500325|325|2026-09-29 02:50:00
15|2|Xometla|4326|1500326|326|2026-09-29 02:50:00
15|109|Jardines De Santa Cruz|4326|1500327|327|2026-09-29 02:50:00
15|109|Santa Rita|4326|1500328|328|2026-09-29 02:50:00
15|93|Santa Maria Maquixco|4326|1500329|329|2026-09-29 02:50:00
15|109|San Marcos|4326|1500331|331|2026-09-29 02:50:00
15|109|Las Brisas|4326|1500332|332|2026-09-29 02:50:00
15|109|Lomas De Tultepec|4326|1500333|333|2026-09-29 02:50:00
15|109|La Palma|4326|1500334|334|2026-09-29 02:50:00
15|93|San Francisco Mazapa|4326|1500335|335|2026-09-29 02:50:00
15|76|San Martin Centro|4326|1500336|336|2026-09-29 02:50:00
15|109|La Ca?ada|4326|1500337|337|2026-09-29 02:50:00
15|93|Purificacion|4326|1500338|338|2026-09-29 02:50:00
15|93|27|4326|1500339|339|2026-09-29 02:50:00
15|109|Emiquia|4326|1500340|340|2026-09-29 02:50:00
15|93|Centro|4326|1500341|341|2026-09-29 02:50:00
15|93|Villas De Teotihuacan|4326|1500342|342|2026-09-29 02:50:00
15|94|Tepetlaoxtoc Centro|4326|1500343|343|2026-09-29 02:50:00
15|94|Los Reyes Nopala|4326|1500344|344|2026-09-29 02:50:00
15|70|Chimalpa|4326|1500345|345|2026-09-29 02:50:00
15|70|Belem|4326|1500346|346|2026-09-29 02:50:00
15|94|Santiago Tepetlaoxtoc|4326|1500347|347|2026-09-29 02:50:00
15|94|Tulteca Teopan|4326|1500348|348|2026-09-29 02:50:00
15|70|Papalotla|4326|1500349|349|2026-09-29 02:50:00
15|29|San Juan|4326|1500350|350|2026-09-29 02:50:00
15|29|Arboledas|4326|1500351|351|2026-09-29 02:50:00
15|29|Residencial Arboledas|4326|1500352|352|2026-09-29 02:50:00
15|29|San Juan - San Andres Chiautla|4326|1500353|353|2026-09-29 02:50:00
15|29|Residencial San Andres|4326|1500354|354|2026-09-29 02:50:00
15|29|California|4326|1500355|355|2026-09-29 02:50:00
15|29|San Antonio|4326|1500356|356|2026-09-29 02:50:00
15|29|Jalapango|4326|1500357|357|2026-09-29 02:50:00
15|29|Guadalupe|4326|1500358|358|2026-09-29 02:50:00
15|29|De San Andres|4326|1500359|359|2026-09-29 02:50:00
15|11|De Los Ahuehuetes|4326|1500360|360|2026-09-29 02:50:00
15|11|San Salvador Atenco|4326|1500361|361|2026-09-29 02:50:00
15|11|La Trinidad|4326|1500363|363|2026-09-29 02:50:00
15|11|Francisco I Madero|4326|1500365|365|2026-09-29 02:50:00
15|76|San Antonio De Las Palmas|4326|1500368|368|2026-09-29 02:50:00
15|76|Tlachinolpa|4326|1500369|369|2026-09-29 02:50:00
15|76|Santa Maria Palapa|4326|1500370|370|2026-09-29 02:50:00
15|76|Alvaro Obregon|4326|1500371|371|2026-09-29 02:50:00
15|85|Santa Maria Maquixco|4326|1500372|372|2026-09-29 02:50:00
15|85|San Cristobal Colhuacan|4326|1500373|373|2026-09-29 02:50:00
15|66|Santiago Tolman|4326|1500374|374|2026-09-29 02:50:00
15|66|Oxtotipac|4326|1500375|375|2026-09-29 02:50:00
15|16|Tlamapa|4326|1500376|376|2026-09-29 02:50:00
15|16|Hueyapan|4326|1500377|377|2026-09-29 02:50:00
15|66|Tocuila Rancheria|4326|1500378|378|2026-09-29 02:50:00
15|66|San Francisco Tlaltica|4326|1500379|379|2026-09-29 02:50:00
15|66|Cuautlacingo|4326|1500380|380|2026-09-29 02:50:00
15|66|Otumba Centro|4326|1500381|381|2026-09-29 02:50:00
15|66|Tlalmimilolpan|4326|1500382|382|2026-09-29 02:50:00
15|66|Rancho Poyoxco|4326|1500383|383|2026-09-29 02:50:00
15|66|San Miguel Xolco|4326|1500384|384|2026-09-29 02:50:00
15|94|San Bernardo Tlalmimilolpan|4326|1500385|385|2026-09-29 02:50:00
15|94|San Andres De Las Peras|4326|1500386|386|2026-09-29 02:50:00
15|94|Santo Tomas Apipilhuasco|4326|1500387|387|2026-09-29 02:50:00
15|94|San Juan Totoloapan|4326|1500388|388|2026-09-29 02:50:00
15|66|San Marcos|4326|1500389|389|2026-09-29 02:50:00
15|66|Buenavista|4326|1500390|390|2026-09-29 02:50:00
15|16|Jaltepec|4326|1500391|391|2026-09-29 02:50:00
15|16|Atlatecuahutitlan|4326|1500392|392|2026-09-29 02:50:00
15|62|San Miguel Atepoxco|4326|1500393|393|2026-09-29 02:50:00
15|16|San Nicolas Tetepantla|4326|1500394|394|2026-09-29 02:50:00
15|16|Santo Domingo Aztacameca|4326|1500395|395|2026-09-29 02:50:00
15|16|San Pablo Xuchitl|4326|1500396|396|2026-09-29 02:50:00
15|93|Santiago Zacualuca|4326|1500397|397|2026-09-29 02:50:00
15|93|San Isidro Del Progreso|4326|1500398|398|2026-09-29 02:50:00
15|76|Tezompa|4326|1500399|399|2026-09-29 02:50:00
15|85|San Mateo Teopancala|4326|1500400|400|2026-09-29 02:50:00
15|85|Temascalapa Centro|4326|1500401|401|2026-09-29 02:50:00
15|62|Nopaltepec|4326|1500402|402|2026-09-29 02:50:00
15|16|San Miguel Ometusco|4326|1500403|403|2026-09-29 02:50:00
15|62|San Felipe Teotitlan|4326|1500404|404|2026-09-29 02:50:00
15|62|Venta De Cruz|4326|1500405|405|2026-09-29 02:50:00
15|16|Rancheria Zacatepec|4326|1500406|406|2026-09-29 02:50:00
15|16|San Antonio Coayuca|4326|1500407|407|2026-09-29 02:50:00
15|85|Ixtlahuaca De Cuauhtemoc|4326|1500408|408|2026-09-29 02:50:00
15|61|Los Manantiales|4326|1500409|409|2026-09-29 02:50:00
15|61|Xochinahuac|4326|1500410|410|2026-09-29 02:50:00
15|61|San Isidro La Paz|4326|1500411|411|2026-09-29 02:50:00
15|61|San Juan|4326|1500412|412|2026-09-29 02:50:00
15|61|Guadalupe|4326|1500413|413|2026-09-29 02:50:00
15|61|5 De Febrero|4326|1500414|414|2026-09-29 02:50:00
15|61|Buenavista|4326|1500415|415|2026-09-29 02:50:00
15|61|San Ildefonso|4326|1500416|416|2026-09-29 02:50:00
15|61|Vista Hermosa|4326|1500417|417|2026-09-29 02:50:00
15|61|El Globo|4326|1500418|418|2026-09-29 02:50:00
15|61|Vista Hermosa|4326|1500419|419|2026-09-29 02:50:00
15|61|Juarez|4326|1500420|420|2026-09-29 02:50:00
15|61|Centro|4326|1500421|421|2026-09-29 02:50:00
15|61|Villas De San Pedro|4326|1500422|422|2026-09-29 02:50:00
15|61|Santa Anita La Bolsa|4326|1500423|423|2026-09-29 02:50:00
15|61|Azotlan|4326|1500424|424|2026-09-29 02:50:00
15|61|Libertad|4326|1500425|425|2026-09-29 02:50:00
15|61|Nicolas Romero I|4326|1500426|426|2026-09-29 02:50:00
15|125|Pemex|4326|1500427|427|2026-09-29 02:50:00
15|125|Ampliacion Valle Verde|4326|1500428|428|2026-09-29 02:50:00
15|125|Valle Verde|4326|1500429|429|2026-09-29 02:50:00
15|100|Tehcuac|4326|1500430|430|2026-09-29 02:50:00
15|14|Seccion Ii|4326|1500431|431|2026-09-29 02:50:00
15|14|Seccion Iii|4326|1500432|432|2026-09-29 02:50:00
15|14|Seccion Iv|4326|1500433|433|2026-09-29 02:50:00
15|14|Seccion I|4326|1500434|434|2026-09-29 02:50:00
15|74|Ex Rancho San Dimas|4326|1500435|435|2026-09-29 02:50:00
15|82|Los Heroes Tecamac Ii Bosques Secc Ii|4326|1500436|436|2026-09-29 02:50:00
15|20|Conjunto Real De La Loma Ii|4326|1500437|437|2026-09-29 02:50:00
15|12|La Remolacha|4326|1500438|438|2026-09-29 02:50:00
15|36|Citara Cd Integral Huehuetoca|4326|1500439|439|2026-09-29 02:50:00
15|91|Acatzingo|4326|1500440|440|2026-09-29 02:50:00
15|91|Santa Cecilia|4326|1500441|441|2026-09-29 02:50:00
15|55|Foresta Crystal Lagoons|4326|1500442|442|2026-09-29 02:50:00
15|93|Comuneros|4326|1500443|443|2026-09-29 02:50:00
15|93|Cozotlan|4326|1500444|444|2026-09-29 02:50:00
15|77|La Joya|4326|1500445|445|2026-09-29 02:50:00
15|77|El Secreto|4326|1500446|446|2026-09-29 02:50:00
15|77|Rosedal|4326|1500447|447|2026-09-29 02:50:00
15|55|Oyameles Ii|4326|1500448|448|2026-09-29 02:50:00
15|55|Haus Metepec|4326|1500449|449|2026-09-29 02:50:00
15|55|Montjuic|4326|1500450|450|2026-09-29 02:50:00
15|107|Fuentes De San Jose|4326|1500451|451|2026-09-29 02:50:00
15|107|Valle De San Jose|4326|1500452|452|2026-09-29 02:50:00
15|91|San Juan Tepehuizco|4326|1500453|453|2026-09-29 02:50:00
15|103|Segunda Del Pueblo De Zaragoza|4326|1500454|454|2026-09-29 02:50:00
15|119|Residelcial Los Bosques|4326|1500455|455|2026-09-29 02:50:00
15|103|Tercera Del Pueblo De Zaragoza|4326|1500456|456|2026-09-29 02:50:00
15|91|Guadalupe|4326|1500457|457|2026-09-29 02:50:00
15|50|Paraje Ojo De Agua|4326|1500458|458|2026-09-29 02:50:00
15|52|Nueva Ameyalco|4326|1500459|459|2026-09-29 02:50:00
15|107|Santa Maria De Las Rosas|4326|1500460|460|2026-09-29 02:50:00
15|55|Rinconada Bellavista|4326|1500461|461|2026-09-29 02:50:00
15|55|Bosques De Metepec|4326|1500462|462|2026-09-29 02:50:00
15|55|Lomas De La Asuncion|4326|1500463|463|2026-09-29 02:50:00
15|55|Palma Real Iii|4326|1500464|464|2026-09-29 02:50:00
15|55|La Cascada|4326|1500465|465|2026-09-29 02:50:00
15|111|Barrio De Guadalupe|4326|1500466|466|2026-09-29 02:50:00
15|111|Santa Maria Ahuacatlan|4326|1500467|467|2026-09-29 02:50:00
15|107|De Zopilocalco|4326|1500468|468|2026-09-29 02:50:00
15|111|Agua Fria|4326|1500469|469|2026-09-29 02:50:00
15|111|El Calvario|4326|1500471|471|2026-09-29 02:50:00
15|107|Rancho La Mora|4326|1500472|472|2026-09-29 02:50:00
15|107|Bosques La Mora|4326|1500473|473|2026-09-29 02:50:00
15|107|Priv Villas La Mora|4326|1500474|474|2026-09-29 02:50:00
15|111|Barranca Seca|4326|1500475|475|2026-09-29 02:50:00
15|26|San Pablo Atlazalpan|4326|1500476|476|2026-09-29 02:50:00
15|107|Bosque De La Mora|4326|1500477|477|2026-09-29 02:50:00
15|107|Rincon Del Bosque|4326|1500478|478|2026-09-29 02:50:00
15|111|Centro|4326|1500479|479|2026-09-29 02:50:00
15|107|Cipreses I|4326|1500480|480|2026-09-29 02:50:00
15|26|Las Candelarias|4326|1500481|481|2026-09-29 02:50:00
15|30|Bonito El Manzano|4326|1500482|482|2026-09-29 02:50:00
15|107|Cipreses Ii|4326|1500483|483|2026-09-29 02:50:00
15|26|San Pedro|4326|1500484|484|2026-09-29 02:50:00
15|30|2 De Marzo|4326|1500485|485|2026-09-29 02:50:00
15|107|Azaleas|4326|1500486|486|2026-09-29 02:50:00
15|107|Valle De Santiago|4326|1500487|487|2026-09-29 02:50:00
15|30|Presidentes|4326|1500488|488|2026-09-29 02:50:00
15|26|Capultitla|4326|1500489|489|2026-09-29 02:50:00
15|26|San Jose Axalco|4326|1500490|490|2026-09-29 02:50:00
15|30|San Juan|4326|1500491|491|2026-09-29 02:50:00
15|107|Rinconada De La Mora|4326|1500492|492|2026-09-29 02:50:00
15|26|Lomas De San Pablo|4326|1500493|493|2026-09-29 02:50:00
15|107|Calixtlahuaca|4326|1500494|494|2026-09-29 02:50:00
15|121|Zumpango|4326|1500495|495|2026-09-29 02:50:00
15|104|La Ladrillera|4326|1500496|496|2026-09-29 02:50:00
15|104|El Encinal|4326|1500497|497|2026-09-29 02:50:00
15|107|El Ejd De San Marcos|4326|1500498|498|2026-09-29 02:50:00
15|104|San Rafael|4326|1500499|499|2026-09-29 02:50:00
15|107|Sebastian Lerdo De Tejada|4326|1500500|500|2026-09-29 02:50:00
15|107|De Calixtlahuaca - San Isidro|4326|1500501|501|2026-09-29 02:50:00
15|104|Anselmo Granados|4326|1500502|502|2026-09-29 02:50:00
15|121|San Miguel Bocanegra|4326|1500503|503|2026-09-29 02:50:00
15|104|La Cuesta|4326|1500504|504|2026-09-29 02:50:00
15|107|2 De Marzo|4326|1500505|505|2026-09-29 02:50:00
15|104|El Cedral|4326|1500506|506|2026-09-29 02:50:00
15|104|Los Cuartos|4326|1500507|507|2026-09-29 02:50:00
15|107|Ojo De Agua|4326|1500508|508|2026-09-29 02:50:00
15|104|La Ca?ada|4326|1500509|509|2026-09-29 02:50:00
15|121|Lazaro Cardenas|4326|1500510|510|2026-09-29 02:50:00
15|107|De Almoloya De Juarez|4326|1500511|511|2026-09-29 02:50:00
15|104|El Faro|4326|1500512|512|2026-09-29 02:50:00
15|121|San Miguel Zitlaltepec|4326|1500513|513|2026-09-29 02:50:00
15|32|Lomas De Totolco|4326|1500514|514|2026-09-29 02:50:00
15|104|Solidaridad|4326|1500515|515|2026-09-29 02:50:00
15|107|Tlachaloya 2da Seccion|4326|1500516|516|2026-09-29 02:50:00
15|104|Hidalgo|4326|1500517|517|2026-09-29 02:50:00
15|107|De San Carlos|4326|1500518|518|2026-09-29 02:50:00
15|33|San Francisco Mihualtepec|4326|1500519|519|2026-09-29 02:50:00
15|107|Tlachaloya 1ra Seccion|4326|1500520|520|2026-09-29 02:50:00
15|104|Obrera|4326|1500521|521|2026-09-29 02:50:00
15|32|Rancho Las Nieves|4326|1500522|522|2026-09-29 02:50:00
15|107|De Balbuena|4326|1500523|523|2026-09-29 02:50:00
15|55|Conjunto Caceres|4326|1500524|524|2026-09-29 02:50:00
15|55|Conjunto Barcelona|4326|1500525|525|2026-09-29 02:50:00
15|55|Conjunto Cartagena|4326|1500526|526|2026-09-29 02:50:00
15|55|Conjunto Granada|4326|1500527|527|2026-09-29 02:50:00
15|55|Conjunto Cadiz|4326|1500528|528|2026-09-29 02:50:00
15|55|Conjunto Alicante|4326|1500529|529|2026-09-29 02:50:00
15|55|Conjunto Oviedo|4326|1500530|530|2026-09-29 02:50:00
15|55|Conjunto Marbella|4326|1500531|531|2026-09-29 02:50:00
15|55|Conjunto Cordoba|4326|1500532|532|2026-09-29 02:50:00
15|55|Conjunto Zaragoza|4326|1500533|533|2026-09-29 02:50:00
15|55|Casa De Campo|4326|1500534|534|2026-09-29 02:50:00
15|55|San Joaquin|4326|1500535|535|2026-09-29 02:50:00
15|55|La Era|4326|1500536|536|2026-09-29 02:50:00
15|55|Los Robles|4326|1500537|537|2026-09-29 02:50:00
15|107|Palmas|4326|1500538|538|2026-09-29 02:50:00
15|107|Naranjos|4326|1500539|539|2026-09-29 02:50:00
15|107|Fresnos|4326|1500540|540|2026-09-29 02:50:00
15|107|Universidad C|4326|1500541|541|2026-09-29 02:50:00
15|107|Universidad B|4326|1500542|542|2026-09-29 02:50:00
15|107|Universidad A|4326|1500543|543|2026-09-29 02:50:00
15|107|El Coecillo|4326|1500545|545|2026-09-29 02:50:00
15|107|Santa Ana Tlapaltitlan|4326|1500548|548|2026-09-29 02:50:00
15|121|San Marcos El Llano|4326|1500551|551|2026-09-29 02:50:00
15|107|Las Chichipicas|4326|1500552|552|2026-09-29 02:50:00
15|121|Nuevo San Pedro|4326|1500555|555|2026-09-29 02:50:00
15|107|Los Angeles|4326|1500556|556|2026-09-29 02:50:00
15|107|Infonavit Colegio Militar|4326|1500557|557|2026-09-29 02:50:00
15|107|Imagenes|4326|1500558|558|2026-09-29 02:50:00
15|9|San Miguel|4326|1500559|559|2026-09-29 02:50:00
15|9|Sor Juana Ines De La Cruz|4326|1500560|560|2026-09-29 02:50:00
15|88|Enthavi|4326|1500562|562|2026-09-29 02:50:00
15|34|San Francisco De Asis|4326|1500563|563|2026-09-29 02:50:00
15|88|Jiquipilco El Viejo|4326|1500564|564|2026-09-29 02:50:00
15|68|Capulhuac|4326|1500565|565|2026-09-29 02:50:00
15|68|Concepcion Hidalgo|4326|1500566|566|2026-09-29 02:50:00
15|68|La Rosa|4326|1500567|567|2026-09-29 02:50:00
15|34|El Progreso Guadalupe Victoria|4326|1500568|568|2026-09-29 02:50:00
15|68|La Huanica|4326|1500569|569|2026-09-29 02:50:00
15|68|Santa Ana Jilotzingo|4326|1500570|570|2026-09-29 02:50:00
15|68|La Loma Del Maguey|4326|1500571|571|2026-09-29 02:50:00
15|34|Luis Donaldo Colosio|4326|1500572|572|2026-09-29 02:50:00
15|68|La Trampa|4326|1500573|573|2026-09-29 02:50:00
15|68|El Oxco|4326|1500574|574|2026-09-29 02:50:00
15|68|Ejido De Santa Maria Tetitla|4326|1500575|575|2026-09-29 02:50:00
15|68|San Mateo Mozoquilpan|4326|1500576|576|2026-09-29 02:50:00
15|34|Potrero Del Rey|4326|1500577|577|2026-09-29 02:50:00
15|68|Santa Ana Mayorazgo|4326|1500578|578|2026-09-29 02:50:00
15|68|Villa Cuauhtemoc|4326|1500579|579|2026-09-29 02:50:00
15|68|La Purisima|4326|1500580|580|2026-09-29 02:50:00
15|68|El Espino|4326|1500581|581|2026-09-29 02:50:00
15|88|San Jose Buenavista El Grande|4326|1500582|582|2026-09-29 02:50:00
15|68|Puente San Pedro|4326|1500583|583|2026-09-29 02:50:00
15|68|La Loma|4326|1500584|584|2026-09-29 02:50:00
15|75|Fresno Nichi|4326|1500585|585|2026-09-29 02:50:00
15|75|Villa De Santa Ana Nichi|4326|1500586|586|2026-09-29 02:50:00
15|75|Villa De La Purisima Concepcion Mayorazgo|4326|1500587|587|2026-09-29 02:50:00
15|75|Concepcion Chico|4326|1500588|588|2026-09-29 02:50:00
15|34|Playa De Las Golondrinas - Las Golondrinas|4326|1500589|589|2026-09-29 02:50:00
15|75|Barrio Santa Cruz|4326|1500590|590|2026-09-29 02:50:00
15|43|La Estacion De Ffcc|4326|1500591|591|2026-09-29 02:50:00
15|43|Santo Domingo De Guzman|4326|1500592|592|2026-09-29 02:50:00
15|75|San Lucas Ocotepec|4326|1500593|593|2026-09-29 02:50:00
15|75|El Carmen Ocotepec|4326|1500594|594|2026-09-29 02:50:00
15|75|Calvario  Buenavista|4326|1500595|595|2026-09-29 02:50:00
15|75|Estacion Flor De Maria|4326|1500596|596|2026-09-29 02:50:00
15|75|Flor De Maria|4326|1500597|597|2026-09-29 02:50:00
15|75|Nenaxi, Ejido El Tunal|4326|1500598|598|2026-09-29 02:50:00
15|75|Rioyos Buenavista|4326|1500599|599|2026-09-29 02:50:00
15|88|San Lucas|4326|1500600|600|2026-09-29 02:50:00
15|88|San Jose Las Lomas|4326|1500601|601|2026-09-29 02:50:00
15|88|Allende|4326|1500602|602|2026-09-29 02:50:00
15|43|San Lorenzo Toxico|4326|1500603|603|2026-09-29 02:50:00
15|109|Arcos De Tultepec|4326|1500604|604|2026-09-29 02:50:00
15|109|San Pablo Ctm|4326|1500605|605|2026-09-29 02:50:00
15|43|San Joaquin La Cabecera|4326|1500606|606|2026-09-29 02:50:00
15|43|Quim Jose Donaciano Y Mier|4326|1500607|607|2026-09-29 02:50:00
15|109|Hacienda Real De Tultepec|4326|1500608|608|2026-09-29 02:50:00
15|43|San Pedro La Cabecera|4326|1500609|609|2026-09-29 02:50:00
15|43|Numero 9|4326|1500610|610|2026-09-29 02:50:00
15|43|Luis Donaldo Colosio|4326|1500611|611|2026-09-29 02:50:00
15|43|San Bartolo Del Llano|4326|1500612|612|2026-09-29 02:50:00
15|109|10 De Junio|4326|1500613|613|2026-09-29 02:50:00
15|43|San Jose Huereje|4326|1500614|614|2026-09-29 02:50:00
15|43|Santa Maria Del Llano|4326|1500615|615|2026-09-29 02:50:00
15|43|Huereje|4326|1500616|616|2026-09-29 02:50:00
15|43|Santo Domingo Huereje|4326|1500617|617|2026-09-29 02:50:00
15|109|Santiago Teyahualco|4326|1500618|618|2026-09-29 02:50:00
15|43|San Francisco De Guzman|4326|1500619|619|2026-09-29 02:50:00
15|49|Casa Blanca|4326|1500620|620|2026-09-29 02:50:00
15|109|San Pablito - Ejido San Lorenzo Tetlixtac|4326|1500621|621|2026-09-29 02:50:00
15|43|Ejido La Concepcion De Los Ba?os I|4326|1500622|622|2026-09-29 02:50:00
15|109|Fraccion Chamacuero|4326|1500623|623|2026-09-29 02:50:00
15|43|La Concepcion De Los Ba?os|4326|1500624|624|2026-09-29 02:50:00
15|109|Santa Elena|4326|1500625|625|2026-09-29 02:50:00
15|75|La Cabecera|4326|1500626|626|2026-09-29 02:50:00
15|75|Ejido De San Juan Jalpa|4326|1500627|627|2026-09-29 02:50:00
15|34|Guadalupana La Venta|4326|1500629|629|2026-09-29 02:50:00
15|20|Potrero Popular|4326|1500632|632|2026-09-29 02:50:00
15|34|San Isidro Atlautenco|4326|1500633|633|2026-09-29 02:50:00
15|20|Santa Maria Iii|4326|1500634|634|2026-09-29 02:50:00
15|20|Potrero De La Laguna|4326|1500635|635|2026-09-29 02:50:00
15|34|19 De Septiembre|4326|1500636|636|2026-09-29 02:50:00
15|34|Venta De Carpio|4326|1500637|637|2026-09-29 02:50:00
15|20|Unidad Morelos 1ra Seccion - Unidad Jose Maria Morelos Y Pav|4326|1500638|638|2026-09-29 02:50:00
15|34|Santa Cruz Venta De Carpio|4326|1500639|639|2026-09-29 02:50:00
15|20|San Rafael|4326|1500640|640|2026-09-29 02:50:00
15|34|Casas Reales|4326|1500641|641|2026-09-29 02:50:00
15|34|Jaime Salvador|4326|1500642|642|2026-09-29 02:50:00
15|34|Cerca De Arboles|4326|1500643|643|2026-09-29 02:50:00
15|34|Predio La Preciosa|4326|1500644|644|2026-09-29 02:50:00
15|34|Pirules De Ballisco|4326|1500645|645|2026-09-29 02:50:00
15|34|Los Idolos|4326|1500646|646|2026-09-29 02:50:00
15|34|Mexico Nuevo|4326|1500647|647|2026-09-29 02:50:00
15|34|San Isidro Atlautenco|4326|1500648|648|2026-09-29 02:50:00
15|34|La Joya De Atlautenco|4326|1500649|649|2026-09-29 02:50:00
15|34|Vistas De Ecatepec|4326|1500650|650|2026-09-29 02:50:00
15|34|Heroes Ecatepec 5ta Secc|4326|1500651|651|2026-09-29 02:50:00
15|34|La Guadalupana|4326|1500652|652|2026-09-29 02:50:00
15|34|Portal Chiconautla|4326|1500653|653|2026-09-29 02:50:00
15|34|Santa Maria Chiconautla|4326|1500654|654|2026-09-29 02:50:00
15|34|Las Brisas|4326|1500655|655|2026-09-29 02:50:00
15|34|Ignacio Pichardo Pagaza|4326|1500656|656|2026-09-29 02:50:00
15|34|El Hoyo|4326|1500657|657|2026-09-29 02:50:00
15|34|Los Saucitos|4326|1500658|658|2026-09-29 02:50:00
15|34|Bosque De Santo Tomas|4326|1500659|659|2026-09-29 02:50:00
15|34|Santo Tomas Chiconautla|4326|1500660|660|2026-09-29 02:50:00
15|34|La Garita|4326|1500661|661|2026-09-29 02:50:00
15|34|La Preciosa|4326|1500662|662|2026-09-29 02:50:00
15|34|Los Pajaritos|4326|1500663|663|2026-09-29 02:50:00
15|34|La Providencia|4326|1500664|664|2026-09-29 02:50:00
15|34|19 De Septiembre|4326|1500665|665|2026-09-29 02:50:00
15|34|Llano De Los Baez|4326|1500666|666|2026-09-29 02:50:00
15|34|Jardines De Los Baez|4326|1500667|667|2026-09-29 02:50:00
15|34|La Veleta|4326|1500668|668|2026-09-29 02:50:00
15|34|Vivienda Del Taxista|4326|1500669|669|2026-09-29 02:50:00
15|34|El Salado - Vivienda Del Taxista|4326|1500670|670|2026-09-29 02:50:00
15|34|Aquiles Serdan|4326|1500671|671|2026-09-29 02:50:00
15|34|Llano De Los Baez|4326|1500672|672|2026-09-29 02:50:00
15|34|Nueva Diaz Ordaz|4326|1500673|673|2026-09-29 02:50:00
15|34|Jardines De Los Baez|4326|1500674|674|2026-09-29 02:50:00
15|34|Hacienda Santa Maria 2|4326|1500675|675|2026-09-29 02:50:00
15|34|San Martin De Porres|4326|1500676|676|2026-09-29 02:50:00
15|20|Santa Maria Magdalena|4326|1500677|677|2026-09-29 02:50:00
15|20|Rinconada San Felipe|4326|1500679|679|2026-09-29 02:50:00
15|119|Emiliano Zapata|4326|1500680|680|2026-09-29 02:50:00
15|119|Ojuelos|4326|1500682|682|2026-09-29 02:50:00
15|34|Rdcial Fuentes De Ecatepec|4326|1500683|683|2026-09-29 02:50:00
15|20|Jardines De San Jose|4326|1500684|684|2026-09-29 02:50:00
15|34|San Martin|4326|1500686|686|2026-09-29 02:50:00
15|34|Los Pirules - Bosques De Ecatepec|4326|1500687|687|2026-09-29 02:50:00
15|34|Bosques De Ecatepec|4326|1500689|689|2026-09-29 02:50:00
15|20|Villa De Las Flores|4326|1500690|690|2026-09-29 02:50:00
15|34|Villas De Ecatepec|4326|1500691|691|2026-09-29 02:50:00
15|34|Ex - Rancho Jajalpa|4326|1500692|692|2026-09-29 02:50:00
15|119|Irma Patricia Galindo De Reza|4326|1500693|693|2026-09-29 02:50:00
15|34|Adolfo Ruiz Cortines|4326|1500694|694|2026-09-29 02:50:00
15|119|San Matias Transfiguracion|4326|1500695|695|2026-09-29 02:50:00
15|34|Heroes Ecatepec 1 2 3 4 T|4326|1500696|696|2026-09-29 02:50:00
15|34|Uprovi|4326|1500697|697|2026-09-29 02:50:00
15|119|Lindavista|4326|1500698|698|2026-09-29 02:50:00
15|119|San Miguel|4326|1500699|699|2026-09-29 02:50:00
15|34|La Monera|4326|1500700|700|2026-09-29 02:50:00
15|119|El Calvario|4326|1500701|701|2026-09-29 02:50:00
15|34|Magisterial 2000|4326|1500702|702|2026-09-29 02:50:00
15|34|Sergio Mendez Arceo|4326|1500703|703|2026-09-29 02:50:00
15|34|10 De Abril|4326|1500704|704|2026-09-29 02:50:00
15|119|El Calvario|4326|1500705|705|2026-09-29 02:50:00
15|34|La Monera - Residencial Ecatepec|4326|1500706|706|2026-09-29 02:50:00
15|20|Hacienda Coacalco|4326|1500707|707|2026-09-29 02:50:00
15|20|Los Heroes Coacalco|4326|1500708|708|2026-09-29 02:50:00
15|34|Mision De Los 40|4326|1500709|709|2026-09-29 02:50:00
15|88|Dolores|4326|1500710|710|2026-09-29 02:50:00
15|88|Loma De San Nicolas|4326|1500711|711|2026-09-29 02:50:00
15|34|Del Carmen|4326|1500712|712|2026-09-29 02:50:00
15|88|La Magdalena Tenexpan 1ra Y 2da Seccion|4326|1500713|713|2026-09-29 02:50:00
15|34|Del Carmen|4326|1500714|714|2026-09-29 02:50:00
15|88|Temoaya|4326|1500715|715|2026-09-29 02:50:00
15|88|San Diego Alcala|4326|1500716|716|2026-09-29 02:50:00
15|88|Pothe|4326|1500717|717|2026-09-29 02:50:00
15|88|San Mateo Alcala|4326|1500718|718|2026-09-29 02:50:00
15|34|El Progreso De Guadalupe Victoria|4326|1500719|719|2026-09-29 02:50:00
15|88|San Lorenzo Oyamel|4326|1500720|720|2026-09-29 02:50:00
15|34|Ejidos De San Andres|4326|1500721|721|2026-09-29 02:50:00
15|68|Santa Maria Tetitla|4326|1500722|722|2026-09-29 02:50:00
15|68|Las Trojes|4326|1500723|723|2026-09-29 02:50:00
15|68|San Mateo Mozoquilpan|4326|1500724|724|2026-09-29 02:50:00
15|68|San Agustin Mimbres|4326|1500725|725|2026-09-29 02:50:00
15|68|La Florida|4326|1500726|726|2026-09-29 02:50:00
15|68|Fabrica Maria|4326|1500727|727|2026-09-29 02:50:00
15|68|Tres Puentes|4326|1500728|728|2026-09-29 02:50:00
15|68|Tres Marias|4326|1500729|729|2026-09-29 02:50:00
15|88|San Pedro Arriba|4326|1500730|730|2026-09-29 02:50:00
15|34|Obraje El Diamante|4326|1500731|731|2026-09-29 02:50:00
15|88|San Pedro Abajo|4326|1500732|732|2026-09-29 02:50:00
15|34|Barrio Nuevo Tultitlan|4326|1500733|733|2026-09-29 02:50:00
15|88|Solalpan|4326|1500734|734|2026-09-29 02:50:00
15|88|San Pedro Arriba 4ta Seccion|4326|1500735|735|2026-09-29 02:50:00
15|88|Loma De Laurel|4326|1500736|736|2026-09-29 02:50:00
15|88|Zanja Vieja|4326|1500737|737|2026-09-29 02:50:00
15|88|San Pedro Arriba 3ra Seccion|4326|1500738|738|2026-09-29 02:50:00
15|76|Ixtlahuaca|4326|1500739|739|2026-09-29 02:50:00
15|32|Clara Cordova Moran|4326|1500740|740|2026-09-29 02:50:00
15|19|San Isidro Tehualtepec|4326|1500741|741|2026-09-29 02:50:00
15|36|Hacienda Las Misiones|4326|1500742|742|2026-09-29 02:50:00
15|3|Primera De San Martin Ejido|4326|1500743|743|2026-09-29 02:50:00
15|3|Segunda De San Martin Ejido|4326|1500744|744|2026-09-29 02:50:00
15|3|Tercera De San Martin Ejido|4326|1500745|745|2026-09-29 02:50:00
15|7|El Potrero|4326|1500748|748|2026-09-29 02:50:00
15|4|La Union Riva Palacio|4326|1500749|749|2026-09-29 02:50:00
15|3|San Antonio Arroyo Zarco|4326|1500751|751|2026-09-29 02:50:00
15|114|San Jose Los Ranchos|4326|1500752|752|2026-09-29 02:50:00
15|114|San Jose|4326|1500753|753|2026-09-29 02:50:00
15|55|Villas Providencia|4326|1500754|754|2026-09-29 02:50:00
15|109|El Dorado Tultepec|4326|1500755|755|2026-09-29 02:50:00
15|4|Ahuacatitlan|4326|1500758|758|2026-09-29 02:50:00
15|40|Espartaco|4326|1500759|759|2026-09-29 02:50:00
15|27|Tercera De Santa Maria|4326|1500761|761|2026-09-29 02:50:00
15|27|Segunda De Santa Maria|4326|1500762|762|2026-09-29 02:50:00
15|27|Primera De Santa Maria|4326|1500763|763|2026-09-29 02:50:00
15|27|Cuarta De Santa Maria|4326|1500764|764|2026-09-29 02:50:00
15|27|San Francisco De Las Tablas|4326|1500765|765|2026-09-29 02:50:00
15|115|Laguna Seca (1)|4326|1500766|766|2026-09-29 02:50:00
15|4|Plutarco Gonzalez De Arriba|4326|1500767|767|2026-09-29 02:50:00
15|4|San Andres Tepetitlan|4326|1500768|768|2026-09-29 02:50:00
15|27|Dhalle|4326|1500770|770|2026-09-29 02:50:00
15|40|El Mirador|4326|1500771|771|2026-09-29 02:50:00
15|119|23 De Octubre|4326|1500772|772|2026-09-29 02:50:00
15|21|Cuentla|4326|1500773|773|2026-09-29 02:50:00
15|116|San Miguel Mimiapan|4326|1500774|774|2026-09-29 02:50:00
15|100|San Lorenzo|4326|1500775|775|2026-09-29 02:50:00
15|123|Ca?adas De Nanchititla|4326|1500776|776|2026-09-29 02:50:00
15|85|Las Pintas|4326|1500777|777|2026-09-29 02:50:00
15|5|San Lorenzo Cuauhtenco|4326|1500778|778|2026-09-29 02:50:00
15|55|San Lorenzo Coacalco|4326|1500779|779|2026-09-29 02:50:00
15|77|Olmos|4326|1500780|780|2026-09-29 02:50:00
15|77|Encanto I|4326|1500781|781|2026-09-29 02:50:00
15|77|San Juan|4326|1500782|782|2026-09-29 02:50:00
15|63|Llano Del Compromiso|4326|1500783|783|2026-09-29 02:50:00
15|26|Hacienda De Guadalupe|4326|1500784|784|2026-09-29 02:50:00
15|55|Terralta|4326|1500785|785|2026-09-29 02:50:00
15|55|Condominio San Miguel|4326|1500786|786|2026-09-29 02:50:00
15|55|San Angel|4326|1500787|787|2026-09-29 02:50:00
15|55|Coapa I|4326|1500788|788|2026-09-29 02:50:00
15|77|Diamante Matamoros|4326|1500789|789|2026-09-29 02:50:00
15|119|Cuauhtemoc|4326|1500790|790|2026-09-29 02:50:00
15|107|Azaleas Iv|4326|1500791|791|2026-09-29 02:50:00
15|125|Santa Maria Tonanitla Centro|4326|1500792|792|2026-09-29 02:50:00
15|19|San Miguel Almaya|4326|1500793|793|2026-09-29 02:50:00
15|19|San Nicolas Tlazala|4326|1500795|795|2026-09-29 02:50:00
15|100|El Tejocote|4326|1500796|796|2026-09-29 02:50:00
15|100|El Tejocote|4326|1500797|797|2026-09-29 02:50:00
15|44|Xalatlaco|4326|1500798|798|2026-09-29 02:50:00
15|44|San Agustin|4326|1500799|799|2026-09-29 02:50:00
15|44|San Juan|4326|1500800|800|2026-09-29 02:50:00
15|100|San Pedro Cuautlalpan|4326|1500801|801|2026-09-29 02:50:00
15|44|San Francisco|4326|1500802|802|2026-09-29 02:50:00
15|100|Santa Licia|4326|1500803|803|2026-09-29 02:50:00
15|100|Santa Monica|4326|1500804|804|2026-09-29 02:50:00
15|44|San Bartolo|4326|1500805|805|2026-09-29 02:50:00
15|100|Nextlalpan|4326|1500806|806|2026-09-29 02:50:00
15|102|Magdalena De Los Reyes|4326|1500807|807|2026-09-29 02:50:00
15|33|Rancheria De San Martin|4326|1500808|808|2026-09-29 02:50:00
15|26|Guadalupe|4326|1500815|815|2026-09-29 02:50:00
15|106|Nuevo Copaltepec|4326|1500816|816|2026-09-29 02:50:00
15|106|El Naranjo|4326|1500818|818|2026-09-29 02:50:00
15|26|La Presa|4326|1500819|819|2026-09-29 02:50:00
15|106|El Temblor|4326|1500820|820|2026-09-29 02:50:00
15|40|Unidad San Buenaventura|4326|1500823|823|2026-09-29 02:50:00
15|106|Tlatlaya|4326|1500826|826|2026-09-29 02:50:00
15|8|Amatepec|4326|1500828|828|2026-09-29 02:50:00
15|122|Jardin|4326|1500829|829|2026-09-29 02:50:00
15|106|Palmar Grande|4326|1500830|830|2026-09-29 02:50:00
15|106|San Pedro Limon|4326|1500831|831|2026-09-29 02:50:00
15|26|San Marcos Huixtoco|4326|1500833|833|2026-09-29 02:50:00
15|106|San Francisco De Asis|4326|1500835|835|2026-09-29 02:50:00
15|52|San Agustin Huitzizilapan|4326|1500836|836|2026-09-29 02:50:00
15|122|San Isidro|4326|1500838|838|2026-09-29 02:50:00
15|8|Cerro Del Campo|4326|1500839|839|2026-09-29 02:50:00
15|8|San Miguel Zinacausto|4326|1500841|841|2026-09-29 02:50:00
15|26|Jardines De San Marcos|4326|1500842|842|2026-09-29 02:50:00
15|116|Santa Maria Zolotepec|4326|1500843|843|2026-09-29 02:50:00
15|8|Palmar Chico|4326|1500844|844|2026-09-29 02:50:00
15|8|Salitre Palmarillos|4326|1500845|845|2026-09-29 02:50:00
15|83|Bejucos|4326|1500846|846|2026-09-29 02:50:00
15|122|El Triunfo|4326|1500847|847|2026-09-29 02:50:00
15|100|La Purificacion|4326|1500848|848|2026-09-29 02:50:00
15|103|Primera De Barrio Iturbide|4326|1500849|849|2026-09-29 02:50:00
15|21|Segunda De Analco|4326|1500850|850|2026-09-29 02:50:00
15|103|Sexto|4326|1500851|851|2026-09-29 02:50:00
15|103|Segundo|4326|1500852|852|2026-09-29 02:50:00
15|103|Primero|4326|1500853|853|2026-09-29 02:50:00
15|103|Cuarto|4326|1500854|854|2026-09-29 02:50:00
15|103|Tercero|4326|1500855|855|2026-09-29 02:50:00
15|103|Primera De Rincon De Bucio|4326|1500856|856|2026-09-29 02:50:00
15|103|Segunda De Rincon De Bucio|4326|1500857|857|2026-09-29 02:50:00
15|103|Tercera De Rincon De Bucio|4326|1500858|858|2026-09-29 02:50:00
15|107|Conj Galileo|4326|1500859|859|2026-09-29 02:50:00
15|107|Villas Pirineos|4326|1500860|860|2026-09-29 02:50:00
15|107|San Blas Otzacatipan|4326|1500861|861|2026-09-29 02:50:00
15|107|Parque Inn|4326|1500862|862|2026-09-29 02:50:00
15|55|Rincon Coaxustenco|4326|1500863|863|2026-09-29 02:50:00
15|115|Turcio Segunda Seccion|4326|1500864|864|2026-09-29 02:50:00
15|102|Techmaninalli|4326|1500866|866|2026-09-29 02:50:00
15|5|San Agustin Poteje Sur|4326|1500868|868|2026-09-29 02:50:00
15|5|San Agustin Poteje Centro|4326|1500869|869|2026-09-29 02:50:00
15|5|La Galera|4326|1500870|870|2026-09-29 02:50:00
15|26|Hacienda Mirafuentes|4326|1500872|872|2026-09-29 02:50:00
15|26|El Pozo|4326|1500873|873|2026-09-29 02:50:00
15|115|San Luis La Gavia 1|4326|1500874|874|2026-09-29 02:50:00
15|115|San Agustin Altamirano 1a Seccion|4326|1500875|875|2026-09-29 02:50:00
15|115|San Agustin Canohillas 1a Seccion|4326|1500876|876|2026-09-29 02:50:00
15|115|Los Cerritos Del Pilar|4326|1500877|877|2026-09-29 02:50:00
15|115|San Pedro Del Rincon|4326|1500878|878|2026-09-29 02:50:00
15|115|Villa Victoria|4326|1500879|879|2026-09-29 02:50:00
15|115|Jesus Maria|4326|1500880|880|2026-09-29 02:50:00
15|115|San Agustin Berros Seccion Guadalupe|4326|1500881|881|2026-09-29 02:50:00
15|115|Laguna Seca Ejido Segunda Seccion|4326|1500882|882|2026-09-29 02:50:00
15|115|Gustavo Baz Prada|4326|1500883|883|2026-09-29 02:50:00
15|5|Mayorazgo Concepcion De Leon|4326|1500884|884|2026-09-29 02:50:00
15|5|Benito Juarez|4326|1500885|885|2026-09-29 02:50:00
15|5|Loma Del Salitre|4326|1500886|886|2026-09-29 02:50:00
15|5|Yebucivi Centro|4326|1500887|887|2026-09-29 02:50:00
15|5|Mextepec|4326|1500888|888|2026-09-29 02:50:00
15|24|San Roque|4326|1500889|889|2026-09-29 02:50:00
15|34|Santa Agueda|4326|1500890|890|2026-09-29 02:50:00
15|34|San Benjamin|4326|1500892|892|2026-09-29 02:50:00
15|20|San Lorenzo Tetlixtac|4326|1500893|893|2026-09-29 02:50:00
15|34|Bursaab|4326|1500894|894|2026-09-29 02:50:00
15|34|Hogares Marla|4326|1500895|895|2026-09-29 02:50:00
15|34|Martell|4326|1500896|896|2026-09-29 02:50:00
15|34|El Calvario|4326|1500897|897|2026-09-29 02:50:00
15|34|La Palma 1|4326|1500898|898|2026-09-29 02:50:00
15|34|La Curiela|4326|1500899|899|2026-09-29 02:50:00
15|34|La Palma 2|4326|1500900|900|2026-09-29 02:50:00
15|34|San Juan Alcahuacan|4326|1500901|901|2026-09-29 02:50:00
15|34|Tierra Blanca|4326|1500902|902|2026-09-29 02:50:00
15|20|San Lorenzo Tetlixtac|4326|1500903|903|2026-09-29 02:50:00
15|34|Vista Hermosa|4326|1500904|904|2026-09-29 02:50:00
15|34|Colonial Ecatepec|4326|1500905|905|2026-09-29 02:50:00
15|34|Llano De Los Baez|4326|1500906|906|2026-09-29 02:50:00
15|34|Jardines De Los Baez|4326|1500907|907|2026-09-29 02:50:00
15|20|Ni?os Heroes|4326|1500908|908|2026-09-29 02:50:00
15|20|Rincon Coahuilense|4326|1500909|909|2026-09-29 02:50:00
15|34|La Nacional - Ex - Hacienda De Jauregui|4326|1500910|910|2026-09-29 02:50:00
15|34|Plazas De Ecatepec|4326|1500911|911|2026-09-29 02:50:00
15|34|Residencial San Cristobal|4326|1500912|912|2026-09-29 02:50:00
15|34|Llano De Los Baez|4326|1500913|913|2026-09-29 02:50:00
15|34|Galaxia Ecatepec Centro - Casas Marla|4326|1500914|914|2026-09-29 02:50:00
15|34|Boulevares San Cristobal|4326|1500915|915|2026-09-29 02:50:00
15|20|Los Almendros|4326|1500916|916|2026-09-29 02:50:00
15|34|Plan De Arroyo|4326|1500917|917|2026-09-29 02:50:00
15|34|Boulevares De San Cristobal / La Nacional|4326|1500918|918|2026-09-29 02:50:00
15|20|Los Olivos|4326|1500919|919|2026-09-29 02:50:00
15|34|Lazaro Cardenas|4326|1500920|920|2026-09-29 02:50:00
15|34|Ejidal Emiliano Zapata|4326|1500921|921|2026-09-29 02:50:00
15|34|Residencial La Joya|4326|1500922|922|2026-09-29 02:50:00
15|20|La Magdalena Huizachitla|4326|1500923|923|2026-09-29 02:50:00
15|34|Ecatepec 2000|4326|1500924|924|2026-09-29 02:50:00
15|34|Mexicanos Unidos|4326|1500925|925|2026-09-29 02:50:00
15|34|Torres De Altavista|4326|1500926|926|2026-09-29 02:50:00
15|34|El Tejocote|4326|1500927|927|2026-09-29 02:50:00
15|34|Mesa De Los Leones|4326|1500928|928|2026-09-29 02:50:00
15|24|Santa Maria Huecatitla|4326|1500929|929|2026-09-29 02:50:00
15|34|Jose Ma Morelos Y Pavon - Fovissste|4326|1500930|930|2026-09-29 02:50:00
15|20|Los Sabinos Ii|4326|1500931|931|2026-09-29 02:50:00
15|34|Parque Residencial Coacalco|4326|1500932|932|2026-09-29 02:50:00
15|20|Santa Maria Ii|4326|1500933|933|2026-09-29 02:50:00
15|34|Las Huertas|4326|1500934|934|2026-09-29 02:50:00
15|34|Llano De Los Baez|4326|1500935|935|2026-09-29 02:50:00
15|20|La Magdalena|4326|1500936|936|2026-09-29 02:50:00
15|34|Bienestar Para La Familia - Los Pinos|4326|1500937|937|2026-09-29 02:50:00
15|34|Granja El Rosal|4326|1500938|938|2026-09-29 02:50:00
15|20|Las Hiedras|4326|1500939|939|2026-09-29 02:50:00
15|34|San Carlos|4326|1500940|940|2026-09-29 02:50:00
15|34|El Arbol - Guadalupe Victoria|4326|1500941|941|2026-09-29 02:50:00
15|34|Playas De San Juan|4326|1500942|942|2026-09-29 02:50:00
15|24|Machero|4326|1500943|943|2026-09-29 02:50:00
15|34|San Isidro Atlautenco|4326|1500944|944|2026-09-29 02:50:00
15|24|Santa Maria Huecatitla|4326|1500945|945|2026-09-29 02:50:00
15|34|Carlos Salinas De Gortari|4326|1500946|946|2026-09-29 02:50:00
15|34|Villas Del Sol 1|4326|1500947|947|2026-09-29 02:50:00
15|34|Llano De Morelos 1|4326|1500948|948|2026-09-29 02:50:00
15|34|19 De Septiembre|4326|1500949|949|2026-09-29 02:50:00
15|34|Llano De Morelos 2|4326|1500950|950|2026-09-29 02:50:00
15|34|Los Alcatraces|4326|1500951|951|2026-09-29 02:50:00
15|34|Los Cordeles|4326|1500952|952|2026-09-29 02:50:00
15|34|La Purisima|4326|1500953|953|2026-09-29 02:50:00
15|20|El Laurel|4326|1500954|954|2026-09-29 02:50:00
15|20|Los Portales 2|4326|1500955|955|2026-09-29 02:50:00
15|20|El Chaparral|4326|1500956|956|2026-09-29 02:50:00
15|20|Ex - Hacienda San Felipe|4326|1500957|957|2026-09-29 02:50:00
15|14|San Martin|4326|1500958|958|2026-09-29 02:50:00
15|14|Las Mercedes|4326|1500959|959|2026-09-29 02:50:00
15|14|El Calvario|4326|1500960|960|2026-09-29 02:50:00
15|14|Granjas|4326|1500961|961|2026-09-29 02:50:00
15|14|Isidro Fabela|4326|1500962|962|2026-09-29 02:50:00
15|14|La Ascension|4326|1500963|963|2026-09-29 02:50:00
15|14|La Mora|4326|1500964|964|2026-09-29 02:50:00
15|14|Cuatro Milpas|4326|1500965|965|2026-09-29 02:50:00
15|14|Las Fuentes|4326|1500966|966|2026-09-29 02:50:00
15|14|Centro|4326|1500967|967|2026-09-29 02:50:00
15|14|Felipe Ure?a|4326|1500968|968|2026-09-29 02:50:00
15|14|Bongoni|4326|1500969|969|2026-09-29 02:50:00
15|14|2 De Abril|4326|1500970|970|2026-09-29 02:50:00
15|14|Morelos|4326|1500971|971|2026-09-29 02:50:00
15|14|La Garita|4326|1500972|972|2026-09-29 02:50:00
15|40|Hacienda Las Palmas I|4326|1500973|973|2026-09-29 02:50:00
15|20|Coacalco|4326|1500974|974|2026-09-29 02:50:00
15|55|Diamante|4326|1500976|976|2026-09-29 02:50:00
15|100|Comunales San Miguel Tlaixpan|4326|1500977|977|2026-09-29 02:50:00
15|100|Barr Santa Ursula - Fracc San Lorenzo|4326|1500978|978|2026-09-29 02:50:00
15|20|Rancho La Providencia|4326|1500979|979|2026-09-29 02:50:00
15|20|Torres Coacalco|4326|1500980|980|2026-09-29 02:50:00
15|20|Coacalco Los Arcos|4326|1500981|981|2026-09-29 02:50:00
15|20|Santander|4326|1500982|982|2026-09-29 02:50:00
15|20|Ex - Hacienda San Felipe|4326|1500983|983|2026-09-29 02:50:00
15|34|Predio Xanco|4326|1500984|984|2026-09-29 02:50:00
15|34|Privadas Ecatepec|4326|1500985|985|2026-09-29 02:50:00
15|34|La Cerca|4326|1500986|986|2026-09-29 02:50:00
15|34|Pozo De La Pila|4326|1500987|987|2026-09-29 02:50:00
15|34|El Sauz - Guadalupe Victoria|4326|1500988|988|2026-09-29 02:50:00
15|26|San Martin Cuautlalpan|4326|1500989|989|2026-09-29 02:50:00
15|26|Campestre Santa Cruz|4326|1500990|990|2026-09-29 02:50:00
15|121|Geovillas La Trinidad|4326|1500991|991|2026-09-29 02:50:00
15|66|Chacalco|4326|1500992|992|2026-09-29 02:50:00
15|66|Xamimilolpan|4326|1500993|993|2026-09-29 02:50:00
15|30|La Copalera|4326|1500994|994|2026-09-29 02:50:00
15|79|Fronton Vivero|4326|1500995|995|2026-09-29 02:50:00
15|41|Tecomatepec|4326|1500996|996|2026-09-29 02:50:00
15|118|Zacualpilla|4326|1500997|997|2026-09-29 02:50:00
15|55|Alcazar|4326|1500998|998|2026-09-29 02:50:00
15|114|La Loma De La Concepcion|4326|1500999|999|2026-09-29 02:50:00
15|55|Fortanet|4326|1501000|1000|2026-09-29 02:50:00
15|55|Conjunto Diamante|4326|1501001|1001|2026-09-29 02:50:00
15|55|Conjunto Rubi|4326|1501002|1002|2026-09-29 02:50:00
15|55|Conjunto Esmeralda|4326|1501003|1003|2026-09-29 02:50:00
15|55|Conjunto Zafiro|4326|1501004|1004|2026-09-29 02:50:00
15|11|De La Magdalena|4326|1501005|1005|2026-09-29 02:50:00
15|91|El Coloso|4326|1501006|1006|2026-09-29 02:50:00
15|55|Villas Estefania|4326|1501007|1007|2026-09-29 02:50:00
15|55|Rinconada Don Adolfo|4326|1501008|1008|2026-09-29 02:50:00
15|55|Los Cedros|4326|1501009|1009|2026-09-29 02:50:00
15|100|Riva Palacio|4326|1501010|1010|2026-09-29 02:50:00
15|100|La Monera|4326|1501011|1011|2026-09-29 02:50:00
15|100|La Magdalena Panoaya|4326|1501012|1012|2026-09-29 02:50:00
15|43|San Francisco|4326|1501013|1013|2026-09-29 02:50:00
15|55|Real De Azaleas|4326|1501014|1014|2026-09-29 02:50:00
15|55|Estrella Iii|4326|1501015|1015|2026-09-29 02:50:00
15|55|Santa Maria Regla|4326|1501016|1016|2026-09-29 02:50:00
15|55|Paseo San Salvador|4326|1501017|1017|2026-09-29 02:50:00
15|55|Villas Tizatlalli|4326|1501018|1018|2026-09-29 02:50:00
15|41|Malinaltenango|4326|1501019|1019|2026-09-29 02:50:00
15|41|Meson Nuevo|4326|1501020|1020|2026-09-29 02:50:00
15|41|San Jose Del Arenal|4326|1501021|1021|2026-09-29 02:50:00
15|41|Los Naranjos|4326|1501022|1022|2026-09-29 02:50:00
15|41|Benito Juarez|4326|1501023|1023|2026-09-29 02:50:00
15|41|San Diego Alcala|4326|1501024|1024|2026-09-29 02:50:00
15|114|El Progreso Hidalgo|4326|1501025|1025|2026-09-29 02:50:00
15|120|Santa Catarina|4326|1501026|1026|2026-09-29 02:50:00
15|55|Campestre Del Virrey|4326|1501028|1028|2026-09-29 02:50:00
15|55|Villas Campestres De Metepec|4326|1501029|1029|2026-09-29 02:50:00
15|55|San Jeronimo|4326|1501030|1030|2026-09-29 02:50:00
15|55|San Jose|4326|1501031|1031|2026-09-29 02:50:00
15|55|Arcos Ii|4326|1501032|1032|2026-09-29 02:50:00
15|55|Arcos I|4326|1501033|1033|2026-09-29 02:50:00
15|55|Infonavit Tollocan Ii|4326|1501034|1034|2026-09-29 02:50:00
15|89|La Trinidad|4326|1501035|1035|2026-09-29 02:50:00
15|71|Ampliacion Arenal|4326|1501036|1036|2026-09-29 02:50:00
15|89|La Trinidad|4326|1501039|1039|2026-09-29 02:50:00
15|107|Meteoro|4326|1501040|1040|2026-09-29 02:50:00
15|107|Villas Fontana Ii|4326|1501041|1041|2026-09-29 02:50:00
15|107|Villas Fontana Iii|4326|1501042|1042|2026-09-29 02:50:00
15|107|Independencia|4326|1501043|1043|2026-09-29 02:50:00
15|107|Sor Juana I De La Cruz|4326|1501044|1044|2026-09-29 02:50:00
15|111|Rincon Villa Del Valle|4326|1501045|1045|2026-09-29 02:50:00
15|111|El Arco|4326|1501046|1046|2026-09-29 02:50:00
15|107|De La Merced|4326|1501047|1047|2026-09-29 02:50:00
15|30|Hacienda Real De Coxtitlan|4326|1501048|1048|2026-09-29 02:50:00
15|30|Santa Cecilia|4326|1501049|1049|2026-09-29 02:50:00
15|107|San Bernardino|4326|1501050|1050|2026-09-29 02:50:00
15|30|San Vicente 2|4326|1501051|1051|2026-09-29 02:50:00
15|107|Electricistas Locales|4326|1501052|1052|2026-09-29 02:50:00
15|30|Mexico 86|4326|1501053|1053|2026-09-29 02:50:00
15|107|De La Teresona|4326|1501054|1054|2026-09-29 02:50:00
15|54|La Laguna|4326|1501055|1055|2026-09-29 02:50:00
15|30|Tlatel|4326|1501056|1056|2026-09-29 02:50:00
15|61|Nuevo Ejido Llano Grande|4326|1501057|1057|2026-09-29 02:50:00
15|61|Ciudad Campestre|4326|1501058|1058|2026-09-29 02:50:00
15|30|Presidentes|4326|1501059|1059|2026-09-29 02:50:00
15|107|Haciendas De Independencia|4326|1501060|1060|2026-09-29 02:50:00
15|32|Guadalupe|4326|1501061|1061|2026-09-29 02:50:00
15|30|Santa Rosa|4326|1501062|1062|2026-09-29 02:50:00
15|30|Auris 3|4326|1501063|1063|2026-09-29 02:50:00
15|107|San Antonio Abad|4326|1501064|1064|2026-09-29 02:50:00
15|37|San Pedro La Gloria|4326|1501065|1065|2026-09-29 02:50:00
15|37|Tezontlalpan De Zapata|4326|1501066|1066|2026-09-29 02:50:00
15|37|San Miguel Tepetates|4326|1501068|1068|2026-09-29 02:50:00
15|107|Nva San Fco Totoltepec|4326|1501069|1069|2026-09-29 02:50:00
15|26|Ejidal|4326|1501070|1070|2026-09-29 02:50:00
15|37|Santa Maria Ajoloapan|4326|1501071|1071|2026-09-29 02:50:00
15|107|Conj Geo Villas Centenario|4326|1501072|1072|2026-09-29 02:50:00
15|26|Jardines De Chalco|4326|1501073|1073|2026-09-29 02:50:00
15|32|San Miguel|4326|1501074|1074|2026-09-29 02:50:00
15|107|La Alameda|4326|1501075|1075|2026-09-29 02:50:00
15|37|Tianguistongo|4326|1501076|1076|2026-09-29 02:50:00
15|32|Apapaxco|4326|1501077|1077|2026-09-29 02:50:00
15|26|Culturas De Mexico|4326|1501078|1078|2026-09-29 02:50:00
15|107|San Miguel Totoltepec|4326|1501079|1079|2026-09-29 02:50:00
15|32|Acuitlapilco|4326|1501080|1080|2026-09-29 02:50:00
15|107|San Francisco Totoltepec|4326|1501081|1081|2026-09-29 02:50:00
15|32|Ciudad Alegre|4326|1501082|1082|2026-09-29 02:50:00
15|107|Cerrillo Vista Hermosa|4326|1501083|1083|2026-09-29 02:50:00
15|26|Covadonga|4326|1501084|1084|2026-09-29 02:50:00
15|107|El Embarcadero|4326|1501085|1085|2026-09-29 02:50:00
15|107|Arroyo Vista Hermosa|4326|1501093|1093|2026-09-29 02:50:00
15|107|La Constitucion Totoltepec|4326|1501094|1094|2026-09-29 02:50:00
15|107|Guadalupe Totoltepec|4326|1501095|1095|2026-09-29 02:50:00
15|100|San Olegario Boyeros|4326|1501096|1096|2026-09-29 02:50:00
15|100|San Felipe - Santa Cruz|4326|1501097|1097|2026-09-29 02:50:00
15|100|Tocuila|4326|1501098|1098|2026-09-29 02:50:00
15|100|Gloria Boyeros|4326|1501099|1099|2026-09-29 02:50:00
15|100|San Fernando Boyeros|4326|1501100|1100|2026-09-29 02:50:00
15|100|El Bolito Boyeros|4326|1501101|1101|2026-09-29 02:50:00
15|85|San Juan Tecalco|4326|1501102|1102|2026-09-29 02:50:00
15|100|Ej Boyeros - Col Guadalupe Victoria|4326|1501103|1103|2026-09-29 02:50:00
15|100|Guadalupe Boyeros|4326|1501104|1104|2026-09-29 02:50:00
15|100|Cieneguillas Ii Boyeros|4326|1501105|1105|2026-09-29 02:50:00
15|100|Cieneguillas I Boyeros|4326|1501106|1106|2026-09-29 02:50:00
15|100|El Sauce Boyeros|4326|1501107|1107|2026-09-29 02:50:00
15|107|Vertice|4326|1501108|1108|2026-09-29 02:50:00
15|56|Tepanuayo|4326|1501109|1109|2026-09-29 02:50:00
15|56|La Joya|4326|1501110|1110|2026-09-29 02:50:00
15|56|Metzli|4326|1501111|1111|2026-09-29 02:50:00
15|56|Tecacaxtitla|4326|1501112|1112|2026-09-29 02:50:00
15|107|Villas Alpes|4326|1501113|1113|2026-09-29 02:50:00
15|107|Villas Diamante|4326|1501114|1114|2026-09-29 02:50:00
15|56|Bohantitla|4326|1501115|1115|2026-09-29 02:50:00
15|56|Netambati|4326|1501116|1116|2026-09-29 02:50:00
15|107|Rcnda De Santa Ana A|4326|1501117|1117|2026-09-29 02:50:00
15|107|Rcnda De Santa Ana B|4326|1501118|1118|2026-09-29 02:50:00
15|107|Los Ahuehuetes|4326|1501119|1119|2026-09-29 02:50:00
15|2|Pgr Stunam|4326|1501121|1121|2026-09-29 02:50:00
15|100|Acueducto San Juan|4326|1501122|1122|2026-09-29 02:50:00
15|2|Guerrero|4326|1501123|1123|2026-09-29 02:50:00
15|2|Prados De San Juan|4326|1501124|1124|2026-09-29 02:50:00
15|107|La Joya|4326|1501125|1125|2026-09-29 02:50:00
15|107|Santa Maria|4326|1501126|1126|2026-09-29 02:50:00
15|107|Campo Real Iii|4326|1501127|1127|2026-09-29 02:50:00
15|107|Valle De La Hacienda 2da Secc|4326|1501128|1128|2026-09-29 02:50:00
15|36|Ciudad Santa Teresa Iii|4326|1501129|1129|2026-09-29 02:50:00
15|36|Ciudad Santa Teresa Iii Bis|4326|1501130|1130|2026-09-29 02:50:00
15|109|El Bosque Tultepec|4326|1501131|1131|2026-09-29 02:50:00
15|20|Hacienda Taxco Viejo|4326|1501132|1132|2026-09-29 02:50:00
15|20|Jorge Brise?o|4326|1501133|1133|2026-09-29 02:50:00
15|55|Rincon De Coaxustenco|4326|1501134|1134|2026-09-29 02:50:00
15|55|Rinconada Tizatlalli|4326|1501135|1135|2026-09-29 02:50:00
15|18|Valle Del Nevado|4326|1501136|1136|2026-09-29 02:50:00
15|23|Ejidal  Ejido La Bolsa|4326|1501137|1137|2026-09-29 02:50:00
15|43|Issemym|4326|1501138|1138|2026-09-29 02:50:00
15|43|Sedue|4326|1501139|1139|2026-09-29 02:50:00
15|43|Fracc Profedix|4326|1501140|1140|2026-09-29 02:50:00
15|80|El Chiquinte|4326|1501141|1141|2026-09-29 02:50:00
15|101|Vezana La Virgen|4326|1501144|1144|2026-09-29 02:50:00
15|107|Vera Monte|4326|1501145|1145|2026-09-29 02:50:00
15|107|Lomas De San Mateo|4326|1501146|1146|2026-09-29 02:50:00
15|77|San Angel Ii|4326|1501147|1147|2026-09-29 02:50:00
15|18|San Andres|4326|1501148|1148|2026-09-29 02:50:00
15|87|San Pedro Tenayac|4326|1501149|1149|2026-09-29 02:50:00
15|119|Agua Blanca|4326|1501150|1150|2026-09-29 02:50:00
15|44|Morelos|4326|1501152|1152|2026-09-29 02:50:00
15|44|Los Tejocotes|4326|1501154|1154|2026-09-29 02:50:00
15|44|El Potrero|4326|1501155|1155|2026-09-29 02:50:00
15|102|Santa Cruz De Bravo|4326|1501157|1157|2026-09-29 02:50:00
15|102|Mirasol|4326|1501158|1158|2026-09-29 02:50:00
15|102|Coamilpa De Juarez|4326|1501159|1159|2026-09-29 02:50:00
15|20|Villa Florida Ii|4326|1501163|1163|2026-09-29 02:50:00
15|24|San Blas Uno|4326|1501165|1165|2026-09-29 02:50:00
15|24|Pilar Pallares|4326|1501166|1166|2026-09-29 02:50:00
15|24|San Blas Dos|4326|1501167|1167|2026-09-29 02:50:00
15|24|Misiones I|4326|1501168|1168|2026-09-29 02:50:00
15|24|El Paraiso|4326|1501171|1171|2026-09-29 02:50:00
15|24|Paseos De Cuautitlan|4326|1501172|1172|2026-09-29 02:50:00
15|24|San Francisco Cascantitla|4326|1501173|1173|2026-09-29 02:50:00
15|24|El Paraiso|4326|1501178|1178|2026-09-29 02:50:00
15|24|San Jose Milla|4326|1501179|1179|2026-09-29 02:50:00
15|24|El Infiernillo|4326|1501181|1181|2026-09-29 02:50:00
15|24|La Palma|4326|1501182|1182|2026-09-29 02:50:00
15|24|Loma Bonita|4326|1501183|1183|2026-09-29 02:50:00
15|24|Villa Jardin|4326|1501184|1184|2026-09-29 02:50:00
15|24|Nueva Espa?ita|4326|1501186|1186|2026-09-29 02:50:00
15|20|Villa De Las Manzanas|4326|1501187|1187|2026-09-29 02:50:00
15|24|El Partidor|4326|1501189|1189|2026-09-29 02:50:00
15|24|Puente Jabonero|4326|1501192|1192|2026-09-29 02:50:00
15|24|Paseos De Santa Maria|4326|1501194|1194|2026-09-29 02:50:00
15|24|Necapa|4326|1501195|1195|2026-09-29 02:50:00
15|24|El Huerto|4326|1501197|1197|2026-09-29 02:50:00
15|24|Romita|4326|1501200|1200|2026-09-29 02:50:00
15|24|Centro|4326|1501201|1201|2026-09-29 02:50:00
15|24|Guadalupe|4326|1501204|1204|2026-09-29 02:50:00
15|24|El Cerrito|4326|1501223|1223|2026-09-29 02:50:00
15|24|2da Sec Fracc Los Morales|4326|1501239|1239|2026-09-29 02:50:00
15|34|Chulavista|4326|1501243|1243|2026-09-29 02:50:00
15|34|La Mora|4326|1501245|1245|2026-09-29 02:50:00
15|34|Panitzi-panitzin|4326|1501246|1246|2026-09-29 02:50:00
15|34|Casas Coloniales|4326|1501248|1248|2026-09-29 02:50:00
15|34|La Propiedad|4326|1501249|1249|2026-09-29 02:50:00
15|34|San Juan Alcahuacan|4326|1501250|1250|2026-09-29 02:50:00
15|24|La Trinidad|4326|1501251|1251|2026-09-29 02:50:00
15|34|Los Sauces|4326|1501252|1252|2026-09-29 02:50:00
15|119|Las Culturas|4326|1501253|1253|2026-09-29 02:50:00
15|82|Magisterio Tecamac|4326|1501254|1254|2026-09-29 02:50:00
15|30|Lomas De Chicoloapan  Ara 2|4326|1501255|1255|2026-09-29 02:50:00
15|30|Real De San Vicente 1  Ara 1|4326|1501256|1256|2026-09-29 02:50:00
15|41|San Pablo|4326|1501257|1257|2026-09-29 02:50:00
15|41|Rincon De Dios|4326|1501258|1258|2026-09-29 02:50:00
15|30|Real De San Vicente 2  Ara 1|4326|1501259|1259|2026-09-29 02:50:00
15|87|Temascaltepec De Gonzalez|4326|1501260|1260|2026-09-29 02:50:00
15|30|Bonito San Vicente  Hir|4326|1501261|1261|2026-09-29 02:50:00
15|30|Hacienda Los Reyes  Beta|4326|1501262|1262|2026-09-29 02:50:00
15|102|Atenco|4326|1501263|1263|2026-09-29 02:50:00
15|21|Las Vueltas|4326|1501264|1264|2026-09-29 02:50:00
15|75|La Teneria|4326|1501265|1265|2026-09-29 02:50:00
15|75|Progreso|4326|1501266|1266|2026-09-29 02:50:00
15|75|Jose Maria Morelos|4326|1501267|1267|2026-09-29 02:50:00
15|75|Fernando Orozco Y Berra|4326|1501268|1268|2026-09-29 02:50:00
15|85|San Luis Tecuautitlan|4326|1501269|1269|2026-09-29 02:50:00
15|119|San Cristobal Tecolit|4326|1501270|1270|2026-09-29 02:50:00
15|31|San Pablito Calmimilolco|4326|1501271|1271|2026-09-29 02:50:00
15|120|San Pedro Guadalupe|4326|1501272|1272|2026-09-29 02:50:00
15|34|Santa Cruz Venta De Carpio - Ampl 19 De Septiembre|4326|1501273|1273|2026-09-29 02:50:00
15|100|Las Arboledas|4326|1501274|1274|2026-09-29 02:50:00
15|120|Guadalupe Chitamalco|4326|1501275|1275|2026-09-29 02:50:00
15|100|San Miguel Tlaixpan|4326|1501276|1276|2026-09-29 02:50:00
15|100|San Miguel Tlaixpan|4326|1501277|1277|2026-09-29 02:50:00
15|20|Coacalco|4326|1501278|1278|2026-09-29 02:50:00
15|36|La Guadalupana Bicentenario Huehuetoca|4326|1501279|1279|2026-09-29 02:50:00
15|36|Santa Teresa Viii|4326|1501281|1281|2026-09-29 02:50:00
15|26|Condominios Chalco|4326|1501282|1282|2026-09-29 02:50:00
15|100|Horizontal Los Pinos|4326|1501283|1283|2026-09-29 02:50:00
15|107|Las Rosas|4326|1501284|1284|2026-09-29 02:50:00
15|77|Los Perales|4326|1501285|1285|2026-09-29 02:50:00
15|77|Encanto Ii|4326|1501286|1286|2026-09-29 02:50:00
15|77|Villas La Magdalena Ii|4326|1501287|1287|2026-09-29 02:50:00
15|77|Chapultepec2cero2|4326|1501288|1288|2026-09-29 02:50:00
15|55|Victoria|4326|1501289|1289|2026-09-29 02:50:00
15|107|Bosques De Cantabria|4326|1501290|1290|2026-09-29 02:50:00
15|107|Villas Florencia|4326|1501291|1291|2026-09-29 02:50:00
15|55|Rinconada La Concordia|4326|1501292|1292|2026-09-29 02:50:00
15|107|Rdcial Atenea|4326|1501293|1293|2026-09-29 02:50:00
15|55|Palma Real I|4326|1501294|1294|2026-09-29 02:50:00
15|55|Palma Real Ii|4326|1501295|1295|2026-09-29 02:50:00
15|18|La Aurora Ii|4326|1501296|1296|2026-09-29 02:50:00
15|80|Centro|4326|1501297|1297|2026-09-29 02:50:00
15|80|El Ventorrillo|4326|1501298|1298|2026-09-29 02:50:00
15|80|El Progreso|4326|1501299|1299|2026-09-29 02:50:00
15|80|El Atoron|4326|1501300|1300|2026-09-29 02:50:00
15|80|Loma Del Perdon|4326|1501301|1301|2026-09-29 02:50:00
15|80|Rancho Jesus Maria|4326|1501302|1302|2026-09-29 02:50:00
15|80|El Quinte|4326|1501303|1303|2026-09-29 02:50:00
15|23|Caltenco|4326|1501304|1304|2026-09-29 02:50:00
15|23|Reyes|4326|1501305|1305|2026-09-29 02:50:00
15|23|Cimapan|4326|1501306|1306|2026-09-29 02:50:00
15|89|Tepoxtepec|4326|1501307|1307|2026-09-29 02:50:00
15|89|Ejido De Tecomatlan|4326|1501308|1308|2026-09-29 02:50:00
15|89|Tecomatlan|4326|1501309|1309|2026-09-29 02:50:00
15|55|Santiaguito|4326|1501310|1310|2026-09-29 02:50:00
15|55|La Virgen|4326|1501311|1311|2026-09-29 02:50:00
15|55|Llano Grande|4326|1501312|1312|2026-09-29 02:50:00
15|55|Nueva San Luis|4326|1501313|1313|2026-09-29 02:50:00
15|55|Agricola Lazaro Cardenas|4326|1501314|1314|2026-09-29 02:50:00
15|55|Agricola Bellavista|4326|1501315|1315|2026-09-29 02:50:00
15|107|Lomas Altas|4326|1501316|1316|2026-09-29 02:50:00
15|107|Tres Caminos|4326|1501317|1317|2026-09-29 02:50:00
15|55|Los Cisnes|4326|1501318|1318|2026-09-29 02:50:00
15|55|San Antonio|4326|1501319|1319|2026-09-29 02:50:00
15|55|Santa Rita|4326|1501320|1320|2026-09-29 02:50:00
15|107|Sixto Noguez Estrada 1ra Secc|4326|1501321|1321|2026-09-29 02:50:00
15|107|La Vega|4326|1501322|1322|2026-09-29 02:50:00
15|107|San Buenaventura|4326|1501323|1323|2026-09-29 02:50:00
15|53|San Martin|4326|1501324|1324|2026-09-29 02:50:00
15|107|Del Deporte|4326|1501325|1325|2026-09-29 02:50:00
15|55|Francisco I Madero|4326|1501326|1326|2026-09-29 02:50:00
15|55|Agricola Francisco I Madero|4326|1501327|1327|2026-09-29 02:50:00
15|53|San Guillermo|4326|1501328|1328|2026-09-29 02:50:00
15|107|Heroes Del 5 De Mayo|4326|1501329|1329|2026-09-29 02:50:00
15|53|La Soledad|4326|1501330|1330|2026-09-29 02:50:00
15|107|8 Cedros|4326|1501331|1331|2026-09-29 02:50:00
15|53|Santa Monica|4326|1501335|1335|2026-09-29 02:50:00
15|77|Alvaro Obregon|4326|1501337|1337|2026-09-29 02:50:00
15|77|Buenavista|4326|1501339|1339|2026-09-29 02:50:00
15|107|Guadalupe De San Buenaventura|4326|1501342|1342|2026-09-29 02:50:00
15|53|Loma Del Coporo|4326|1501343|1343|2026-09-29 02:50:00
15|107|Cultural|4326|1501344|1344|2026-09-29 02:50:00
15|107|La Ribera I|4326|1501353|1353|2026-09-29 02:50:00
15|107|14 De Diciembre|4326|1501356|1356|2026-09-29 02:50:00
15|77|San  Pedro|4326|1501357|1357|2026-09-29 02:50:00
15|107|La Ribera Ii|4326|1501361|1361|2026-09-29 02:50:00
15|55|Villas Romana Ii|4326|1501363|1363|2026-09-29 02:50:00
15|52|Hacienda Santa Clara|4326|1501364|1364|2026-09-29 02:50:00
15|103|Primera Manzana De Barrio Hidalgo|4326|1501365|1365|2026-09-29 02:50:00
15|103|Tercera De Barrio Iturbide (ixcaja)|4326|1501366|1366|2026-09-29 02:50:00
15|103|Segunda De Barrio Iturbide|4326|1501367|1367|2026-09-29 02:50:00
15|55|La Porta|4326|1501368|1368|2026-09-29 02:50:00
15|55|Villas Casa Blanca|4326|1501369|1369|2026-09-29 02:50:00
15|55|Rincon Los Reyes|4326|1501370|1370|2026-09-29 02:50:00
15|55|Villas Romana I|4326|1501371|1371|2026-09-29 02:50:00
15|55|Amphitrite|4326|1501372|1372|2026-09-29 02:50:00
15|55|Valle San Pedro|4326|1501373|1373|2026-09-29 02:50:00
15|123|Luvianos|4326|1501374|1374|2026-09-29 02:50:00
15|54|Los Alamos I|4326|1501375|1375|2026-09-29 02:50:00
15|46|Magisterial Federal Cruz De Dendho|4326|1501376|1376|2026-09-29 02:50:00
15|100|La Palma Coatlinchan|4326|1501379|1379|2026-09-29 02:50:00
15|100|San Lorenzo Palmillas Coatlinchan|4326|1501380|1380|2026-09-29 02:50:00
15|55|Villas Del Sol|4326|1501381|1381|2026-09-29 02:50:00
15|55|El Pueblito I|4326|1501382|1382|2026-09-29 02:50:00
15|55|El Pueblito Ii|4326|1501383|1383|2026-09-29 02:50:00
15|100|San Pedro Coatlinchan|4326|1501384|1384|2026-09-29 02:50:00
15|100|Praderas De Tehcuac|4326|1501385|1385|2026-09-29 02:50:00
15|100|San Miguel Coatlinchan - San Juan|4326|1501386|1386|2026-09-29 02:50:00
15|61|Miranda|4326|1501387|1387|2026-09-29 02:50:00
15|40|El Caracol|4326|1501388|1388|2026-09-29 02:50:00
15|40|La Huerta|4326|1501389|1389|2026-09-29 02:50:00
15|40|La Magdalena|4326|1501390|1390|2026-09-29 02:50:00
15|40|Melchor Ocampo|4326|1501391|1391|2026-09-29 02:50:00
15|40|Cerro Del Tejolote|4326|1501392|1392|2026-09-29 02:50:00
15|40|Valle Verde|4326|1501393|1393|2026-09-29 02:50:00
15|40|Capulin - Ampliacion Loma Bonita|4326|1501394|1394|2026-09-29 02:50:00
15|40|Escalerillas|4326|1501395|1395|2026-09-29 02:50:00
15|40|El Mirador|4326|1501396|1396|2026-09-29 02:50:00
15|40|El Zapote - Lomas De Ayotla|4326|1501397|1397|2026-09-29 02:50:00
15|40|Nopalito|4326|1501398|1398|2026-09-29 02:50:00
15|40|Mirto|4326|1501399|1399|2026-09-29 02:50:00
15|40|Santo Tomas|4326|1501400|1400|2026-09-29 02:50:00
15|40|Union Antorchista Zona 2|4326|1501401|1401|2026-09-29 02:50:00
15|40|Colinas De Escalerilla|4326|1501402|1402|2026-09-29 02:50:00
15|40|Paraje De Buenavista|4326|1501403|1403|2026-09-29 02:50:00
15|40|Acozac|4326|1501404|1404|2026-09-29 02:50:00
15|40|Ampliacion Morelos|4326|1501405|1405|2026-09-29 02:50:00
15|40|Nueva Independencia - Morelos|4326|1501406|1406|2026-09-29 02:50:00
15|40|Sin Nombre|4326|1501407|1407|2026-09-29 02:50:00
15|40|Elsa Cordova Moran|4326|1501408|1408|2026-09-29 02:50:00
15|40|Ricardo Calva Reyes|4326|1501409|1409|2026-09-29 02:50:00
15|40|Wenceslao Victoria Soto|4326|1501410|1410|2026-09-29 02:50:00
15|40|Guadalupana|4326|1501414|1414|2026-09-29 02:50:00
15|40|El Contadero|4326|1501415|1415|2026-09-29 02:50:00
15|40|Acozac|4326|1501417|1417|2026-09-29 02:50:00
15|40|Piedras Grandes|4326|1501418|1418|2026-09-29 02:50:00
15|40|Antonio Soberanes|4326|1501419|1419|2026-09-29 02:50:00
15|40|Tejalpa|4326|1501421|1421|2026-09-29 02:50:00
15|40|San Francisco|4326|1501424|1424|2026-09-29 02:50:00
15|40|San Francisco Acuautla|4326|1501428|1428|2026-09-29 02:50:00
15|40|San Francisco Acuautla|4326|1501429|1429|2026-09-29 02:50:00
15|40|San Juan|4326|1501432|1432|2026-09-29 02:50:00
15|40|Rosa De Castilla|4326|1501433|1433|2026-09-29 02:50:00
15|40|Independencia|4326|1501435|1435|2026-09-29 02:50:00
15|40|Lomas De Coatepec|4326|1501436|1436|2026-09-29 02:50:00
15|20|El Obelisco|4326|1501437|1437|2026-09-29 02:50:00
15|20|Ex-rancho San Felipe|4326|1501438|1438|2026-09-29 02:50:00
15|40|Tetitla - Coatepec|4326|1501439|1439|2026-09-29 02:50:00
15|40|Manuel Avila Camacho|4326|1501440|1440|2026-09-29 02:50:00
15|20|Conjunto El Oasis|4326|1501441|1441|2026-09-29 02:50:00
15|40|Rio Frio De Juarez|4326|1501442|1442|2026-09-29 02:50:00
15|20|Parque Residencial Coacalco|4326|1501443|1443|2026-09-29 02:50:00
15|100|Mecatillo|4326|1501466|1466|2026-09-29 02:50:00
15|55|La Herradura Iii|4326|1501467|1467|2026-09-29 02:50:00
15|55|Real Metepec|4326|1501468|1468|2026-09-29 02:50:00
15|55|Villas Ii|4326|1501469|1469|2026-09-29 02:50:00
15|55|La Herradura Ii|4326|1501470|1470|2026-09-29 02:50:00
15|55|La Herradura I|4326|1501471|1471|2026-09-29 02:50:00
15|55|Alborada|4326|1501472|1472|2026-09-29 02:50:00
15|55|Villas Dulces|4326|1501473|1473|2026-09-29 02:50:00
15|55|Villas Dante|4326|1501474|1474|2026-09-29 02:50:00
15|32|Jose Maria Luis Mora|4326|1501475|1475|2026-09-29 02:50:00
15|29|San Luis|4326|1501476|1476|2026-09-29 02:50:00
15|55|Estoril|4326|1501477|1477|2026-09-29 02:50:00
15|55|Santo Tomas|4326|1501478|1478|2026-09-29 02:50:00
15|55|Villas De Casa Blanca|4326|1501479|1479|2026-09-29 02:50:00
15|121|Paseos De San Juan|4326|1501480|1480|2026-09-29 02:50:00
15|18|La Guadalupana|4326|1501481|1481|2026-09-29 02:50:00
15|55|Villa Abril|4326|1501482|1482|2026-09-29 02:50:00
15|55|Casa Real|4326|1501483|1483|2026-09-29 02:50:00
15|55|Mision Viejo|4326|1501484|1484|2026-09-29 02:50:00
15|55|La Gavia Ii|4326|1501485|1485|2026-09-29 02:50:00
15|55|La Gavia I|4326|1501486|1486|2026-09-29 02:50:00
15|55|La Trinidad|4326|1501487|1487|2026-09-29 02:50:00
15|55|Villas Iii|4326|1501488|1488|2026-09-29 02:50:00
15|55|Quintas Las Manzanas|4326|1501489|1489|2026-09-29 02:50:00
15|55|Versalles|4326|1501490|1490|2026-09-29 02:50:00
15|55|Torre Vieja|4326|1501491|1491|2026-09-29 02:50:00
15|55|San Salvador|4326|1501492|1492|2026-09-29 02:50:00
15|55|La Capilla|4326|1501493|1493|2026-09-29 02:50:00
15|55|Altavista|4326|1501494|1494|2026-09-29 02:50:00
15|55|San Luis I|4326|1501495|1495|2026-09-29 02:50:00
15|55|San Luis Ii|4326|1501496|1496|2026-09-29 02:50:00
15|55|Quinta Las Azaleas|4326|1501497|1497|2026-09-29 02:50:00
15|55|Real De Azaleas I|4326|1501498|1498|2026-09-29 02:50:00
15|82|Real Del Sol|4326|1501499|1499|2026-09-29 02:50:00
15|93|San Sebastian Xolalpan|4326|1501500|1500|2026-09-29 02:50:00
15|93|Santa Maria Coatlan|4326|1501501|1501|2026-09-29 02:50:00
15|100|Arboledas - Ejd El Huizachal|4326|1501502|1502|2026-09-29 02:50:00
15|91|Del Bosque|4326|1501504|1504|2026-09-29 02:50:00
15|26|Arboledas|4326|1501505|1505|2026-09-29 02:50:00
15|26|Jardines De Mirafuentes|4326|1501506|1506|2026-09-29 02:50:00
15|26|Santa Cruz|4326|1501507|1507|2026-09-29 02:50:00
15|40|Geovillas Jesus Maria|4326|1501510|1510|2026-09-29 02:50:00
15|107|El Carmen Totoltepec|4326|1501512|1512|2026-09-29 02:50:00
15|55|Verona|4326|1501513|1513|2026-09-29 02:50:00
15|55|Los Pinos|4326|1501514|1514|2026-09-29 02:50:00
15|55|San Jeronimo Chicahualco|4326|1501515|1515|2026-09-29 02:50:00
15|55|Pilares|4326|1501516|1516|2026-09-29 02:50:00
15|107|San Mateo Oxtotitlan|4326|1501517|1517|2026-09-29 02:50:00
15|107|Ni?os Heroes De Chapultepec|4326|1501519|1519|2026-09-29 02:50:00
15|9|Santa Rosa|4326|1501520|1520|2026-09-29 02:50:00
15|9|San Francisco Zentlalpan|4326|1501521|1521|2026-09-29 02:50:00
15|9|Aldea De Los Reyes|4326|1501522|1522|2026-09-29 02:50:00
15|104|Villa Rincon De Las Monta?as|4326|1501523|1523|2026-09-29 02:50:00
15|107|Ferrocarriles Nales Y Reforma|4326|1501524|1524|2026-09-29 02:50:00
15|104|Santa Maria|4326|1501525|1525|2026-09-29 02:50:00
15|104|San Cristobal Tezopilo|4326|1501526|1526|2026-09-29 02:50:00
15|107|Rdcial Reforma|4326|1501527|1527|2026-09-29 02:50:00
15|107|Fidel Velazquez|4326|1501528|1528|2026-09-29 02:50:00
15|107|5 De Mayo|4326|1501529|1529|2026-09-29 02:50:00
15|20|Granjas Cor|4326|1501531|1531|2026-09-29 02:50:00
15|107|Colonial Santa Ana|4326|1501532|1532|2026-09-29 02:50:00
15|107|Estrella V|4326|1501534|1534|2026-09-29 02:50:00
15|107|Real De Santa Ana|4326|1501535|1535|2026-09-29 02:50:00
15|120|El Ahuatzingo|4326|1501536|1536|2026-09-29 02:50:00
15|120|Chiapa San Isidro|4326|1501537|1537|2026-09-29 02:50:00
15|120|Santa Cruz Atempa|4326|1501538|1538|2026-09-29 02:50:00
15|120|Santa Ana Despoblado|4326|1501539|1539|2026-09-29 02:50:00
15|120|San Gaspar|4326|1501540|1540|2026-09-29 02:50:00
15|120|Santa Maria La Asuncion|4326|1501542|1542|2026-09-29 02:50:00
15|108|La Puerta De Santiago|4326|1501543|1543|2026-09-29 02:50:00
15|108|El Zapote|4326|1501544|1544|2026-09-29 02:50:00
15|107|Izcalli Ipiem|4326|1501546|1546|2026-09-29 02:50:00
15|108|San Miguel|4326|1501547|1547|2026-09-29 02:50:00
15|107|Progreso|4326|1501548|1548|2026-09-29 02:50:00
15|107|Juan Beltran|4326|1501549|1549|2026-09-29 02:50:00
15|41|El Salitre|4326|1501550|1550|2026-09-29 02:50:00
15|41|El Arenal De Las Ollas|4326|1501551|1551|2026-09-29 02:50:00
15|41|Puerta Grande|4326|1501552|1552|2026-09-29 02:50:00
15|41|San Alejo|4326|1501553|1553|2026-09-29 02:50:00
15|107|San Juan Buenavista|4326|1501554|1554|2026-09-29 02:50:00
15|100|Fracc San Mateo I - Col San Mateo|4326|1501556|1556|2026-09-29 02:50:00
15|55|Municipal|4326|1501557|1557|2026-09-29 02:50:00
15|89|Las Casuarinas|4326|1501558|1558|2026-09-29 02:50:00
15|55|Isidro Fabela Issemym|4326|1501559|1559|2026-09-29 02:50:00
15|55|Jesus Jimenez Gallardo|4326|1501560|1560|2026-09-29 02:50:00
15|89|Santa Cruz Quetzalapa|4326|1501561|1561|2026-09-29 02:50:00
15|89|Nuevo|4326|1501562|1562|2026-09-29 02:50:00
15|89|San Juan Tetitlan|4326|1501563|1563|2026-09-29 02:50:00
15|89|Chalchihuapan|4326|1501564|1564|2026-09-29 02:50:00
15|55|San Carlos|4326|1501565|1565|2026-09-29 02:50:00
15|55|San Francisco Coaxusco|4326|1501566|1566|2026-09-29 02:50:00
15|89|La Mesita|4326|1501567|1567|2026-09-29 02:50:00
15|89|Tierra Blanca|4326|1501568|1568|2026-09-29 02:50:00
15|89|Santa Teresa|4326|1501569|1569|2026-09-29 02:50:00
15|55|Arboleda - Ex Rancho La Purisima|4326|1501570|1570|2026-09-29 02:50:00
15|53|Pachuquilla|4326|1501571|1571|2026-09-29 02:50:00
15|55|Hipico|4326|1501572|1572|2026-09-29 02:50:00
15|55|Las Haciendas|4326|1501573|1573|2026-09-29 02:50:00
15|55|Conjunto Residencial Metepec|4326|1501574|1574|2026-09-29 02:50:00
15|61|La Gloria|4326|1501575|1575|2026-09-29 02:50:00
15|43|Emiliano Zapata|4326|1501576|1576|2026-09-29 02:50:00
15|61|La Y Griega|4326|1501577|1577|2026-09-29 02:50:00
15|61|Progreso Industrial|4326|1501578|1578|2026-09-29 02:50:00
15|48|Segunda Santa Cruz Tepexpan|4326|1501579|1579|2026-09-29 02:50:00
15|121|Santa Cecilia|4326|1501580|1580|2026-09-29 02:50:00
15|113|Juarez|4326|1501581|1581|2026-09-29 02:50:00
15|113|Las Hectareas|4326|1501582|1582|2026-09-29 02:50:00
15|26|El Naranjo|4326|1501583|1583|2026-09-29 02:50:00
15|26|Los Alamos|4326|1501584|1584|2026-09-29 02:50:00
15|55|Rincon De San Lorenzo|4326|1501585|1585|2026-09-29 02:50:00
15|55|Ali Chumacero|4326|1501586|1586|2026-09-29 02:50:00
15|61|Conjunto Urbano Rinconada Lago De Guadalupe|4326|1501589|1589|2026-09-29 02:50:00
15|24|Alamos Iii|4326|1501590|1590|2026-09-29 02:50:00
15|119|Sin Nombre|4326|1501594|1594|2026-09-29 02:50:00
15|55|Real De Metepec|4326|1501595|1595|2026-09-29 02:50:00
15|55|Quinta Don Miguel|4326|1501596|1596|2026-09-29 02:50:00
15|55|Los Arces|4326|1501597|1597|2026-09-29 02:50:00
15|55|Rincon De Las Jaras|4326|1501598|1598|2026-09-29 02:50:00
15|109|Tlalmelaca|4326|1501599|1599|2026-09-29 02:50:00
15|109|San Pablito|4326|1501600|1600|2026-09-29 02:50:00
15|109|San Pablo Otlica|4326|1501601|1601|2026-09-29 02:50:00
15|109|San Antonio Xahuento|4326|1501602|1602|2026-09-29 02:50:00
15|48|Tercera Manzana|4326|1501603|1603|2026-09-29 02:50:00
15|20|Privadas Residenciales Los Cedros|4326|1501604|1604|2026-09-29 02:50:00
15|52|Zacamulpa Tlalmimilolpan|4326|1501605|1605|2026-09-29 02:50:00
15|88|Buenaventura|4326|1501606|1606|2026-09-29 02:50:00
15|52|Ca?ada De Alferez|4326|1501607|1607|2026-09-29 02:50:00
15|48|Primera Manzana|4326|1501609|1609|2026-09-29 02:50:00
15|48|Segunda Manzana|4326|1501610|1610|2026-09-29 02:50:00
15|106|Santa Ana Zicatecoyan|4326|1501611|1611|2026-09-29 02:50:00
15|100|La Magdalena Panoaya|4326|1501612|1612|2026-09-29 02:50:00
15|88|Centro Ceremonial Otomi|4326|1501613|1613|2026-09-29 02:50:00
15|88|Adolfo Lopez Mateos|4326|1501614|1614|2026-09-29 02:50:00
15|82|Real Granada|4326|1501615|1615|2026-09-29 02:50:00
15|5|Rancho San Juan|4326|1501616|1616|2026-09-29 02:50:00
15|11|El Amanal|4326|1501617|1617|2026-09-29 02:50:00
15|108|San Felipe|4326|1501618|1618|2026-09-29 02:50:00
15|108|San Gaspar|4326|1501619|1619|2026-09-29 02:50:00
15|20|Bosques De Lomas De Coacalco|4326|1501620|1620|2026-09-29 02:50:00
15|107|El Bayo|4326|1501621|1621|2026-09-29 02:50:00
15|40|Hornos De San Francisco|4326|1501622|1622|2026-09-29 02:50:00
15|65|Colonia Francisco I Madero|4326|1501623|1623|2026-09-29 02:50:00
15|20|Columnas Coacalco|4326|1501625|1625|2026-09-29 02:50:00
15|88|San Lorenzo Oyamel Primera Seccion|4326|1501626|1626|2026-09-29 02:50:00
15|88|San Lorenzo Oyamel Segunda Seccion|4326|1501627|1627|2026-09-29 02:50:00
15|88|San Lorenzo Oyamel Tercera Seccion|4326|1501628|1628|2026-09-29 02:50:00
15|88|Calle Real|4326|1501629|1629|2026-09-29 02:50:00
15|107|San Blas Totoltepec|4326|1501631|1631|2026-09-29 02:50:00
15|34|El Gigante|4326|1501632|1632|2026-09-29 02:50:00
15|119|Serraton|4326|1501633|1633|2026-09-29 02:50:00
15|34|Arandas (lirios)|4326|1501634|1634|2026-09-29 02:50:00
15|34|Guadalupe Victoria|4326|1501635|1635|2026-09-29 02:50:00
15|34|Guadalupe Victoria|4326|1501636|1636|2026-09-29 02:50:00
15|10|3 De Mayo|4326|1501637|1637|2026-09-29 02:50:00
15|52|Metate Viejo Tlalmimilolpan|4326|1501638|1638|2026-09-29 02:50:00
15|40|Pinos|4326|1501639|1639|2026-09-29 02:50:00
15|52|Rincon Del Bosque|4326|1501640|1640|2026-09-29 02:50:00
15|52|Hacienda Lerma|4326|1501641|1641|2026-09-29 02:50:00
15|44|Mezapa La Fabrica|4326|1501642|1642|2026-09-29 02:50:00
15|97|San Miguel|4326|1501643|1643|2026-09-29 02:50:00
15|75|San Antonio De Las Huertas|4326|1501644|1644|2026-09-29 02:50:00
15|82|Quinta Versalles|4326|1501645|1645|2026-09-29 02:50:00
15|82|Milpisco|4326|1501646|1646|2026-09-29 02:50:00
15|82|El Frijolito|4326|1501647|1647|2026-09-29 02:50:00
15|39|Cashte|4326|1501648|1648|2026-09-29 02:50:00
15|82|Tezontla|4326|1501649|1649|2026-09-29 02:50:00
15|100|San Pedro Santa Ursula|4326|1501651|1651|2026-09-29 02:50:00
15|88|Tierra Blanca|4326|1501652|1652|2026-09-29 02:50:00
15|88|Tlaltenanguito|4326|1501653|1653|2026-09-29 02:50:00
15|26|Santa Cruz Amalinalco|4326|1501654|1654|2026-09-29 02:50:00
15|46|Huizache Segunda Seccin|4326|1501655|1655|2026-09-29 02:50:00
15|46|Las Pe?as Primera Seccin|4326|1501656|1656|2026-09-29 02:50:00
15|46|Las Pe?as Segunda Seccin|4326|1501657|1657|2026-09-29 02:50:00
15|107|San Nateo|4326|1501658|1658|2026-09-29 02:50:00
15|107|Colonial Pinares De Santiago|4326|1501659|1659|2026-09-29 02:50:00
15|48|Loma Endotzi (manzana Seis)|4326|1501660|1660|2026-09-29 02:50:00
15|26|Sin Nombre|4326|1501661|1661|2026-09-29 02:50:00
15|54|Rancho Santa Monica|4326|1501662|1662|2026-09-29 02:50:00
15|54|San Francisco Tenopalco|4326|1501663|1663|2026-09-29 02:50:00
15|24|Rancho El Terremoto|4326|1501664|1664|2026-09-29 02:50:00
15|24|La Corregidora|4326|1501665|1665|2026-09-29 02:50:00
15|24|Hacienda  Cuautitlan|4326|1501666|1666|2026-09-29 02:50:00
15|75|Colonia Plateros, Palmillas|4326|1501667|1667|2026-09-29 02:50:00
15|75|Palmillas|4326|1501668|1668|2026-09-29 02:50:00
15|1|Esdoca|4326|1501669|1669|2026-09-29 02:50:00
15|1|Botidi|4326|1501670|1670|2026-09-29 02:50:00
15|88|La Magdalena Tenexpan 3ra Seccion|4326|1501671|1671|2026-09-29 02:50:00
15|88|La Magdalena Tenexpan 4ta Seccion|4326|1501672|1672|2026-09-29 02:50:00
15|26|Sin Nombre|4326|1501673|1673|2026-09-29 02:50:00
15|88|Colonia Morelos|4326|1501674|1674|2026-09-29 02:50:00
15|88|San Diego Alcala 3ra Seccion|4326|1501675|1675|2026-09-29 02:50:00
15|88|San Diego Alcala 4ta Seccion -col Lazaro Cardenas|4326|1501676|1676|2026-09-29 02:50:00
15|88|San Diego Alcala 5ta Seccion-silverio Galicia Garcia|4326|1501677|1677|2026-09-29 02:50:00
15|75|San Jeronimo Bonchete|4326|1501678|1678|2026-09-29 02:50:00
15|121|Militar Santa Lucia|4326|1501679|1679|2026-09-29 02:50:00
15|121|Santa Lucia|4326|1501680|1680|2026-09-29 02:50:00
15|61|Bosques De San Nicolas|4326|1501681|1681|2026-09-29 02:50:00
15|61|Caja De Agua|4326|1501682|1682|2026-09-29 02:50:00
15|18|Valle De Las Fuentes|4326|1501683|1683|2026-09-29 02:50:00
15|75|Dotegiare|4326|1501684|1684|2026-09-29 02:50:00
15|49|Concepcion Caro|4326|1501685|1685|2026-09-29 02:50:00
15|49|Siffari|4326|1501686|1686|2026-09-29 02:50:00
15|18|San Lorenzo Cuauhtenco|4326|1501687|1687|2026-09-29 02:50:00
15|5|Ejido Paredon|4326|1501688|1688|2026-09-29 02:50:00
15|5|El Santito|4326|1501689|1689|2026-09-29 02:50:00
15|100|Tlalmemelolpan Cuautlalpan|4326|1501690|1690|2026-09-29 02:50:00
15|107|Rinconada De Santiago|4326|1501691|1691|2026-09-29 02:50:00
15|107|Colonia Sierra Morelos|4326|1501692|1692|2026-09-29 02:50:00
15|56|Las Palmas|4326|1501693|1693|2026-09-29 02:50:00
15|25|La Aurora|4326|1501695|1695|2026-09-29 02:50:00
15|25|Las Auroritas|4326|1501696|1696|2026-09-29 02:50:00
15|25|La Piedad|4326|1501697|1697|2026-09-29 02:50:00
15|25|San Antonio|4326|1501698|1698|2026-09-29 02:50:00
15|25|San Francisco Tepojaco|4326|1501699|1699|2026-09-29 02:50:00
15|25|Lago De Guadalupe|4326|1501700|1700|2026-09-29 02:50:00
15|25|Tres De Mayo|4326|1501701|1701|2026-09-29 02:50:00
15|25|Lomas Del Bosque|4326|1501702|1702|2026-09-29 02:50:00
15|25|Bosques Del Lago|4326|1501703|1703|2026-09-29 02:50:00
15|25|El Sabino|4326|1501705|1705|2026-09-29 02:50:00
15|25|Xhala|4326|1501706|1706|2026-09-29 02:50:00
15|25|Joaquin Lopez Negrete|4326|1501707|1707|2026-09-29 02:50:00
15|25|Paseo De Los Jardines|4326|1501708|1708|2026-09-29 02:50:00
15|25|Bosques De Xhala|4326|1501709|1709|2026-09-29 02:50:00
15|25|Ejidos Del Socorro|4326|1501710|1710|2026-09-29 02:50:00
15|25|San Sebastian Xhala|4326|1501711|1711|2026-09-29 02:50:00
15|25|San Lorenzo Rio Tenco|4326|1501712|1712|2026-09-29 02:50:00
15|25|Vista Hermosa|4326|1501713|1713|2026-09-29 02:50:00
15|25|Jaltipa|4326|1501714|1714|2026-09-29 02:50:00
15|25|San Mateo Ixtacalco|4326|1501715|1715|2026-09-29 02:50:00
15|25|Santa Barbara|4326|1501716|1716|2026-09-29 02:50:00
15|25|Ex - Hacienda San Jose|4326|1501717|1717|2026-09-29 02:50:00
15|25|Campestre Del Lago|4326|1501718|1718|2026-09-29 02:50:00
15|25|San Jose Puente Grande|4326|1501719|1719|2026-09-29 02:50:00
15|25|Industrial Tres Rios|4326|1501723|1723|2026-09-29 02:50:00
15|110|Tulipanes|4326|1501736|1736|2026-09-29 02:50:00
15|110|Ampl La Sarda?a|4326|1501737|1737|2026-09-29 02:50:00
15|25|La Joya|4326|1501747|1747|2026-09-29 02:50:00
15|25|Ejidal San Isidro|4326|1501748|1748|2026-09-29 02:50:00
15|13|Emiliano Zapata|4326|1501751|1751|2026-09-29 02:50:00
15|25|El Roble|4326|1501763|1763|2026-09-29 02:50:00
15|24|El Terremoto|4326|1501790|1790|2026-09-29 02:50:00
15|24|El Tejocote|4326|1501793|1793|2026-09-29 02:50:00
15|100|Leyes De Reforma|4326|1501796|1796|2026-09-29 02:50:00
15|100|3ra Secc De Leyes De Reforma|4326|1501797|1797|2026-09-29 02:50:00
15|24|San Esteban|4326|1501799|1799|2026-09-29 02:50:00
15|24|Tlaltepan|4326|1501805|1805|2026-09-29 02:50:00
15|100|2da Ampliacion Leyes De Reforma|4326|1501809|1809|2026-09-29 02:50:00
15|24|Villas De Cuautitlan|4326|1501814|1814|2026-09-29 02:50:00
15|24|Villas Olivo Ii|4326|1501816|1816|2026-09-29 02:50:00
15|34|Alamos De San Cristobal|4326|1501818|1818|2026-09-29 02:50:00
15|24|Lazaro Cardenas|4326|1501821|1821|2026-09-29 02:50:00
15|20|Conjunto Las Brisas|4326|1501825|1825|2026-09-29 02:50:00
15|24|Cristal|4326|1501828|1828|2026-09-29 02:50:00
15|20|El Granero|4326|1501830|1830|2026-09-29 02:50:00
15|24|Los Olivos|4326|1501831|1831|2026-09-29 02:50:00
15|24|Mayorazgo|4326|1501842|1842|2026-09-29 02:50:00
15|24|Cebadales|4326|1501844|1844|2026-09-29 02:50:00
15|24|San Mateo Ixtacalco Tlaxculpas|4326|1501850|1850|2026-09-29 02:50:00
15|20|Conjunto Los Sabinos|4326|1501853|1853|2026-09-29 02:50:00
15|125|La Chinampa|4326|1501854|1854|2026-09-29 02:50:00
15|125|La Asuncion|4326|1501855|1855|2026-09-29 02:50:00
15|40|Geovillas De Ayotla|4326|1501856|1856|2026-09-29 02:50:00
15|92|San Jose|4326|1501857|1857|2026-09-29 02:50:00
15|59|Fraccion Xvii|4326|1501858|1858|2026-09-29 02:50:00
15|59|San Miguel Xaltocan|4326|1501859|1859|2026-09-29 02:50:00
15|40|Rancho De Guadalupe|4326|1501860|1860|2026-09-29 02:50:00
15|59|San Mateo Acuitlapilco|4326|1501861|1861|2026-09-29 02:50:00
15|59|Prados De San Francisco|4326|1501862|1862|2026-09-29 02:50:00
15|40|Rancho El Carmen|4326|1501863|1863|2026-09-29 02:50:00
15|65|Santa Rosa De Lima|4326|1501864|1864|2026-09-29 02:50:00
15|59|Los Aguiluchos|4326|1501865|1865|2026-09-29 02:50:00
15|40|Luis Donaldo Colosio|4326|1501866|1866|2026-09-29 02:50:00
15|100|Centro|4326|1501867|1867|2026-09-29 02:50:00
15|59|San Pedro Miltenco|4326|1501868|1868|2026-09-29 02:50:00
15|40|Rigoberta Menchu|4326|1501869|1869|2026-09-29 02:50:00
15|65|Santiago Oxtempan|4326|1501871|1871|2026-09-29 02:50:00
15|59|Las Malvinas|4326|1501872|1872|2026-09-29 02:50:00
15|59|San Pedro Miltenco|4326|1501873|1873|2026-09-29 02:50:00
15|40|Ilhuicamina|4326|1501874|1874|2026-09-29 02:50:00
15|59|San Francisco Molonco|4326|1501875|1875|2026-09-29 02:50:00
15|92|Guadalupe|4326|1501876|1876|2026-09-29 02:50:00
15|59|San Esteban Ecatitlan|4326|1501878|1878|2026-09-29 02:50:00
15|65|San Nicolas El Oro|4326|1501879|1879|2026-09-29 02:50:00
15|40|Citlalmina|4326|1501880|1880|2026-09-29 02:50:00
15|59|Central|4326|1501882|1882|2026-09-29 02:50:00
15|65|El Oro De Hidalgo|4326|1501883|1883|2026-09-29 02:50:00
15|65|Aquiles Serdan|4326|1501885|1885|2026-09-29 02:50:00
15|59|San Juan Atenanco|4326|1501886|1886|2026-09-29 02:50:00
15|65|Benito Juarez|4326|1501887|1887|2026-09-29 02:50:00
15|59|Santiago Atocan|4326|1501889|1889|2026-09-29 02:50:00
15|45|La Lagunilla|4326|1501890|1890|2026-09-29 02:50:00
15|45|San Andres Jaltenco|4326|1501891|1891|2026-09-29 02:50:00
15|65|Tapaxco|4326|1501892|1892|2026-09-29 02:50:00
15|40|Tlacaelel|4326|1501894|1894|2026-09-29 02:50:00
15|20|Las Rosas|4326|1501895|1895|2026-09-29 02:50:00
15|65|Buenavista|4326|1501896|1896|2026-09-29 02:50:00
15|20|Rincon De Las Fuentes|4326|1501897|1897|2026-09-29 02:50:00
15|65|La Concepcion Ii|4326|1501899|1899|2026-09-29 02:50:00
15|45|San Martin|4326|1501900|1900|2026-09-29 02:50:00
15|100|San Martin - Barr La Trinidad|4326|1501901|1901|2026-09-29 02:50:00
15|20|El Potrero|4326|1501902|1902|2026-09-29 02:50:00
15|65|San Jose|4326|1501903|1903|2026-09-29 02:50:00
15|100|La Trinidad|4326|1501904|1904|2026-09-29 02:50:00
15|20|Villa De Reyes|4326|1501905|1905|2026-09-29 02:50:00
15|100|La Conchita|4326|1501907|1907|2026-09-29 02:50:00
15|100|Valle De Santa Cruz|4326|1501909|1909|2026-09-29 02:50:00
15|20|Conjunto Hacienda Cruztitla I|4326|1501910|1910|2026-09-29 02:50:00
15|20|Conjunto Hacienda Cruztitla Ii|4326|1501911|1911|2026-09-29 02:50:00
15|65|Agua Escondida|4326|1501912|1912|2026-09-29 02:50:00
15|100|San Juanito|4326|1501913|1913|2026-09-29 02:50:00
15|20|Paraiso Ii|4326|1501914|1914|2026-09-29 02:50:00
15|20|Paraiso I|4326|1501915|1915|2026-09-29 02:50:00
15|20|3ra Col De Periodistas|4326|1501916|1916|2026-09-29 02:50:00
15|20|Villa Spem|4326|1501917|1917|2026-09-29 02:50:00
15|20|Calpulli Del Valle|4326|1501918|1918|2026-09-29 02:50:00
15|92|San Sebastian|4326|1501919|1919|2026-09-29 02:50:00
15|92|Ejidal Santa Cruz Del Monte|4326|1501920|1920|2026-09-29 02:50:00
15|20|Lomas De Coacalco|4326|1501921|1921|2026-09-29 02:50:00
15|40|Hornos De Santa Barbara|4326|1501923|1923|2026-09-29 02:50:00
15|40|Arbolada Ixtapaluca|4326|1501924|1924|2026-09-29 02:50:00
15|20|Jalatlaco|4326|1501926|1926|2026-09-29 02:50:00
15|20|El Ranchito|4326|1501927|1927|2026-09-29 02:50:00
15|20|Republica Mexicana|4326|1501928|1928|2026-09-29 02:50:00
15|20|Loma Bonita|4326|1501929|1929|2026-09-29 02:50:00
15|20|Los Acuales|4326|1501930|1930|2026-09-29 02:50:00
15|20|El Gigante|4326|1501931|1931|2026-09-29 02:50:00
15|20|El Laurel|4326|1501932|1932|2026-09-29 02:50:00
15|20|Hidalgo|4326|1501933|1933|2026-09-29 02:50:00
15|20|Ejidal|4326|1501934|1934|2026-09-29 02:50:00
15|20|La Cima|4326|1501935|1935|2026-09-29 02:50:00
15|20|La Cima|4326|1501936|1936|2026-09-29 02:50:00
15|24|San Francisco Tenopalco|4326|1501937|1937|2026-09-29 02:50:00
15|54|La Florida|4326|1501938|1938|2026-09-29 02:50:00
15|54|Lomas De Tenopalco|4326|1501939|1939|2026-09-29 02:50:00
15|54|Dos De Septiembre|4326|1501940|1940|2026-09-29 02:50:00
15|54|Revolucionaria|4326|1501941|1941|2026-09-29 02:50:00
15|54|El Mirador|4326|1501942|1942|2026-09-29 02:50:00
15|54|Paraje La Carranza|4326|1501943|1943|2026-09-29 02:50:00
15|54|Xochimiquia|4326|1501944|1944|2026-09-29 02:50:00
15|54|La Carranza|4326|1501945|1945|2026-09-29 02:50:00
15|54|El Mirador|4326|1501946|1946|2026-09-29 02:50:00
15|54|Se?or De Los Milagros|4326|1501947|1947|2026-09-29 02:50:00
15|54|San Isidro|4326|1501948|1948|2026-09-29 02:50:00
15|54|Educacion|4326|1501949|1949|2026-09-29 02:50:00
15|54|Melchor Ocampo|4326|1501950|1950|2026-09-29 02:50:00
15|54|San Antonio|4326|1501951|1951|2026-09-29 02:50:00
15|54|Torresco|4326|1501952|1952|2026-09-29 02:50:00
15|54|Tlapala|4326|1501953|1953|2026-09-29 02:50:00
15|54|Xacopinca|4326|1501954|1954|2026-09-29 02:50:00
15|26|Santa Cruz|4326|1501955|1955|2026-09-29 02:50:00
15|26|San Miguel|4326|1501957|1957|2026-09-29 02:50:00
15|90|Amilco|4326|1501958|1958|2026-09-29 02:50:00
15|90|La Palma|4326|1501959|1959|2026-09-29 02:50:00
15|90|Tecuatitla|4326|1501960|1960|2026-09-29 02:50:00
15|90|Santiago Tepopula|4326|1501961|1961|2026-09-29 02:50:00
15|90|De Las Flores|4326|1501962|1962|2026-09-29 02:50:00
15|90|San Mateo Tepopula|4326|1501963|1963|2026-09-29 02:50:00
15|90|El Mirador|4326|1501964|1964|2026-09-29 02:50:00
15|107|Villas De San Mateo|4326|1501965|1965|2026-09-29 02:50:00
15|107|Club Jardin|4326|1501966|1966|2026-09-29 02:50:00
15|121|Santa Maria|4326|1501967|1967|2026-09-29 02:50:00
15|107|Guadalupe|4326|1501968|1968|2026-09-29 02:50:00
15|104|El Eden|4326|1501969|1969|2026-09-29 02:50:00
15|107|Conj Club Jardin|4326|1501970|1970|2026-09-29 02:50:00
15|104|El Centenario|4326|1501971|1971|2026-09-29 02:50:00
15|104|Jerusalem|4326|1501972|1972|2026-09-29 02:50:00
15|104|Magisterial|4326|1501973|1973|2026-09-29 02:50:00
15|107|La Teja Ii|4326|1501974|1974|2026-09-29 02:50:00
15|107|La Teja I|4326|1501975|1975|2026-09-29 02:50:00
15|107|Club Jardin|4326|1501976|1976|2026-09-29 02:50:00
15|104|Infonavit Fidel Velazquez|4326|1501977|1977|2026-09-29 02:50:00
15|121|San Marcos|4326|1501978|1978|2026-09-29 02:50:00
15|107|La Teja|4326|1501979|1979|2026-09-29 02:50:00
15|104|Nochistongo|4326|1501980|1980|2026-09-29 02:50:00
15|104|De Los Chincolos|4326|1501981|1981|2026-09-29 02:50:00
15|104|San Diego|4326|1501982|1982|2026-09-29 02:50:00
15|107|Carlos Hank Gonzalez|4326|1501983|1983|2026-09-29 02:50:00
15|107|Los Frailes|4326|1501984|1984|2026-09-29 02:50:00
15|107|Los Pinos|4326|1501985|1985|2026-09-29 02:50:00
15|121|Santa Maria El Llano|4326|1501986|1986|2026-09-29 02:50:00
15|104|La Rumorosa|4326|1501987|1987|2026-09-29 02:50:00
15|107|San Juan De La Cruz|4326|1501988|1988|2026-09-29 02:50:00
15|32|Acuitlapilco|4326|1501989|1989|2026-09-29 02:50:00
15|104|Cerro De La Cruz|4326|1501990|1990|2026-09-29 02:50:00
15|32|Union Antorchista - 1ra Seccion Acuitlapilco|4326|1501991|1991|2026-09-29 02:50:00
15|32|4 De Febrero|4326|1501992|1992|2026-09-29 02:50:00
15|104|Cruz De Mayo 1|4326|1501993|1993|2026-09-29 02:50:00
15|32|Luis Donaldo Colosio|4326|1501994|1994|2026-09-29 02:50:00
15|32|Tepalcates|4326|1501995|1995|2026-09-29 02:50:00
15|104|Hermanos Pe?a|4326|1501996|1996|2026-09-29 02:50:00
15|104|Vista Bella|4326|1501997|1997|2026-09-29 02:50:00
15|104|Vista Hermosa|4326|1501998|1998|2026-09-29 02:50:00
15|121|Loma Bonita|4326|1501999|1999|2026-09-29 02:50:00
15|32|Luis Cordoba Reyes|4326|1502000|2000|2026-09-29 02:50:00
15|104|San Pedro|4326|1502001|2001|2026-09-29 02:50:00
15|104|La Esperanza|4326|1502002|2002|2026-09-29 02:50:00
15|32|Luis Cordoba Reyes|4326|1502003|2003|2026-09-29 02:50:00
15|104|Santo Tomas Atzingo|4326|1502004|2004|2026-09-29 02:50:00
15|107|San Andres Cuexcontitlan Secc 1|4326|1502005|2005|2026-09-29 02:50:00
15|107|San Andres Cuexcontitlan Secc 2|4326|1502006|2006|2026-09-29 02:50:00
15|107|San Andres Cuexcontitlan Secc 3|4326|1502007|2007|2026-09-29 02:50:00
15|104|San Jose Zavaleta|4326|1502008|2008|2026-09-29 02:50:00
15|104|Ladrillera Las Margaritas|4326|1502009|2009|2026-09-29 02:50:00
15|107|Villas Los Angeles Tol Ii|4326|1502010|2010|2026-09-29 02:50:00
15|107|Plazas De San Buenaventura|4326|1502013|2013|2026-09-29 02:50:00
15|107|Vicente Guerrero|4326|1502014|2014|2026-09-29 02:50:00
15|107|Rdcial Colon|4326|1502015|2015|2026-09-29 02:50:00
15|107|Colon|4326|1502016|2016|2026-09-29 02:50:00
15|107|Federal|4326|1502017|2017|2026-09-29 02:50:00
15|107|Colon Y Cipres|4326|1502018|2018|2026-09-29 02:50:00
15|107|Francisco Murguia - El Calvario|4326|1502019|2019|2026-09-29 02:50:00
15|107|Morelos|4326|1502020|2020|2026-09-29 02:50:00
15|107|De La Retama|4326|1502021|2021|2026-09-29 02:50:00
15|107|De El Coporo|4326|1502022|2022|2026-09-29 02:50:00
15|107|Centro|4326|1502023|2023|2026-09-29 02:50:00
15|107|Francisco Murguia|4326|1502024|2024|2026-09-29 02:50:00
15|107|Universidad|4326|1502025|2025|2026-09-29 02:50:00
15|41|Plan De San Miguel|4326|1502026|2026|2026-09-29 02:50:00
15|114|San Lucas Totolmajac|4326|1502028|2028|2026-09-29 02:50:00
15|114|Totolmajac|4326|1502029|2029|2026-09-29 02:50:00
15|114|La Finca|4326|1502032|2032|2026-09-29 02:50:00
15|104|Ejido San Lorenzo|4326|1502033|2033|2026-09-29 02:50:00
15|104|Jardines De San Lorenzo|4326|1502035|2035|2026-09-29 02:50:00
15|104|San Lorenzo Tlalmimilolpan|4326|1502037|2037|2026-09-29 02:50:00
15|22|San Andres Metla|4326|1502038|2038|2026-09-29 02:50:00
15|26|Benito Juarez|4326|1502039|2039|2026-09-29 02:50:00
15|26|Llano Del Moral|4326|1502040|2040|2026-09-29 02:50:00
15|115|Los Cedros|4326|1502041|2041|2026-09-29 02:50:00
15|22|20 De Noviembre|4326|1502042|2042|2026-09-29 02:50:00
15|22|Tlapipinca|4326|1502043|2043|2026-09-29 02:50:00
15|115|Rameje|4326|1502044|2044|2026-09-29 02:50:00
15|22|Ayotepec|4326|1502045|2045|2026-09-29 02:50:00
15|22|Techichilco|4326|1502046|2046|2026-09-29 02:50:00
15|115|Nuevo Bosque|4326|1502047|2047|2026-09-29 02:50:00
15|115|San Felipe De La Rosa|4326|1502048|2048|2026-09-29 02:50:00
15|115|Cerrillo Grande|4326|1502049|2049|2026-09-29 02:50:00
15|115|El Catorce|4326|1502050|2050|2026-09-29 02:50:00
15|26|Paseos De Amalinalco|4326|1502051|2051|2026-09-29 02:50:00
15|115|Ojo De Agua|4326|1502052|2052|2026-09-29 02:50:00
15|112|San Cayetano|4326|1502053|2053|2026-09-29 02:50:00
15|26|Guadalupe|4326|1502054|2054|2026-09-29 02:50:00
15|112|San Felipe Santiago|4326|1502055|2055|2026-09-29 02:50:00
15|112|Bosencheve|4326|1502056|2056|2026-09-29 02:50:00
15|33|La Asuncin Donato Guerra|4326|1502057|2057|2026-09-29 02:50:00
15|78|San Simon De Guerrero|4326|1502060|2060|2026-09-29 02:50:00
15|100|San Juan Tezontla|4326|1502070|2070|2026-09-29 02:50:00
15|100|De Los Reyes San Salvador|4326|1502090|2090|2026-09-29 02:50:00
15|124|Jesus Carranza|4326|1502091|2091|2026-09-29 02:50:00
15|26|Union De Guadalupe|4326|1502092|2092|2026-09-29 02:50:00
15|124|San Juan Evangelista Fraccion X|4326|1502093|2093|2026-09-29 02:50:00
15|26|Agrarista|4326|1502094|2094|2026-09-29 02:50:00
15|124|El Porvenir|4326|1502095|2095|2026-09-29 02:50:00
15|96|El Trebol|4326|1502096|2096|2026-09-29 02:50:00
15|96|Arboledas|4326|1502098|2098|2026-09-29 02:50:00
15|96|Cedros|4326|1502099|2099|2026-09-29 02:50:00
15|40|El Molino|4326|1502100|2100|2026-09-29 02:50:00
15|124|Rosa De La Palma|4326|1502101|2101|2026-09-29 02:50:00
15|124|Patemula De Los Cedros|4326|1502103|2103|2026-09-29 02:50:00
15|40|Emiliano Zapata|4326|1502104|2104|2026-09-29 02:50:00
15|96|Los Arcos|4326|1502105|2105|2026-09-29 02:50:00
15|96|Texcacoa|4326|1502106|2106|2026-09-29 02:50:00
15|40|Emiliano Zapata|4326|1502108|2108|2026-09-29 02:50:00
15|86|Boshesda|4326|1502109|2109|2026-09-29 02:50:00
15|24|La Soledad|4326|1502110|2110|2026-09-29 02:50:00
15|40|Ayotla|4326|1502111|2111|2026-09-29 02:50:00
15|96|Tlacateco|4326|1502112|2112|2026-09-29 02:50:00
15|86|Santa Ana Yenshu|4326|1502113|2113|2026-09-29 02:50:00
15|40|Ayotla|4326|1502115|2115|2026-09-29 02:50:00
15|24|Chinampa|4326|1502116|2116|2026-09-29 02:50:00
15|92|La Victoria|4326|1502117|2117|2026-09-29 02:50:00
15|100|De Texopa|4326|1502118|2118|2026-09-29 02:50:00
15|86|Santa Ana Yenshu Ejido|4326|1502119|2119|2026-09-29 02:50:00
15|92|Tlatenco|4326|1502120|2120|2026-09-29 02:50:00
15|40|6 De Junio|4326|1502121|2121|2026-09-29 02:50:00
15|65|Santiago Oxtempan Ejido|4326|1502122|2122|2026-09-29 02:50:00
15|24|Rancho San Blas|4326|1502124|2124|2026-09-29 02:50:00
15|92|Villas Teoloyucan|4326|1502125|2125|2026-09-29 02:50:00
15|40|Izcalli Ixtapaluca|4326|1502127|2127|2026-09-29 02:50:00
15|65|Santa Cruz El Tejocote|4326|1502128|2128|2026-09-29 02:50:00
15|65|Presa Brockman|4326|1502129|2129|2026-09-29 02:50:00
15|96|Paseo De Los Virreyes|4326|1502130|2130|2026-09-29 02:50:00
15|100|San Simon|4326|1502131|2131|2026-09-29 02:50:00
15|97|Deportistas|4326|1502132|2132|2026-09-29 02:50:00
15|26|Nueva San Miguel|4326|1502133|2133|2026-09-29 02:50:00
15|100|San Jose Texopa|4326|1502134|2134|2026-09-29 02:50:00
15|124|El Salto La Venta|4326|1502135|2135|2026-09-29 02:50:00
15|124|Guarda De La Lagunita El Potrero|4326|1502136|2136|2026-09-29 02:50:00
15|26|Nueva San Antonio|4326|1502137|2137|2026-09-29 02:50:00
15|36|Ciudad Santa Teresa Vi B|4326|1502139|2139|2026-09-29 02:50:00
15|36|Ciudad Santa Teresa Vi A|4326|1502140|2140|2026-09-29 02:50:00
15|32|Lomas De Santa Cruz|4326|1502142|2142|2026-09-29 02:50:00
15|32|Lomas De Buena Vista|4326|1502143|2143|2026-09-29 02:50:00
15|32|Corte San Pablo|4326|1502144|2144|2026-09-29 02:50:00
15|32|Corte San Isidro|4326|1502145|2145|2026-09-29 02:50:00
15|32|Corte Pocito|4326|1502146|2146|2026-09-29 02:50:00
15|32|Corte Huatongo|4326|1502147|2147|2026-09-29 02:50:00
15|119|Ricardo Flores Magon|4326|1502148|2148|2026-09-29 02:50:00
15|33|Cabecera De Indigenas Primer Cuartel|4326|1502149|2149|2026-09-29 02:50:00
15|4|Cuahutenco|4326|1502150|2150|2026-09-29 02:50:00
15|119|La Ciervita|4326|1502151|2151|2026-09-29 02:50:00
15|119|Loma Alta|4326|1502152|2152|2026-09-29 02:50:00
15|107|Villada|4326|1502153|2153|2026-09-29 02:50:00
15|55|El Campanario|4326|1502154|2154|2026-09-29 02:50:00
15|52|Paseos De Lerma-galaxia Lerma|4326|1502155|2155|2026-09-29 02:50:00
15|100|Lomas De San Esteban|4326|1502156|2156|2026-09-29 02:50:00
15|63|Guadalupe Hidalgo|4326|1502157|2157|2026-09-29 02:50:00
15|63|Guadalupe Victoria|4326|1502159|2159|2026-09-29 02:50:00
15|63|San Pedro Cholula|4326|1502162|2162|2026-09-29 02:50:00
15|100|Las Tijeras|4326|1502164|2164|2026-09-29 02:50:00
15|63|San Antonio El Llanito|4326|1502165|2165|2026-09-29 02:50:00
15|40|Geovillas Santa Barbara|4326|1502181|2181|2026-09-29 02:50:00
15|49|San Juan|4326|1502183|2183|2026-09-29 02:50:00
15|40|Zoquiapan|4326|1502184|2184|2026-09-29 02:50:00
15|49|San Agustin|4326|1502185|2185|2026-09-29 02:50:00
15|100|De San Jose Texopa|4326|1502187|2187|2026-09-29 02:50:00
15|49|Santo Domingo|4326|1502189|2189|2026-09-29 02:50:00
15|92|Tepanquiahuac|4326|1502191|2191|2026-09-29 02:50:00
15|124|Guarda De La Lagunita El Pueblito|4326|1502192|2192|2026-09-29 02:50:00
15|100|Los Reyes San Salvador|4326|1502193|2193|2026-09-29 02:50:00
15|124|Cedro De La Manzana|4326|1502194|2194|2026-09-29 02:50:00
15|26|Fraternidad Antorchista|4326|1502195|2195|2026-09-29 02:50:00
15|124|San Onofre Ejido|4326|1502196|2196|2026-09-29 02:50:00
15|26|Nueva San Isidro|4326|1502197|2197|2026-09-29 02:50:00
15|124|San Onofre Centro|4326|1502198|2198|2026-09-29 02:50:00
15|55|Pilares|4326|1502202|2202|2026-09-29 02:50:00
15|55|Ensue?o|4326|1502204|2204|2026-09-29 02:50:00
15|55|Prado Norte|4326|1502205|2205|2026-09-29 02:50:00
15|107|Campestre Santa Ana Ii|4326|1502206|2206|2026-09-29 02:50:00
15|107|Villas De Santa Ana Ii|4326|1502207|2207|2026-09-29 02:50:00
15|107|Priv De Villas|4326|1502208|2208|2026-09-29 02:50:00
15|107|Villas De Santa Ana I|4326|1502209|2209|2026-09-29 02:50:00
15|107|Villas De Santa Ana Iv|4326|1502210|2210|2026-09-29 02:50:00
15|107|Campestre Santa Ana I|4326|1502211|2211|2026-09-29 02:50:00
15|107|Villas De Santa Ana Vii|4326|1502212|2212|2026-09-29 02:50:00
15|107|Santa Isabel|4326|1502213|2213|2026-09-29 02:50:00
15|107|Plazas De Santa Ana|4326|1502214|2214|2026-09-29 02:50:00
15|55|Casas Taxco|4326|1502215|2215|2026-09-29 02:50:00
15|120|Guadalupe Ahuacatlan|4326|1502216|2216|2026-09-29 02:50:00
15|107|Villas De Santa Ana V|4326|1502217|2217|2026-09-29 02:50:00
15|55|La Noria|4326|1502219|2219|2026-09-29 02:50:00
15|107|Santa Maria|4326|1502220|2220|2026-09-29 02:50:00
15|107|Santa Ana|4326|1502221|2221|2026-09-29 02:50:00
15|55|Villas De Casa Blanca|4326|1502222|2222|2026-09-29 02:50:00
15|107|Santo Tomas|4326|1502225|2225|2026-09-29 02:50:00
15|107|Villas De Santa Ana Iii|4326|1502227|2227|2026-09-29 02:50:00
15|107|Aldama|4326|1502228|2228|2026-09-29 02:50:00
15|107|Allende|4326|1502229|2229|2026-09-29 02:50:00
15|107|Torres Independencia 2|4326|1502230|2230|2026-09-29 02:50:00
15|107|Torres Independencia|4326|1502231|2231|2026-09-29 02:50:00
15|30|Los Angeles|4326|1502232|2232|2026-09-29 02:50:00
15|109|Guadalupe Tlazintla|4326|1502233|2233|2026-09-29 02:50:00
15|20|Salamanca|4326|1502234|2234|2026-09-29 02:50:00
15|107|Terrazas La Mora|4326|1502235|2235|2026-09-29 02:50:00
15|111|San Antonio|4326|1502236|2236|2026-09-29 02:50:00
15|30|San Antonio|4326|1502237|2237|2026-09-29 02:50:00
15|107|La Vista|4326|1502238|2238|2026-09-29 02:50:00
15|20|Rancho La Palma|4326|1502239|2239|2026-09-29 02:50:00
15|107|Real De La Mora|4326|1502240|2240|2026-09-29 02:50:00
15|107|San Luis Obispo|4326|1502241|2241|2026-09-29 02:50:00
15|30|El Arenal 2|4326|1502242|2242|2026-09-29 02:50:00
15|29|Nuevo - San Juan|4326|1502243|2243|2026-09-29 02:50:00
15|107|De Santa Barbara|4326|1502244|2244|2026-09-29 02:50:00
15|11|Chileleco - Las Salinas|4326|1502245|2245|2026-09-29 02:50:00
15|30|El Arenal 1|4326|1502246|2246|2026-09-29 02:50:00
15|30|El Arenal 1|4326|1502247|2247|2026-09-29 02:50:00
15|11|Benito Quezada|4326|1502248|2248|2026-09-29 02:50:00
15|107|Union|4326|1502249|2249|2026-09-29 02:50:00
15|111|Issemym|4326|1502250|2250|2026-09-29 02:50:00
15|111|Sanchez|4326|1502252|2252|2026-09-29 02:50:00
15|107|San Miguel Apinahuizco|4326|1502253|2253|2026-09-29 02:50:00
15|26|La Michoacana|4326|1502254|2254|2026-09-29 02:50:00
15|111|San Antonio Mirandaro|4326|1502255|2255|2026-09-29 02:50:00
15|30|Cabecera Municipal|4326|1502256|2256|2026-09-29 02:50:00
15|26|El Recodo San Jose Axalco|4326|1502257|2257|2026-09-29 02:50:00
15|107|Sector Popular|4326|1502258|2258|2026-09-29 02:50:00
15|30|Auris 1|4326|1502259|2259|2026-09-29 02:50:00
15|30|San Jose|4326|1502260|2260|2026-09-29 02:50:00
15|107|Junta Local De Caminos|4326|1502261|2261|2026-09-29 02:50:00
15|30|Venustiano Carranza|4326|1502262|2262|2026-09-29 02:50:00
15|107|San Marcos|4326|1502263|2263|2026-09-29 02:50:00
15|84|Los Reyes Acatlixhuayan|4326|1502264|2264|2026-09-29 02:50:00
15|30|Emiliano Zapata|4326|1502265|2265|2026-09-29 02:50:00
15|84|Santiago Zula|4326|1502266|2266|2026-09-29 02:50:00
15|30|Ejercito Del Trabajo|4326|1502267|2267|2026-09-29 02:50:00
15|30|Francisco Villa|4326|1502268|2268|2026-09-29 02:50:00
15|107|Parque Sierra Morelos|4326|1502269|2269|2026-09-29 02:50:00
15|107|Ejido Altamirano|4326|1502270|2270|2026-09-29 02:50:00
15|26|Santa Catarina Ayotzingo|4326|1502271|2271|2026-09-29 02:50:00
15|26|Santiago|4326|1502272|2272|2026-09-29 02:50:00
15|26|San Juan|4326|1502273|2273|2026-09-29 02:50:00
15|98|Acatitlan|4326|1502274|2274|2026-09-29 02:50:00
15|100|Tequexquinahuac|4326|1502275|2275|2026-09-29 02:50:00
15|122|Independencia|4326|1502277|2277|2026-09-29 02:50:00
15|52|Alvaro Obregon|4326|1502279|2279|2026-09-29 02:50:00
15|122|Santa Cruz|4326|1502281|2281|2026-09-29 02:50:00
15|116|Xonacatlan De Vicencio|4326|1502283|2283|2026-09-29 02:50:00
15|26|Lomas De Tulancingo|4326|1502284|2284|2026-09-29 02:50:00
15|100|San Dieguito Xochimanca|4326|1502288|2288|2026-09-29 02:50:00
15|26|El Olivar|4326|1502289|2289|2026-09-29 02:50:00
15|98|San Miguel|4326|1502290|2290|2026-09-29 02:50:00
15|98|San Agustin|4326|1502292|2292|2026-09-29 02:50:00
15|98|Gavia Chica|4326|1502293|2293|2026-09-29 02:50:00
15|81|Sultepec|4326|1502294|2294|2026-09-29 02:50:00
15|100|Santa Maria Nativitas|4326|1502296|2296|2026-09-29 02:50:00
15|26|El Llano|4326|1502297|2297|2026-09-29 02:50:00
15|26|La Loma|4326|1502300|2300|2026-09-29 02:50:00
15|116|San Antonio La Fe|4326|1502301|2301|2026-09-29 02:50:00
15|26|La Mora|4326|1502304|2304|2026-09-29 02:50:00
15|52|Guadalupe Victoria|4326|1502305|2305|2026-09-29 02:50:00
15|100|San Nicolas Tlaminca|4326|1502307|2307|2026-09-29 02:50:00
15|38|El Guarda|4326|1502309|2309|2026-09-29 02:50:00
15|79|Las Fincas|4326|1502310|2310|2026-09-29 02:50:00
15|122|Providencia|4326|1502311|2311|2026-09-29 02:50:00
15|40|La Ca?ada|4326|1502313|2313|2026-09-29 02:50:00
15|52|La Unidad Huizizilapan|4326|1502315|2315|2026-09-29 02:50:00
15|40|Jorge Jimenez Cantu|4326|1502316|2316|2026-09-29 02:50:00
15|52|Las Mesas Huizizilapan|4326|1502317|2317|2026-09-29 02:50:00
15|122|Guadalupana I|4326|1502319|2319|2026-09-29 02:50:00
15|79|Nuevo Santo Tomas De Los Platanos|4326|1502320|2320|2026-09-29 02:50:00
15|40|Hornos De Zoquiapan|4326|1502322|2322|2026-09-29 02:50:00
15|122|Cerro Del Marques|4326|1502323|2323|2026-09-29 02:50:00
15|123|El Estanco|4326|1502327|2327|2026-09-29 02:50:00
15|83|Puerto Del Aire|4326|1502329|2329|2026-09-29 02:50:00
15|83|San Miguel Ixtapan|4326|1502330|2330|2026-09-29 02:50:00
15|100|Santa Teresa|4326|1502335|2335|2026-09-29 02:50:00
15|47|San Miguel Tecpan|4326|1502337|2337|2026-09-29 02:50:00
15|47|Espiritu Santo|4326|1502338|2338|2026-09-29 02:50:00
15|47|Santa Ana|4326|1502343|2343|2026-09-29 02:50:00
15|47|Jilotzingo|4326|1502345|2345|2026-09-29 02:50:00
15|39|Los Laureles|4326|1502346|2346|2026-09-29 02:50:00
15|39|Tlazala De Fabela|4326|1502348|2348|2026-09-29 02:50:00
15|39|La Aurora|4326|1502350|2350|2026-09-29 02:50:00
15|39|Miraflores|4326|1502351|2351|2026-09-29 02:50:00
15|39|Ejido Miraflores|4326|1502352|2352|2026-09-29 02:50:00
15|39|Ejido La Soledad|4326|1502353|2353|2026-09-29 02:50:00
15|39|Ejido La Palma|4326|1502354|2354|2026-09-29 02:50:00
15|39|La Palma|4326|1502355|2355|2026-09-29 02:50:00
15|39|Endeguido|4326|1502356|2356|2026-09-29 02:50:00
15|100|San Bartolo|4326|1502381|2381|2026-09-29 02:50:00
15|83|Almoloya De Las Granadas|4326|1502388|2388|2026-09-29 02:50:00
15|78|San Diego Cuentla|4326|1502389|2389|2026-09-29 02:50:00
15|40|Linderos De Ixtapaluca|4326|1502411|2411|2026-09-29 02:50:00
15|14|Tecoac|4326|1502412|2412|2026-09-29 02:50:00
15|40|San Jose De La Palma|4326|1502414|2414|2026-09-29 02:50:00
15|49|San Andres|4326|1502415|2415|2026-09-29 02:50:00
15|49|El Satelite|4326|1502416|2416|2026-09-29 02:50:00
15|40|Tezontle - Zoquiapan|4326|1502417|2417|2026-09-29 02:50:00
15|49|La Palma|4326|1502418|2418|2026-09-29 02:50:00
15|2|San Luis El Grande|4326|1502420|2420|2026-09-29 02:50:00
15|45|Union Provivienda|4326|1502421|2421|2026-09-29 02:50:00
15|49|Emiliano Zapata 2da Seccion|4326|1502425|2425|2026-09-29 02:50:00
15|40|La Capilla I Y Ii|4326|1502428|2428|2026-09-29 02:50:00
15|45|Alborada Jaltenco|4326|1502429|2429|2026-09-29 02:50:00
15|49|La Presa|4326|1502430|2430|2026-09-29 02:50:00
15|40|Los Heroes|4326|1502433|2433|2026-09-29 02:50:00
15|45|Bahias De Jaltenco|4326|1502434|2434|2026-09-29 02:50:00
15|49|Sin Nombre|4326|1502436|2436|2026-09-29 02:50:00
15|49|Centro|4326|1502437|2437|2026-09-29 02:50:00
15|40|La Capilla Iii Y Iv|4326|1502438|2438|2026-09-29 02:50:00
15|49|Cuartel Aldama|4326|1502439|2439|2026-09-29 02:50:00
15|40|Hornos De San Juan|4326|1502440|2440|2026-09-29 02:50:00
15|49|Cuartel Citendeje|4326|1502441|2441|2026-09-29 02:50:00
15|40|Centro|4326|1502442|2442|2026-09-29 02:50:00
15|49|Cuartel Lourdes|4326|1502443|2443|2026-09-29 02:50:00
15|40|La Era|4326|1502444|2444|2026-09-29 02:50:00
15|14|Santiago Acutzilapan|4326|1502445|2445|2026-09-29 02:50:00
15|14|San Jose Toxi|4326|1502446|2446|2026-09-29 02:50:00
15|14|San Juan De Los Jarros|4326|1502447|2447|2026-09-29 02:50:00
15|14|San Jeronimo De Los Jarros|4326|1502448|2448|2026-09-29 02:50:00
15|14|Bobashi De Guadalupe|4326|1502449|2449|2026-09-29 02:50:00
15|14|Chosto De Los Jarros|4326|1502450|2450|2026-09-29 02:50:00
15|40|Tlayehuale|4326|1502451|2451|2026-09-29 02:50:00
15|124|Los Lobos|4326|1502453|2453|2026-09-29 02:50:00
15|46|San Lorenzo Octeyuco|4326|1502455|2455|2026-09-29 02:50:00
15|40|Santa Barbara|4326|1502456|2456|2026-09-29 02:50:00
15|124|San Juan Palo Seco|4326|1502458|2458|2026-09-29 02:50:00
15|124|Rameje Ejido El Deposito|4326|1502459|2459|2026-09-29 02:50:00
15|124|Providencia Ejido El Deposito|4326|1502460|2460|2026-09-29 02:50:00
15|124|San Jose Del Rincon Centro|4326|1502465|2465|2026-09-29 02:50:00
15|40|20 De Noviembre|4326|1502466|2466|2026-09-29 02:50:00
15|26|San Miguel Jacalones I|4326|1502467|2467|2026-09-29 02:50:00
15|44|El Aguila|4326|1502471|2471|2026-09-29 02:50:00
15|44|San Juan Tomasquillo|4326|1502472|2472|2026-09-29 02:50:00
15|100|Santa Rosa|4326|1502475|2475|2026-09-29 02:50:00
15|63|Santiaguito|4326|1502483|2483|2026-09-29 02:50:00
15|63|Coapanoaya|4326|1502486|2486|2026-09-29 02:50:00
15|100|Lomas De Cristo|4326|1502487|2487|2026-09-29 02:50:00
15|63|Santa Maria|4326|1502488|2488|2026-09-29 02:50:00
15|63|San Jeronimo Acazulco|4326|1502496|2496|2026-09-29 02:50:00
15|63|Juarez Los Chirinos|4326|1502497|2497|2026-09-29 02:50:00
15|63|Rio Hondito|4326|1502501|2501|2026-09-29 02:50:00
15|52|Zacamulpa  Huitzizilapan|4326|1502531|2531|2026-09-29 02:50:00
15|52|Santa Cruz Huitzizilapan|4326|1502532|2532|2026-09-29 02:50:00
15|38|Piedra Grande|4326|1502533|2533|2026-09-29 02:50:00
15|52|Santa Maria Atarasquillo|4326|1502534|2534|2026-09-29 02:50:00
15|52|San Mateo Atarasquillo|4326|1502535|2535|2026-09-29 02:50:00
15|52|Santa Cruz Chignahuapan|4326|1502536|2536|2026-09-29 02:50:00
15|52|San Miguel Ameyalco|4326|1502537|2537|2026-09-29 02:50:00
15|21|Segunda Del Monte|4326|1502538|2538|2026-09-29 02:50:00
15|21|El Potrerito|4326|1502539|2539|2026-09-29 02:50:00
15|52|Amomolulco|4326|1502540|2540|2026-09-29 02:50:00
15|21|Primera Del Monte|4326|1502541|2541|2026-09-29 02:50:00
15|4|Pachuquilla|4326|1502542|2542|2026-09-29 02:50:00
15|52|Los Encinos|4326|1502543|2543|2026-09-29 02:50:00
15|21|Chiltepec|4326|1502544|2544|2026-09-29 02:50:00
15|40|Aquiles Cordoba|4326|1502545|2545|2026-09-29 02:50:00
15|40|Lindavista|4326|1502546|2546|2026-09-29 02:50:00
15|40|El Calvario|4326|1502547|2547|2026-09-29 02:50:00
15|40|Rincon Del Bosque|4326|1502548|2548|2026-09-29 02:50:00
15|40|La Cantera|4326|1502550|2550|2026-09-29 02:50:00
15|40|La Retama|4326|1502551|2551|2026-09-29 02:50:00
15|40|Zoquiapan|4326|1502554|2554|2026-09-29 02:50:00
15|122|Avandaro|4326|1502555|2555|2026-09-29 02:50:00
15|26|Tres Marias|4326|1502556|2556|2026-09-29 02:50:00
15|122|Emiliano Zapata|4326|1502557|2557|2026-09-29 02:50:00
15|40|Santo Tomas|4326|1502560|2560|2026-09-29 02:50:00
15|40|Jose De La Mora|4326|1502561|2561|2026-09-29 02:50:00
15|40|Santa Cruz Tlapacoya|4326|1502563|2563|2026-09-29 02:50:00
15|40|Alfredo Del Mazo|4326|1502564|2564|2026-09-29 02:50:00
15|40|Santa Cruz Tlapacoya|4326|1502566|2566|2026-09-29 02:50:00
15|21|Ixtlahuaca De Villada|4326|1502569|2569|2026-09-29 02:50:00
15|21|San Jose Del Progreso|4326|1502570|2570|2026-09-29 02:50:00
15|21|Acuitlapilco|4326|1502571|2571|2026-09-29 02:50:00
15|21|Segunda De San Miguel|4326|1502572|2572|2026-09-29 02:50:00
15|21|El Cedrito|4326|1502573|2573|2026-09-29 02:50:00
15|52|San Jose El Llanito|4326|1502574|2574|2026-09-29 02:50:00
15|21|San Luis|4326|1502575|2575|2026-09-29 02:50:00
15|21|Puerta Del Carmen|4326|1502576|2576|2026-09-29 02:50:00
15|52|Guadalupe|4326|1502577|2577|2026-09-29 02:50:00
15|52|La Mota|4326|1502578|2578|2026-09-29 02:50:00
15|52|Centro|4326|1502579|2579|2026-09-29 02:50:00
15|52|El Panteon|4326|1502580|2580|2026-09-29 02:50:00
15|52|Infonavit Lerma|4326|1502581|2581|2026-09-29 02:50:00
15|52|Cideco|4326|1502582|2582|2026-09-29 02:50:00
15|52|Auris|4326|1502583|2583|2026-09-29 02:50:00
15|52|Valle De Lerma|4326|1502584|2584|2026-09-29 02:50:00
15|52|La Estacion|4326|1502585|2585|2026-09-29 02:50:00
15|21|Meyuca De Morelos|4326|1502586|2586|2026-09-29 02:50:00
15|52|Alfredo Del Mazo|4326|1502587|2587|2026-09-29 02:50:00
15|52|San Pedro Tultepec|4326|1502588|2588|2026-09-29 02:50:00
15|26|Santa Maria Huexoculco|4326|1502589|2589|2026-09-29 02:50:00
15|4|Las Mesas|4326|1502590|2590|2026-09-29 02:50:00
15|26|Atlahuite|4326|1502592|2592|2026-09-29 02:50:00
15|52|San Francisco Xochicuautla|4326|1502593|2593|2026-09-29 02:50:00
15|98|San Francisco|4326|1502594|2594|2026-09-29 02:50:00
15|98|Arroyo Seco|4326|1502595|2595|2026-09-29 02:50:00
15|111|San Gabriel Ixtla|4326|1502596|2596|2026-09-29 02:50:00
15|32|Portezuelos|4326|1502597|2597|2026-09-29 02:50:00
15|111|Santa Maria Pipioltepec|4326|1502598|2598|2026-09-29 02:50:00
15|32|La Arenitas|4326|1502599|2599|2026-09-29 02:50:00
15|107|San Jose La Costa|4326|1502601|2601|2026-09-29 02:50:00
15|104|Loma Linda|4326|1502602|2602|2026-09-29 02:50:00
15|107|Cerrillo Piedras Blancas|4326|1502603|2603|2026-09-29 02:50:00
15|33|San Simon De La Laguna|4326|1502604|2604|2026-09-29 02:50:00
15|121|San Jose La Loma|4326|1502605|2605|2026-09-29 02:50:00
15|104|Nuevo|4326|1502606|2606|2026-09-29 02:50:00
15|107|San Cayetano Morelos|4326|1502607|2607|2026-09-29 02:50:00
15|107|Bordo Nuevo|4326|1502608|2608|2026-09-29 02:50:00
15|104|Las Conchitas|4326|1502609|2609|2026-09-29 02:50:00
15|104|San Juan Atzacualoya|4326|1502610|2610|2026-09-29 02:50:00
15|107|San Carlos Autopan|4326|1502611|2611|2026-09-29 02:50:00
15|37|2 De Julio|4326|1502613|2613|2026-09-29 02:50:00
15|32|Santo Domingo|4326|1502614|2614|2026-09-29 02:50:00
15|26|Santa Maria Huexoculco|4326|1502615|2615|2026-09-29 02:50:00
15|37|San Marcos Jilotzingo|4326|1502616|2616|2026-09-29 02:50:00
15|107|Aviacion Autopan|4326|1502617|2617|2026-09-29 02:50:00
15|26|Tepetates|4326|1502618|2618|2026-09-29 02:50:00
15|107|De San Mateo Otzacatipan|4326|1502619|2619|2026-09-29 02:50:00
15|37|Progreso|4326|1502620|2620|2026-09-29 02:50:00
15|107|Del Cajon|4326|1502622|2622|2026-09-29 02:50:00
15|37|San Jose Jilotzingo|4326|1502623|2623|2026-09-29 02:50:00
15|26|La Candelaria Tlapala|4326|1502626|2626|2026-09-29 02:50:00
15|37|San Antonio Jilotzingo|4326|1502627|2627|2026-09-29 02:50:00
15|107|La Loma Cuexcontitlan|4326|1502628|2628|2026-09-29 02:50:00
15|26|Villas Chalco|4326|1502630|2630|2026-09-29 02:50:00
15|26|Portal Chalco|4326|1502631|2631|2026-09-29 02:50:00
15|26|Marco Antonio Sosa Balderas|4326|1502632|2632|2026-09-29 02:50:00
15|107|Conj U Los Sauces I|4326|1502633|2633|2026-09-29 02:50:00
15|26|Valle De Los Volcanes|4326|1502635|2635|2026-09-29 02:50:00
15|121|Espa?a|4326|1502636|2636|2026-09-29 02:50:00
15|107|Conj U Los Sauces Ii|4326|1502637|2637|2026-09-29 02:50:00
15|107|Conj U Los Sauces Iii|4326|1502638|2638|2026-09-29 02:50:00
15|107|Conj U Los Sauces Iv|4326|1502640|2640|2026-09-29 02:50:00
15|121|Santa Maria Cuevas|4326|1502641|2641|2026-09-29 02:50:00
15|107|Hacienda Del Valle I|4326|1502642|2642|2026-09-29 02:50:00
15|26|Bosques De Chalco 1|4326|1502643|2643|2026-09-29 02:50:00
15|107|Conj U Los Sauces V|4326|1502644|2644|2026-09-29 02:50:00
15|26|Bosques De Chalco 2|4326|1502645|2645|2026-09-29 02:50:00
15|26|Zona Industrial|4326|1502646|2646|2026-09-29 02:50:00
15|121|Loma Larga|4326|1502647|2647|2026-09-29 02:50:00
15|26|La Conchita|4326|1502648|2648|2026-09-29 02:50:00
15|107|Villas Santin|4326|1502650|2650|2026-09-29 02:50:00
15|26|San Sebastian|4326|1502651|2651|2026-09-29 02:50:00
15|107|San Diego De Los P Otzaca|4326|1502652|2652|2026-09-29 02:50:00
15|121|Ejidal|4326|1502653|2653|2026-09-29 02:50:00
15|107|San Diego De Los P Cuexcon|4326|1502655|2655|2026-09-29 02:50:00
15|107|San Diego De Los P Secc 5-a|4326|1502656|2656|2026-09-29 02:50:00
15|37|Centro|4326|1502657|2657|2026-09-29 02:50:00
15|107|Sn Jose Gpe Huichochitlan|4326|1502658|2658|2026-09-29 02:50:00
15|37|Roma|4326|1502659|2659|2026-09-29 02:50:00
15|107|San Jose Gpe De Otzacatipan|4326|1502661|2661|2026-09-29 02:50:00
15|37|Espa?a|4326|1502663|2663|2026-09-29 02:50:00
15|107|De Canaleja|4326|1502664|2664|2026-09-29 02:50:00
15|32|Ampliacion San Pablo|4326|1502665|2665|2026-09-29 02:50:00
15|82|10 De Junio|4326|1502666|2666|2026-09-29 02:50:00
15|5|San Francisco Tlalcilalcalpan|4326|1502667|2667|2026-09-29 02:50:00
15|20|Zacuauhtitla|4326|1502668|2668|2026-09-29 02:50:00
15|82|Nuevo De San Juan|4326|1502669|2669|2026-09-29 02:50:00
15|82|Las Fuentes|4326|1502670|2670|2026-09-29 02:50:00
15|82|Paseos De Tecamac|4326|1502671|2671|2026-09-29 02:50:00
15|57|Segundo|4326|1502672|2672|2026-09-29 02:50:00
15|57|Primero|4326|1502673|2673|2026-09-29 02:50:00
15|63|Quinta Los Barandales|4326|1502674|2674|2026-09-29 02:50:00
15|5|Geovillas El Nevado|4326|1502675|2675|2026-09-29 02:50:00
15|66|Belem|4326|1502678|2678|2026-09-29 02:50:00
15|82|21 De Agosto|4326|1502679|2679|2026-09-29 02:50:00
15|82|Soto Y Gama|4326|1502680|2680|2026-09-29 02:50:00
15|82|Granjas Valle De Guadalupe|4326|1502681|2681|2026-09-29 02:50:00
15|82|Mexico Independiente|4326|1502682|2682|2026-09-29 02:50:00
15|82|Jesus Romero Flores|4326|1502683|2683|2026-09-29 02:50:00
15|82|Ampl Margarito F Ayala|4326|1502684|2684|2026-09-29 02:50:00
15|37|Juarez|4326|1502685|2685|2026-09-29 02:50:00
15|37|Huicalco|4326|1502686|2686|2026-09-29 02:50:00
15|107|San Pedro Totoltepec|4326|1502687|2687|2026-09-29 02:50:00
15|37|Centenario|4326|1502688|2688|2026-09-29 02:50:00
15|107|Los Fuentes|4326|1502689|2689|2026-09-29 02:50:00
15|26|San Antonio|4326|1502690|2690|2026-09-29 02:50:00
15|107|Villas De Santa Monica|4326|1502691|2691|2026-09-29 02:50:00
15|107|Paseos De Toluca|4326|1502692|2692|2026-09-29 02:50:00
15|26|Salitreria|4326|1502693|2693|2026-09-29 02:50:00
15|107|Conj U Armando N Chavez|4326|1502694|2694|2026-09-29 02:50:00
15|26|Granjas De Chalco|4326|1502695|2695|2026-09-29 02:50:00
15|26|Santiaguito|4326|1502696|2696|2026-09-29 02:50:00
15|26|Santiaguito|4326|1502697|2697|2026-09-29 02:50:00
15|26|Chalco|4326|1502698|2698|2026-09-29 02:50:00
15|107|Conj U Psos Del Pilar|4326|1502699|2699|2026-09-29 02:50:00
15|26|San Francisco|4326|1502700|2700|2026-09-29 02:50:00
15|26|Plaza Chalco|4326|1502701|2701|2026-09-29 02:50:00
15|26|Chalco Centro|4326|1502702|2702|2026-09-29 02:50:00
15|37|Emiliano Zapata|4326|1502703|2703|2026-09-29 02:50:00
15|26|Casco De San Juan|4326|1502704|2704|2026-09-29 02:50:00
15|37|El Carmen|4326|1502705|2705|2026-09-29 02:50:00
15|26|La Bomba|4326|1502706|2706|2026-09-29 02:50:00
15|107|Conj U Los Heroes Toluca I|4326|1502707|2707|2026-09-29 02:50:00
15|37|Guadalupe Nopala|4326|1502709|2709|2026-09-29 02:50:00
15|32|El Molino|4326|1502710|2710|2026-09-29 02:50:00
15|37|San Juan Casa Blanca|4326|1502711|2711|2026-09-29 02:50:00
15|100|La Andromeda|4326|1502714|2714|2026-09-29 02:50:00
15|7|San Mateo|4326|1502715|2715|2026-09-29 02:50:00
15|7|El Capulin|4326|1502717|2717|2026-09-29 02:50:00
15|42|Ixtapan Del Oro|4326|1502718|2718|2026-09-29 02:50:00
15|33|San Juan Xoconusco|4326|1502725|2725|2026-09-29 02:50:00
15|91|El Festival|4326|1502727|2727|2026-09-29 02:50:00
15|53|San Simon El Alto|4326|1502728|2728|2026-09-29 02:50:00
15|91|San Martin|4326|1502729|2729|2026-09-29 02:50:00
15|91|De La Estacion|4326|1502731|2731|2026-09-29 02:50:00
15|91|Centro|4326|1502733|2733|2026-09-29 02:50:00
15|107|Rcnda San Lorenzo|4326|1502735|2735|2026-09-29 02:50:00
15|107|Girasoles|4326|1502736|2736|2026-09-29 02:50:00
15|107|Rincon De San Lorenzo|4326|1502737|2737|2026-09-29 02:50:00
15|107|El Pacifico|4326|1502739|2739|2026-09-29 02:50:00
15|119|La Cruz|4326|1502740|2740|2026-09-29 02:50:00
15|107|San Juan Tilapa|4326|1502741|2741|2026-09-29 02:50:00
15|107|Parque Cuauhtemoc|4326|1502742|2742|2026-09-29 02:50:00
15|107|Santiago Tlacotepec|4326|1502743|2743|2026-09-29 02:50:00
15|119|De La Veracruz|4326|1502744|2744|2026-09-29 02:50:00
15|107|Santiago Miltepec - Col El Tejocote|4326|1502745|2745|2026-09-29 02:50:00
15|82|San Pablo Tecalco|4326|1502746|2746|2026-09-29 02:50:00
15|107|Santa Cruz Atzcapotzaltongo|4326|1502747|2747|2026-09-29 02:50:00
15|82|Norchuca|4326|1502748|2748|2026-09-29 02:50:00
15|82|Atlautenco|4326|1502749|2749|2026-09-29 02:50:00
15|82|San Francisco Cuautliquixca|4326|1502750|2750|2026-09-29 02:50:00
15|107|Cacalomacan|4326|1502751|2751|2026-09-29 02:50:00
15|82|San Mateo Tecalco|4326|1502752|2752|2026-09-29 02:50:00
15|82|Los Olivos|4326|1502753|2753|2026-09-29 02:50:00
15|19|San Juan Bautista|4326|1502754|2754|2026-09-29 02:50:00
15|82|San Martin Azcatepec|4326|1502755|2755|2026-09-29 02:50:00
15|119|Zamarrero|4326|1502756|2756|2026-09-29 02:50:00
15|82|1ro De Marzo|4326|1502757|2757|2026-09-29 02:50:00
15|82|Ejidos De Tecamac|4326|1502758|2758|2026-09-29 02:50:00
15|82|5 De Mayo|4326|1502759|2759|2026-09-29 02:50:00
15|34|Villas De La Joya|4326|1502760|2760|2026-09-29 02:50:00
15|82|San Jose|4326|1502761|2761|2026-09-29 02:50:00
15|82|Hueyotenco|4326|1502762|2762|2026-09-29 02:50:00
15|107|San Antonio Buenavista|4326|1502763|2763|2026-09-29 02:50:00
15|119|Zimbrones|4326|1502764|2764|2026-09-29 02:50:00
15|82|Sierra Hermosa|4326|1502767|2767|2026-09-29 02:50:00
15|12|La Libertad|4326|1502768|2768|2026-09-29 02:50:00
15|82|Tecamac|4326|1502775|2775|2026-09-29 02:50:00
15|102|San Miguel|4326|1502776|2776|2026-09-29 02:50:00
15|82|Nueva Santa Maria|4326|1502778|2778|2026-09-29 02:50:00
15|82|Vista Hermosa|4326|1502781|2781|2026-09-29 02:50:00
15|82|Electricistas|4326|1502782|2782|2026-09-29 02:50:00
15|82|Ixotitla|4326|1502783|2783|2026-09-29 02:50:00
15|82|Del Castillo|4326|1502785|2785|2026-09-29 02:50:00
15|82|Isidro Fabela|4326|1502786|2786|2026-09-29 02:50:00
15|82|San Agustin|4326|1502788|2788|2026-09-29 02:50:00
15|121|Militar Santa Lucia|4326|1502789|2789|2026-09-29 02:50:00
15|82|Azul Club De Polo|4326|1502791|2791|2026-09-29 02:50:00
15|82|San Jeronimo Xonacahuacan|4326|1502794|2794|2026-09-29 02:50:00
15|82|Santo Domingo Ajoloapan|4326|1502802|2802|2026-09-29 02:50:00
15|82|Guadalupe|4326|1502805|2805|2026-09-29 02:50:00
15|82|La Palma|4326|1502810|2810|2026-09-29 02:50:00
15|82|Buenavista|4326|1502814|2814|2026-09-29 02:50:00
15|82|San Lucas Xolox - Nopalito|4326|1502825|2825|2026-09-29 02:50:00
15|107|Prados De Tollocan|4326|1502826|2826|2026-09-29 02:50:00
15|107|El Olimpo|4326|1502827|2827|2026-09-29 02:50:00
15|107|La Arboleda Ii|4326|1502828|2828|2026-09-29 02:50:00
15|107|Misiones De Santa Esperanza|4326|1502830|2830|2026-09-29 02:50:00
15|107|La Floresta|4326|1502832|2832|2026-09-29 02:50:00
15|107|La Arboleda|4326|1502833|2833|2026-09-29 02:50:00
15|107|Las Fuentes Independencia|4326|1502835|2835|2026-09-29 02:50:00
15|107|Conj Geo Villas De La Ind|4326|1502836|2836|2026-09-29 02:50:00
15|107|Infonavit Jardines La Crespa|4326|1502837|2837|2026-09-29 02:50:00
15|107|El Dorado|4326|1502839|2839|2026-09-29 02:50:00
15|107|Tulipanes|4326|1502841|2841|2026-09-29 02:50:00
15|107|Girasoles|4326|1502842|2842|2026-09-29 02:50:00
15|107|Girasoles Iv|4326|1502844|2844|2026-09-29 02:50:00
15|107|Cedros|4326|1502845|2845|2026-09-29 02:50:00
15|107|Lirios|4326|1502846|2846|2026-09-29 02:50:00
15|107|Girasoles Iii|4326|1502847|2847|2026-09-29 02:50:00
15|121|San Juan De Guadalupe|4326|1502848|2848|2026-09-29 02:50:00
15|107|Alcatraces|4326|1502849|2849|2026-09-29 02:50:00
15|107|Girasoles Iii|4326|1502850|2850|2026-09-29 02:50:00
15|107|Girasoles I Secc B|4326|1502851|2851|2026-09-29 02:50:00
15|107|Girasoles I Secc A|4326|1502852|2852|2026-09-29 02:50:00
15|107|Bugambilias|4326|1502853|2853|2026-09-29 02:50:00
15|121|San Bartolo Cuautlalpan|4326|1502854|2854|2026-09-29 02:50:00
15|107|Jacarandas|4326|1502855|2855|2026-09-29 02:50:00
15|107|Los Pinos|4326|1502856|2856|2026-09-29 02:50:00
15|107|Conj Piracantos|4326|1502857|2857|2026-09-29 02:50:00
15|121|Alcanfores|4326|1502859|2859|2026-09-29 02:50:00
15|107|Girasoles Iv|4326|1502860|2860|2026-09-29 02:50:00
15|107|Rdcial San Lorenzo|4326|1502861|2861|2026-09-29 02:50:00
15|107|Rincon De San Lorenzo|4326|1502862|2862|2026-09-29 02:50:00
15|107|Plazas De San Lorenzo|4326|1502863|2863|2026-09-29 02:50:00
15|107|Rdcial Santa Lucia|4326|1502864|2864|2026-09-29 02:50:00
15|107|Gladiolas|4326|1502865|2865|2026-09-29 02:50:00
15|107|Brisas|4326|1502866|2866|2026-09-29 02:50:00
15|121|Primero De Mayo|4326|1502867|2867|2026-09-29 02:50:00
15|107|Conj Gardenias|4326|1502868|2868|2026-09-29 02:50:00
15|121|Buenavista|4326|1502869|2869|2026-09-29 02:50:00
15|107|Santa Clara|4326|1502870|2870|2026-09-29 02:50:00
15|107|Santin|4326|1502871|2871|2026-09-29 02:50:00
15|5|Ecologico Suteym|4326|1502872|2872|2026-09-29 02:50:00
15|121|Hornos|4326|1502873|2873|2026-09-29 02:50:00
15|121|Villas 2000|4326|1502875|2875|2026-09-29 02:50:00
15|107|El Balcon|4326|1502876|2876|2026-09-29 02:50:00
15|107|San Cristobal Huichochitlan|4326|1502878|2878|2026-09-29 02:50:00
15|121|Ctc Pinturas|4326|1502880|2880|2026-09-29 02:50:00
15|121|Hombres Ilustres|4326|1502881|2881|2026-09-29 02:50:00
15|107|San Mateo Otzacatipan|4326|1502882|2882|2026-09-29 02:50:00
15|104|De Tula|4326|1502883|2883|2026-09-29 02:50:00
15|104|De La Comunidad|4326|1502885|2885|2026-09-29 02:50:00
15|107|Villa Tulipanes|4326|1502886|2886|2026-09-29 02:50:00
15|107|Conj Rdcial Hda San Jose|4326|1502888|2888|2026-09-29 02:50:00
15|9|Santiago Cuauhtenco|4326|1502889|2889|2026-09-29 02:50:00
15|121|San Miguel|4326|1502890|2890|2026-09-29 02:50:00
15|9|Santa Isabel Chalma|4326|1502891|2891|2026-09-29 02:50:00
15|107|Villa Mane|4326|1502892|2892|2026-09-29 02:50:00
15|104|San Antonio Tlaltecahuacan|4326|1502893|2893|2026-09-29 02:50:00
15|121|Santiago 2da Seccion|4326|1502894|2894|2026-09-29 02:50:00
15|107|Magdalena Otzacatipan|4326|1502895|2895|2026-09-29 02:50:00
15|107|De La Trinidad|4326|1502896|2896|2026-09-29 02:50:00
15|107|La Concepcion|4326|1502897|2897|2026-09-29 02:50:00
15|107|San Andres Cuexcontitlan Secc 4|4326|1502898|2898|2026-09-29 02:50:00
15|114|De La Finca|4326|1502900|2900|2026-09-29 02:50:00
15|120|San Antonio Guadalupe|4326|1502901|2901|2026-09-29 02:50:00
15|89|Acatzingo|4326|1502902|2902|2026-09-29 02:50:00
15|89|Terrenate|4326|1502903|2903|2026-09-29 02:50:00
15|89|Tepalcatepec|4326|1502904|2904|2026-09-29 02:50:00
15|120|Santa Cruz Los Pilares|4326|1502905|2905|2026-09-29 02:50:00
15|89|San Francisco|4326|1502906|2906|2026-09-29 02:50:00
15|89|Emiliano Zapata|4326|1502907|2907|2026-09-29 02:50:00
15|89|La Lagunilla|4326|1502908|2908|2026-09-29 02:50:00
15|89|Tepetzingo|4326|1502909|2909|2026-09-29 02:50:00
15|114|Jesus Carranza|4326|1502910|2910|2026-09-29 02:50:00
15|28|Del Campesino|4326|1502911|2911|2026-09-29 02:50:00
15|114|Coxcacoaco|4326|1502912|2912|2026-09-29 02:50:00
15|114|San Francisco|4326|1502913|2913|2026-09-29 02:50:00
15|107|Villas Los Angeles Tol I|4326|1502914|2914|2026-09-29 02:50:00
15|107|De Jesus Seccion Ii|4326|1502915|2915|2026-09-29 02:50:00
15|107|De Calixtlahuaca|4326|1502916|2916|2026-09-29 02:50:00
15|5|San Pedro La Hortaliza|4326|1502917|2917|2026-09-29 02:50:00
15|111|Los Saucos|4326|1502918|2918|2026-09-29 02:50:00
15|111|Cuadrilla De Dolores|4326|1502919|2919|2026-09-29 02:50:00
15|107|Campo Real Ii|4326|1502920|2920|2026-09-29 02:50:00
15|107|Las Bugambilias|4326|1502921|2921|2026-09-29 02:50:00
15|107|Campo Real I|4326|1502922|2922|2026-09-29 02:50:00
15|107|Conj U Campo Real|4326|1502923|2923|2026-09-29 02:50:00
15|107|Villas Santa Maria ( Galaxia )|4326|1502924|2924|2026-09-29 02:50:00
15|107|La Arboleda Iii|4326|1502925|2925|2026-09-29 02:50:00
15|107|El Trigo|4326|1502926|2926|2026-09-29 02:50:00
15|111|Malecon Santa Maria Ahuacatlan|4326|1502927|2927|2026-09-29 02:50:00
15|107|Las Brisas|4326|1502928|2928|2026-09-29 02:50:00
15|107|Rincon Del Parque|4326|1502929|2929|2026-09-29 02:50:00
15|107|Villas Zafiro|4326|1502930|2930|2026-09-29 02:50:00
15|30|El Encino|4326|1502931|2931|2026-09-29 02:50:00
15|26|Independencia|4326|1502932|2932|2026-09-29 02:50:00
15|111|La Pe?a|4326|1502933|2933|2026-09-29 02:50:00
15|107|Rdcial La Cienega A 1|4326|1502934|2934|2026-09-29 02:50:00
15|26|Jazmin De Las Flores|4326|1502935|2935|2026-09-29 02:50:00
15|107|Redcial La Cienega A 2|4326|1502936|2936|2026-09-29 02:50:00
15|107|Tenango|4326|1502937|2937|2026-09-29 02:50:00
15|30|Auris 2|4326|1502938|2938|2026-09-29 02:50:00
15|107|De Los Uribe|4326|1502939|2939|2026-09-29 02:50:00
15|90|San Miguel|4326|1502940|2940|2026-09-29 02:50:00
15|17|San Juan Evangelista Tlamapa|4326|1502942|2942|2026-09-29 02:50:00
15|50|Maxtleca De Galeana|4326|1502962|2962|2026-09-29 02:50:00
15|50|4to|4326|1502963|2963|2026-09-29 02:50:00
15|91|Santo Ni?o De Atocha|4326|1502964|2964|2026-09-29 02:50:00
15|107|Del Parque|4326|1502965|2965|2026-09-29 02:50:00
15|50|3er|4326|1502966|2966|2026-09-29 02:50:00
15|91|De Las Torres|4326|1502967|2967|2026-09-29 02:50:00
15|107|San Mateo Otzacatipan ( Rancho De La Ind )|4326|1502968|2968|2026-09-29 02:50:00
15|50|Primero|4326|1502969|2969|2026-09-29 02:50:00
15|107|Ampliacion Lazaro Cardenas|4326|1502970|2970|2026-09-29 02:50:00
15|50|2do|4326|1502971|2971|2026-09-29 02:50:00
15|91|El Carrizal|4326|1502972|2972|2026-09-29 02:50:00
15|91|Monte Del Calvario|4326|1502973|2973|2026-09-29 02:50:00
15|107|Emiliano Zapata|4326|1502974|2974|2026-09-29 02:50:00
15|107|Eva Samano De Lopez Mateos|4326|1502975|2975|2026-09-29 02:50:00
15|107|Conj U Villas De San Andres|4326|1502976|2976|2026-09-29 02:50:00
15|107|Rdcial Las Fuentes|4326|1502977|2977|2026-09-29 02:50:00
15|91|Teotenango|4326|1502980|2980|2026-09-29 02:50:00
15|107|La Arboleda Iv Secc I|4326|1502982|2982|2026-09-29 02:50:00
15|82|Los Heroes Tecamac|4326|1502983|2983|2026-09-29 02:50:00
15|107|La Arboleda Iv Secc Ii|4326|1502984|2984|2026-09-29 02:50:00
15|107|Bosques De Colon|4326|1502988|2988|2026-09-29 02:50:00
15|91|Guadalupana|4326|1502989|2989|2026-09-29 02:50:00
15|91|Leon Guzman|4326|1502993|2993|2026-09-29 02:50:00
15|82|Santa Cruz|4326|1502994|2994|2026-09-29 02:50:00
15|82|La Esmeralda|4326|1502996|2996|2026-09-29 02:50:00
15|91|Ojo De Agua|4326|1502997|2997|2026-09-29 02:50:00
15|91|Santa Maria|4326|1503000|3000|2026-09-29 02:50:00
15|91|San Francisco Tetetla|4326|1503001|3001|2026-09-29 02:50:00
15|107|Villas Fontana|4326|1503003|3003|2026-09-29 02:50:00
15|91|Parque Industrial|4326|1503006|3006|2026-09-29 02:50:00
15|107|Azteca|4326|1503007|3007|2026-09-29 02:50:00
15|91|Sin Nombre|4326|1503009|3009|2026-09-29 02:50:00
15|107|San Isidro De San Lorenzo Tepaltitlan|4326|1503011|3011|2026-09-29 02:50:00
15|91|Magisterial|4326|1503015|3015|2026-09-29 02:50:00
15|107|Las Margaritas|4326|1503017|3017|2026-09-29 02:50:00
15|91|Buenos Aires|4326|1503021|3021|2026-09-29 02:50:00
15|107|Las Palomas|4326|1503024|3024|2026-09-29 02:50:00
15|91|San Isidro|4326|1503025|3025|2026-09-29 02:50:00
15|91|Campesina|4326|1503029|3029|2026-09-29 02:50:00
15|91|San Jose|4326|1503030|3030|2026-09-29 02:50:00
15|91|Tenango De Arista|4326|1503031|3031|2026-09-29 02:50:00
15|91|Del Valle|4326|1503032|3032|2026-09-29 02:50:00
15|91|Narciso Bassols|4326|1503033|3033|2026-09-29 02:50:00
15|91|Miguel Talavera|4326|1503034|3034|2026-09-29 02:50:00
15|91|Santiaguito Coaxuxtenco|4326|1503035|3035|2026-09-29 02:50:00
15|91|San Bartolome Atlatlahuaca|4326|1503036|3036|2026-09-29 02:50:00
15|50|San Miguel De Ocampo|4326|1503038|3038|2026-09-29 02:50:00
15|50|Techuchulco De Allende|4326|1503039|3039|2026-09-29 02:50:00
15|107|La Cruz Comalco|4326|1503044|3044|2026-09-29 02:50:00
15|91|Santa Cruz Pueblo Nuevo|4326|1503045|3045|2026-09-29 02:50:00
15|107|Saint Laurent|4326|1503048|3048|2026-09-29 02:50:00
15|107|Los Gigantes|4326|1503050|3050|2026-09-29 02:50:00
15|82|Lomas De Tecamac|4326|1503052|3052|2026-09-29 02:50:00
15|107|Manuel Hinojosa G|4326|1503053|3053|2026-09-29 02:50:00
15|107|Villas Tepaltitlan|4326|1503054|3054|2026-09-29 02:50:00
15|91|San Miguel Balderas|4326|1503055|3055|2026-09-29 02:50:00
15|107|Conj Jardines De Tlacopa|4326|1503056|3056|2026-09-29 02:50:00
15|107|Los Tulipanes|4326|1503058|3058|2026-09-29 02:50:00
15|99|Guadalupe|4326|1503059|3059|2026-09-29 02:50:00
15|82|Nueva Tlalnepantla|4326|1503060|3060|2026-09-29 02:50:00
15|107|San Angelin|4326|1503061|3061|2026-09-29 02:50:00
15|107|San Angelin|4326|1503062|3062|2026-09-29 02:50:00
15|99|Santa Cecilia|4326|1503063|3063|2026-09-29 02:50:00
15|107|Del Bosque|4326|1503064|3064|2026-09-29 02:50:00
15|99|La Joya|4326|1503065|3065|2026-09-29 02:50:00
15|107|Azaleas V|4326|1503066|3066|2026-09-29 02:50:00
15|91|San Francisco Putla|4326|1503067|3067|2026-09-29 02:50:00
15|99|Otompa|4326|1503068|3068|2026-09-29 02:50:00
15|82|Loma Bonita|4326|1503069|3069|2026-09-29 02:50:00
15|82|Ampl Ozumbilla|4326|1503071|3071|2026-09-29 02:50:00
15|107|21 De Febrero|4326|1503073|3073|2026-09-29 02:50:00
15|99|Mexicapan|4326|1503074|3074|2026-09-29 02:50:00
15|107|24 De Octubre|4326|1503075|3075|2026-09-29 02:50:00
15|107|Girasoles Ii|4326|1503076|3076|2026-09-29 02:50:00
15|82|Los Arcos|4326|1503077|3077|2026-09-29 02:50:00
15|6|Almoloya Del Rio|4326|1503078|3078|2026-09-29 02:50:00
15|82|Hacienda Ojo De Agua|4326|1503079|3079|2026-09-29 02:50:00
15|107|Hacienda Girasoles|4326|1503080|3080|2026-09-29 02:50:00
15|91|San Isidro|4326|1503082|3082|2026-09-29 02:50:00
15|73|San Juan La Isla|4326|1503084|3084|2026-09-29 02:50:00
15|82|Rinconada De San Pedro|4326|1503085|3085|2026-09-29 02:50:00
15|82|Las Torres|4326|1503086|3086|2026-09-29 02:50:00
15|82|Villas Ii|4326|1503087|3087|2026-09-29 02:50:00
15|82|San Pedro Atzompa|4326|1503089|3089|2026-09-29 02:50:00
15|82|Ozumbilla|4326|1503092|3092|2026-09-29 02:50:00
15|82|Portal Ojo De Agua|4326|1503093|3093|2026-09-29 02:50:00
15|82|Las Animas|4326|1503094|3094|2026-09-29 02:50:00
15|102|San Jose Mezapa|4326|1503095|3095|2026-09-29 02:50:00
15|82|Lomas De Ozumbilla|4326|1503096|3096|2026-09-29 02:50:00
15|107|Rincon De San Lorenzo|4326|1503097|3097|2026-09-29 02:50:00
15|43|San Bartolo Del Llano|4326|1503098|3098|2026-09-29 02:50:00
15|107|Celanese|4326|1503099|3099|2026-09-29 02:50:00
15|107|Santa Barbara|4326|1503100|3100|2026-09-29 02:50:00
15|107|Real De San Lorenzo|4326|1503105|3105|2026-09-29 02:50:00
15|107|Plaza Girasoles|4326|1503106|3106|2026-09-29 02:50:00
15|26|San Jose|4326|1503107|3107|2026-09-29 02:50:00
15|107|Fuentes De Tlacopa|4326|1503108|3108|2026-09-29 02:50:00
15|107|Horizontal Tlacopa|4326|1503109|3109|2026-09-29 02:50:00
15|107|Prados De Tlacopa|4326|1503110|3110|2026-09-29 02:50:00
15|107|Rdcial Tlacopa|4326|1503111|3111|2026-09-29 02:50:00
15|26|San Miguel|4326|1503112|3112|2026-09-29 02:50:00
15|107|De Tlacopa|4326|1503113|3113|2026-09-29 02:50:00
15|107|Unidad Victoria|4326|1503115|3115|2026-09-29 02:50:00
15|107|La Magdalena|4326|1503116|3116|2026-09-29 02:50:00
15|26|San Lorenzo Chimalpa|4326|1503117|3117|2026-09-29 02:50:00
15|26|Las Compras|4326|1503118|3118|2026-09-29 02:50:00
15|107|Nva Sta Maria De Las Rosas|4326|1503119|3119|2026-09-29 02:50:00
15|107|Valle Don Camilo|4326|1503120|3120|2026-09-29 02:50:00
15|26|San Martin Xico Nuevo|4326|1503121|3121|2026-09-29 02:50:00
15|107|Valle Verde|4326|1503122|3122|2026-09-29 02:50:00
15|107|Comision Federal De Electricidad|4326|1503123|3123|2026-09-29 02:50:00
15|107|Izcalli Toluca|4326|1503126|3126|2026-09-29 02:50:00
15|91|La Joya|4326|1503129|3129|2026-09-29 02:50:00
15|91|Los Cedros|4326|1503130|3130|2026-09-29 02:50:00
15|107|Altamirano|4326|1503131|3131|2026-09-29 02:50:00
15|107|Americas|4326|1503133|3133|2026-09-29 02:50:00
15|53|Jesus Maria|4326|1503134|3134|2026-09-29 02:50:00
15|91|Cruz Verde|4326|1503136|3136|2026-09-29 02:50:00
15|91|La Aurora|4326|1503139|3139|2026-09-29 02:50:00
15|107|De San Sebastian|4326|1503140|3140|2026-09-29 02:50:00
15|100|San Felipe - Santa Cruz - Tocuila|4326|1503142|3142|2026-09-29 02:50:00
15|55|Arboledas|4326|1503143|3143|2026-09-29 02:50:00
15|55|Andres Molina Enriquez|4326|1503144|3144|2026-09-29 02:50:00
15|55|San Jose La Pila|4326|1503145|3145|2026-09-29 02:50:00
15|100|San Felipe|4326|1503146|3146|2026-09-29 02:50:00
15|119|2 De Marzo|4326|1503147|3147|2026-09-29 02:50:00
15|100|Santa Cruz De Abajo|4326|1503148|3148|2026-09-29 02:50:00
15|12|Magisterial|4326|1503149|3149|2026-09-29 02:50:00
15|100|De Tocuila|4326|1503150|3150|2026-09-29 02:50:00
15|89|La Cienega|4326|1503151|3151|2026-09-29 02:50:00
15|100|De Tocuila - La Monera|4326|1503153|3153|2026-09-29 02:50:00
15|55|La Providencia|4326|1503154|3154|2026-09-29 02:50:00
15|55|Izcalli Cuauhtemoc Vi|4326|1503155|3155|2026-09-29 02:50:00
15|107|Moderna De La Cruz|4326|1503156|3156|2026-09-29 02:50:00
15|119|Santa Maria Nativitas|4326|1503157|3157|2026-09-29 02:50:00
15|55|Izcalli Cuauhtemoc V|4326|1503159|3159|2026-09-29 02:50:00
15|55|Izcalli Cuauhtemoc Iv|4326|1503160|3160|2026-09-29 02:50:00
15|55|Izcalli Cuauhtemoc Iii|4326|1503161|3161|2026-09-29 02:50:00
15|55|Izcalli Cuauhtemoc Ii|4326|1503162|3162|2026-09-29 02:50:00
15|100|Guadalupe Victoria|4326|1503163|3163|2026-09-29 02:50:00
15|91|Tecomicalli|4326|1503164|3164|2026-09-29 02:50:00
15|55|Rancho San Lucas|4326|1503165|3165|2026-09-29 02:50:00
15|55|Izcalli Cuauhtemoc I|4326|1503166|3166|2026-09-29 02:50:00
15|55|La Campesina|4326|1503167|3167|2026-09-29 02:50:00
15|100|San Miguel Tocuila|4326|1503168|3168|2026-09-29 02:50:00
15|55|Infonavit Las Marinas|4326|1503169|3169|2026-09-29 02:50:00
15|120|San Nicolas Palo Dulce|4326|1503170|3170|2026-09-29 02:50:00
15|55|Country Club|4326|1503171|3171|2026-09-29 02:50:00
15|55|La Hortaliza|4326|1503172|3172|2026-09-29 02:50:00
15|11|San Isidro - San Andres|4326|1503173|3173|2026-09-29 02:50:00
15|120|San Pablo Tejalpa|4326|1503176|3176|2026-09-29 02:50:00
15|71|La Cerca|4326|1503177|3177|2026-09-29 02:50:00
15|71|Ampliacion La Magdalena|4326|1503178|3178|2026-09-29 02:50:00
15|71|Tepapacalco|4326|1503179|3179|2026-09-29 02:50:00
15|55|El Carmen|4326|1503180|3180|2026-09-29 02:50:00
15|71|Jorge Jimenez Cantu|4326|1503181|3181|2026-09-29 02:50:00
15|107|Tollocan Towers|4326|1503182|3182|2026-09-29 02:50:00
15|55|San Jeronimo|4326|1503183|3183|2026-09-29 02:50:00
15|71|Lomas De San Sebastian|4326|1503184|3184|2026-09-29 02:50:00
15|107|Villas San Isidro|4326|1503185|3185|2026-09-29 02:50:00
15|71|Jorge Jimenez Cantu|4326|1503186|3186|2026-09-29 02:50:00
15|55|Rincon De San Jeronimo|4326|1503188|3188|2026-09-29 02:50:00
15|55|Rinconada Las Torres Iv|4326|1503189|3189|2026-09-29 02:50:00
15|89|19 Rcm|4326|1503190|3190|2026-09-29 02:50:00
15|55|Quinta De San Jeronimo|4326|1503191|3191|2026-09-29 02:50:00
15|89|San Jose El Cuartel|4326|1503192|3192|2026-09-29 02:50:00
15|107|San Lorenzo Tepaltitlan|4326|1503196|3196|2026-09-29 02:50:00
15|89|San Ramon|4326|1503197|3197|2026-09-29 02:50:00
15|71|Tecontlapesco|4326|1503198|3198|2026-09-29 02:50:00
15|55|Renacimiento|4326|1503199|3199|2026-09-29 02:50:00
15|71|Paso De Minas|4326|1503200|3200|2026-09-29 02:50:00
15|89|Morelos|4326|1503201|3201|2026-09-29 02:50:00
15|89|El Huerto|4326|1503202|3202|2026-09-29 02:50:00
15|107|Quintas Real De San Lorenzo|4326|1503203|3203|2026-09-29 02:50:00
15|89|El Chiflon|4326|1503204|3204|2026-09-29 02:50:00
15|89|Los Shiperez|4326|1503206|3206|2026-09-29 02:50:00
15|89|Nuchat Tlamachtiket|4326|1503207|3207|2026-09-29 02:50:00
15|107|Hacienda San Agustin|4326|1503209|3209|2026-09-29 02:50:00
15|89|San Nicolas|4326|1503210|3210|2026-09-29 02:50:00
15|55|Xinantecatl|4326|1503211|3211|2026-09-29 02:50:00
15|89|Santa Teresita|4326|1503212|3212|2026-09-29 02:50:00
15|55|Juan Fernandez Albarran|4326|1503213|3213|2026-09-29 02:50:00
15|89|Cruz Viidriada|4326|1503214|3214|2026-09-29 02:50:00
15|55|Real De San Javier|4326|1503215|3215|2026-09-29 02:50:00
15|89|San Jose Teneria|4326|1503216|3216|2026-09-29 02:50:00
15|55|San Gaspar Tlahuelilpan|4326|1503217|3217|2026-09-29 02:50:00
15|89|Emiliano Zapata|4326|1503218|3218|2026-09-29 02:50:00
15|89|Gualupita|4326|1503219|3219|2026-09-29 02:50:00
15|107|La Ribera Iii|4326|1503222|3222|2026-09-29 02:50:00
15|107|Villas Bugambilias|4326|1503224|3224|2026-09-29 02:50:00
15|107|Bosques De San Mateo|4326|1503227|3227|2026-09-29 02:50:00
15|107|La Ribera Iv|4326|1503228|3228|2026-09-29 02:50:00
15|107|Ex-hacienda San Jorge|4326|1503233|3233|2026-09-29 02:50:00
15|107|Protinbos|4326|1503235|3235|2026-09-29 02:50:00
15|107|Parque De San Mateo|4326|1503236|3236|2026-09-29 02:50:00
15|28|Las Americas|4326|1503237|3237|2026-09-29 02:50:00
15|100|San Alberto|4326|1503238|3238|2026-09-29 02:50:00
15|114|El Izote|4326|1503239|3239|2026-09-29 02:50:00
15|114|El Carmen|4326|1503240|3240|2026-09-29 02:50:00
15|100|San Miguel Tlaixpan|4326|1503241|3241|2026-09-29 02:50:00
15|114|San Pedro Buenos Aires|4326|1503242|3242|2026-09-29 02:50:00
15|114|Porfirio Diaz|4326|1503243|3243|2026-09-29 02:50:00
15|28|Chapultepec|4326|1503244|3244|2026-09-29 02:50:00
15|114|San Gaspar|4326|1503245|3245|2026-09-29 02:50:00
15|114|San Mateo Coapexco|4326|1503246|3246|2026-09-29 02:50:00
15|114|Zacango|4326|1503247|3247|2026-09-29 02:50:00
15|18|San Bartolito Tlaltelolco|4326|1503248|3248|2026-09-29 02:50:00
15|18|San Marcos De La Cruz|4326|1503249|3249|2026-09-29 02:50:00
15|114|San Diego|4326|1503250|3250|2026-09-29 02:50:00
15|100|Guadalupe Amanalco|4326|1503251|3251|2026-09-29 02:50:00
15|74|San Lucas Tepemajalco|4326|1503252|3252|2026-09-29 02:50:00
15|114|San Miguel|4326|1503253|3253|2026-09-29 02:50:00
15|114|La Joya|4326|1503254|3254|2026-09-29 02:50:00
15|74|San Antonio La Isla|4326|1503255|3255|2026-09-29 02:50:00
15|100|Santa Maria Tecuanulco|4326|1503256|3256|2026-09-29 02:50:00
15|114|El Islote|4326|1503257|3257|2026-09-29 02:50:00
15|114|San Lucas|4326|1503258|3258|2026-09-29 02:50:00
15|18|Guadalupe|4326|1503259|3259|2026-09-29 02:50:00
15|18|Calimaya|4326|1503260|3260|2026-09-29 02:50:00
15|114|Santa Maria Aranzazu|4326|1503261|3261|2026-09-29 02:50:00
15|114|Cruz Vidriada|4326|1503262|3262|2026-09-29 02:50:00
15|18|Sauces|4326|1503263|3263|2026-09-29 02:50:00
15|18|San Juan|4326|1503264|3264|2026-09-29 02:50:00
15|18|San Martin|4326|1503265|3265|2026-09-29 02:50:00
15|18|Cruz Blanca|4326|1503266|3266|2026-09-29 02:50:00
15|34|La Paz|4326|1503267|3267|2026-09-29 02:50:00
15|114|Ejido San Mateo Coapexco|4326|1503268|3268|2026-09-29 02:50:00
15|18|Las Torres|4326|1503269|3269|2026-09-29 02:50:00
15|34|Jardines De Santo Tomas|4326|1503270|3270|2026-09-29 02:50:00
15|114|Villa Guerrero|4326|1503271|3271|2026-09-29 02:50:00
15|18|Los Angeles|4326|1503272|3272|2026-09-29 02:50:00
15|34|Rancho Victoria 1|4326|1503273|3273|2026-09-29 02:50:00
15|18|Cruz Verde|4326|1503274|3274|2026-09-29 02:50:00
15|18|Santa Cecilia|4326|1503275|3275|2026-09-29 02:50:00
15|18|Del Rosario|4326|1503276|3276|2026-09-29 02:50:00
15|89|Santa Teresa|4326|1503277|3277|2026-09-29 02:50:00
15|5|San Isidro El Reservado|4326|1503278|3278|2026-09-29 02:50:00
15|18|San Pedro - San Pablo|4326|1503279|3279|2026-09-29 02:50:00
15|89|Santa Ana Ixtlahuatzingo|4326|1503280|3280|2026-09-29 02:50:00
15|89|San Antonio Agua Bendita|4326|1503281|3281|2026-09-29 02:50:00
15|89|La Compuerta|4326|1503282|3282|2026-09-29 02:50:00
15|18|Del Calvario|4326|1503283|3283|2026-09-29 02:50:00
15|89|Atotonilco|4326|1503284|3284|2026-09-29 02:50:00
15|18|San Diego De La Huerta|4326|1503285|3285|2026-09-29 02:50:00
15|89|San Martin Coapaxtongo|4326|1503286|3286|2026-09-29 02:50:00
15|89|Francisco Zarco|4326|1503287|3287|2026-09-29 02:50:00
15|18|Zaragoza De Guadalupe|4326|1503288|3288|2026-09-29 02:50:00
15|89|Los Morales|4326|1503289|3289|2026-09-29 02:50:00
15|91|La Herradura|4326|1503290|3290|2026-09-29 02:50:00
15|91|Lazaro Cardenas|4326|1503291|3291|2026-09-29 02:50:00
15|5|Ca?ada De Guadarrama|4326|1503292|3292|2026-09-29 02:50:00
15|91|La Haciendita|4326|1503293|3293|2026-09-29 02:50:00
15|5|Santa Maria Nativitas|4326|1503294|3294|2026-09-29 02:50:00
15|91|San Francisco Tepexoxuca|4326|1503295|3295|2026-09-29 02:50:00
15|5|San Mateo Tlalchichilpan|4326|1503296|3296|2026-09-29 02:50:00
15|91|Santa Maria Jajalpa|4326|1503297|3297|2026-09-29 02:50:00
15|5|Santiaguito Tlalcilalcali|4326|1503298|3298|2026-09-29 02:50:00
15|5|San Pedro|4326|1503299|3299|2026-09-29 02:50:00
15|5|Almoloya De Juarez|4326|1503300|3300|2026-09-29 02:50:00
15|5|Santa Juana 1ra Seccion|4326|1503301|3301|2026-09-29 02:50:00
15|5|Mina Mexico|4326|1503302|3302|2026-09-29 02:50:00
15|5|Ejido De San Pedro|4326|1503303|3303|2026-09-29 02:50:00
15|111|Avandaro|4326|1503304|3304|2026-09-29 02:50:00
15|111|Monte Alto|4326|1503305|3305|2026-09-29 02:50:00
15|111|Otumba|4326|1503306|3306|2026-09-29 02:50:00
15|107|Los Perales|4326|1503307|3307|2026-09-29 02:50:00
15|107|Santa Ana Tlapaltitlan|4326|1503308|3308|2026-09-29 02:50:00
15|55|Candilejas|4326|1503309|3309|2026-09-29 02:50:00
15|55|San Jose|4326|1503310|3310|2026-09-29 02:50:00
15|55|Hacienda Del Bosque|4326|1503311|3311|2026-09-29 02:50:00
15|55|Lomas San Isidro|4326|1503312|3312|2026-09-29 02:50:00
15|55|Villas Magdalena|4326|1503313|3313|2026-09-29 02:50:00
15|55|Magnolias|4326|1503314|3314|2026-09-29 02:50:00
15|55|Vitrales|4326|1503315|3315|2026-09-29 02:50:00
15|55|Alamos Ii|4326|1503316|3316|2026-09-29 02:50:00
15|55|Alamos I|4326|1503317|3317|2026-09-29 02:50:00
15|55|La Antigua Ii|4326|1503318|3318|2026-09-29 02:50:00
15|55|La Antigua I|4326|1503319|3319|2026-09-29 02:50:00
15|55|Residencial El Casta?o|4326|1503320|3320|2026-09-29 02:50:00
15|55|Villas De La Asuncion|4326|1503321|3321|2026-09-29 02:50:00
15|55|Rinconada La Asuncion|4326|1503322|3322|2026-09-29 02:50:00
15|55|Arbol De La Vida|4326|1503323|3323|2026-09-29 02:50:00
15|55|San Miguel|4326|1503324|3324|2026-09-29 02:50:00
15|55|Galapagos|4326|1503325|3325|2026-09-29 02:50:00
15|55|La Joya|4326|1503326|3326|2026-09-29 02:50:00
15|55|Casa Magna|4326|1503327|3327|2026-09-29 02:50:00
15|55|Balmoral|4326|1503328|3328|2026-09-29 02:50:00
15|55|El Mural|4326|1503329|3329|2026-09-29 02:50:00
15|55|Rincon Colonial|4326|1503330|3330|2026-09-29 02:50:00
15|55|La Purisima|4326|1503331|3331|2026-09-29 02:50:00
15|55|Villas Alteza|4326|1503332|3332|2026-09-29 02:50:00
15|55|Solidaridad De Los Electricistas|4326|1503333|3333|2026-09-29 02:50:00
15|55|Prados De Ceboruco|4326|1503334|3334|2026-09-29 02:50:00
15|55|Caltillo|4326|1503335|3335|2026-09-29 02:50:00
15|55|El Rodeo|4326|1503336|3336|2026-09-29 02:50:00
15|55|Villas De Metepec|4326|1503337|3337|2026-09-29 02:50:00
15|55|El Porton Iii|4326|1503338|3338|2026-09-29 02:50:00
15|55|El Porton Ii|4326|1503339|3339|2026-09-29 02:50:00
15|55|El Porton I|4326|1503340|3340|2026-09-29 02:50:00
15|55|Hipico|4326|1503341|3341|2026-09-29 02:50:00
15|55|Rincon San Gabriel|4326|1503342|3342|2026-09-29 02:50:00
15|55|San Jeronimo|4326|1503343|3343|2026-09-29 02:50:00
15|55|San Marino|4326|1503344|3344|2026-09-29 02:50:00
15|55|Camino Real A Metepec|4326|1503345|3345|2026-09-29 02:50:00
15|55|Real De San Jose|4326|1503346|3346|2026-09-29 02:50:00
15|55|Girasoles|4326|1503347|3347|2026-09-29 02:50:00
15|55|Azaleas Ii|4326|1503348|3348|2026-09-29 02:50:00
15|55|Metepec|4326|1503349|3349|2026-09-29 02:50:00
15|55|Los Cedros|4326|1503350|3350|2026-09-29 02:50:00
15|55|San Agustin|4326|1503351|3351|2026-09-29 02:50:00
15|46|Javier Barrios|4326|1503352|3352|2026-09-29 02:50:00
15|55|Azaleas Ii|4326|1503353|3353|2026-09-29 02:50:00
15|55|Paseo De San Joaquin|4326|1503354|3354|2026-09-29 02:50:00
15|55|Paseo De San Jose|4326|1503355|3355|2026-09-29 02:50:00
15|55|Paseo De Maria|4326|1503357|3357|2026-09-29 02:50:00
15|55|Paseo De Jesus|4326|1503358|3358|2026-09-29 02:50:00
15|55|Paseo Del Carmen|4326|1503359|3359|2026-09-29 02:50:00
15|55|Santa Rosa|4326|1503360|3360|2026-09-29 02:50:00
15|55|Rancho La Asuncion|4326|1503361|3361|2026-09-29 02:50:00
15|55|San Gabriel|4326|1503362|3362|2026-09-29 02:50:00
15|55|Santa Elena|4326|1503363|3363|2026-09-29 02:50:00
15|55|San Sebastian|4326|1503364|3364|2026-09-29 02:50:00
15|55|San Francisco|4326|1503365|3365|2026-09-29 02:50:00
15|55|Paseo De La Concepcion|4326|1503366|3366|2026-09-29 02:50:00
15|55|Alsacia|4326|1503367|3367|2026-09-29 02:50:00
15|55|Santa Ana|4326|1503368|3368|2026-09-29 02:50:00
15|55|Normandia|4326|1503369|3369|2026-09-29 02:50:00
15|55|Las Quintas|4326|1503370|3370|2026-09-29 02:50:00
15|55|Aquitania Los Cisnes|4326|1503371|3371|2026-09-29 02:50:00
15|55|Villas Santa Teresa|4326|1503372|3372|2026-09-29 02:50:00
15|55|Explanada Del Parque|4326|1503373|3373|2026-09-29 02:50:00
15|56|Centro|4326|1503375|3375|2026-09-29 02:50:00
15|52|Isidro Fabela|4326|1503376|3376|2026-09-29 02:50:00
15|100|De Santa Maria Nativitas|4326|1503377|3377|2026-09-29 02:50:00
15|100|Molino De Flores|4326|1503378|3378|2026-09-29 02:50:00
15|100|Granjas Molino De Flores|4326|1503379|3379|2026-09-29 02:50:00
15|107|Francisco I Madero|4326|1503380|3380|2026-09-29 02:50:00
15|100|Suteym|4326|1503381|3381|2026-09-29 02:50:00
15|77|Reforma|4326|1503382|3382|2026-09-29 02:50:00
15|100|Xocotlan|4326|1503383|3383|2026-09-29 02:50:00
15|100|Los Fresnos|4326|1503384|3384|2026-09-29 02:50:00
15|89|Tenancingo De Degollado|4326|1503385|3385|2026-09-29 02:50:00
15|100|De San Diego|4326|1503386|3386|2026-09-29 02:50:00
15|100|San Diego|4326|1503387|3387|2026-09-29 02:50:00
15|100|La Paz|4326|1503388|3388|2026-09-29 02:50:00
15|100|San Sebastian|4326|1503389|3389|2026-09-29 02:50:00
15|100|U Hab Rodriguez Alcaine - San Sebastian|4326|1503390|3390|2026-09-29 02:50:00
15|100|Donato Guerra|4326|1503391|3391|2026-09-29 02:50:00
15|100|San Lorenzo|4326|1503392|3392|2026-09-29 02:50:00
15|100|Las Vegas|4326|1503393|3393|2026-09-29 02:50:00
15|100|El Carmen|4326|1503394|3394|2026-09-29 02:50:00
15|100|Minas De Huexotla|4326|1503395|3395|2026-09-29 02:50:00
15|100|Santo Tomas|4326|1503396|3396|2026-09-29 02:50:00
15|100|Lomas De Cocoyoc|4326|1503397|3397|2026-09-29 02:50:00
15|100|Bellavista|4326|1503398|3398|2026-09-29 02:50:00
15|100|Issste - Emiliano Zapata|4326|1503399|3399|2026-09-29 02:50:00
15|100|Santiaguito|4326|1503400|3400|2026-09-29 02:50:00
15|89|Centro|4326|1503401|3401|2026-09-29 02:50:00
15|100|San Luis Huexotla - Pblo San Luis Huexotla|4326|1503402|3402|2026-09-29 02:50:00
15|100|San Luis Huexotla|4326|1503403|3403|2026-09-29 02:50:00
15|100|Joyas De San Mateo|4326|1503404|3404|2026-09-29 02:50:00
15|89|San Vicente|4326|1503405|3405|2026-09-29 02:50:00
15|89|La Campana|4326|1503406|3406|2026-09-29 02:50:00
15|100|Tex Plus|4326|1503407|3407|2026-09-29 02:50:00
15|89|El Durazno|4326|1503408|3408|2026-09-29 02:50:00
15|89|El Rastro|4326|1503409|3409|2026-09-29 02:50:00
15|100|Magisterial 15 De  Mayo|4326|1503410|3410|2026-09-29 02:50:00
15|100|Jardines De Quinatzin|4326|1503411|3411|2026-09-29 02:50:00
15|100|Residencial Postgrado|4326|1503412|3412|2026-09-29 02:50:00
15|89|Militar|4326|1503413|3413|2026-09-29 02:50:00
15|100|Ni?os Heroes|4326|1503414|3414|2026-09-29 02:50:00
15|100|Tulipanes|4326|1503415|3415|2026-09-29 02:50:00
15|56|Centro|4326|1503416|3416|2026-09-29 02:50:00
15|56|La Estacion|4326|1503417|3417|2026-09-29 02:50:00
15|56|Centro|4326|1503418|3418|2026-09-29 02:50:00
15|100|Sector Popular|4326|1503419|3419|2026-09-29 02:50:00
15|100|San Mateo Huexotla|4326|1503420|3420|2026-09-29 02:50:00
15|56|San Jose|4326|1503421|3421|2026-09-29 02:50:00
15|56|La Estacion|4326|1503422|3422|2026-09-29 02:50:00
15|100|Las Americas|4326|1503423|3423|2026-09-29 02:50:00
15|100|La Caba?a|4326|1503424|3424|2026-09-29 02:50:00
15|100|Servicios Habitacionales - Autoconstruccion|4326|1503425|3425|2026-09-29 02:50:00
15|100|Joyas De Santa Ana|4326|1503426|3426|2026-09-29 02:50:00
15|100|El Cooperativo|4326|1503427|3427|2026-09-29 02:50:00
15|100|Las Maravillas|4326|1503428|3428|2026-09-29 02:50:00
15|100|Ex Hacienda Xolache|4326|1503429|3429|2026-09-29 02:50:00
15|100|El Xolache|4326|1503430|3430|2026-09-29 02:50:00
15|100|Pblo San Miguel Coatlinchan - Ejd La Presa|4326|1503431|3431|2026-09-29 02:50:00
15|55|Moderna San Sebastian|4326|1503432|3432|2026-09-29 02:50:00
15|100|San Miguel Coatlinchan|4326|1503433|3433|2026-09-29 02:50:00
15|55|San Lucas Tunco|4326|1503434|3434|2026-09-29 02:50:00
15|55|San Sebastian|4326|1503435|3435|2026-09-29 02:50:00
15|55|San Jorge Pueblo Nuevo|4326|1503436|3436|2026-09-29 02:50:00
15|55|Espiritu Santo|4326|1503437|3437|2026-09-29 02:50:00
15|55|Union|4326|1503439|3439|2026-09-29 02:50:00
15|55|El Encino|4326|1503440|3440|2026-09-29 02:50:00
15|55|Loma Real|4326|1503442|3442|2026-09-29 02:50:00
15|55|Santa Maria La Magdalena Ocotitlan|4326|1503443|3443|2026-09-29 02:50:00
15|55|Las Jaras|4326|1503444|3444|2026-09-29 02:50:00
15|100|Gilberto Palacios De La Rosa - De Los Profesores|4326|1503445|3445|2026-09-29 02:50:00
15|55|Villas San Gregorio|4326|1503446|3446|2026-09-29 02:50:00
15|55|Los Cipreces Ii|4326|1503448|3448|2026-09-29 02:50:00
15|100|Universidad Autonoma De Chapingo|4326|1503449|3449|2026-09-29 02:50:00
15|55|Juan Laredo Garcia|4326|1503450|3450|2026-09-29 02:50:00
15|55|Luisa Isabel Campos De Jimenez Cantu|4326|1503451|3451|2026-09-29 02:50:00
15|89|San Mateo|4326|1503453|3453|2026-09-29 02:50:00
15|55|Las Margaritas|4326|1503455|3455|2026-09-29 02:50:00
15|100|Salitreria|4326|1503456|3456|2026-09-29 02:50:00
15|55|Jorge Jimenez Cantu|4326|1503458|3458|2026-09-29 02:50:00
15|100|La Concepcion|4326|1503459|3459|2026-09-29 02:50:00
15|100|Pepsi - Embotelladores|4326|1503460|3460|2026-09-29 02:50:00
15|55|Las Americas|4326|1503461|3461|2026-09-29 02:50:00
15|89|San Diego|4326|1503462|3462|2026-09-29 02:50:00
15|55|Juan Fernandez Albarran|4326|1503463|3463|2026-09-29 02:50:00
15|55|Las Glorias|4326|1503464|3464|2026-09-29 02:50:00
15|89|San Diego|4326|1503466|3466|2026-09-29 02:50:00
15|55|Santa Cruz|4326|1503467|3467|2026-09-29 02:50:00
15|100|San Andres|4326|1503468|3468|2026-09-29 02:50:00
15|100|Huexotla|4326|1503469|3469|2026-09-29 02:50:00
15|100|San Joaquin Coapango|4326|1503470|3470|2026-09-29 02:50:00
15|55|La Michoacana|4326|1503473|3473|2026-09-29 02:50:00
15|100|Nezahualcoyotl - Boyeros|4326|1503474|3474|2026-09-29 02:50:00
15|100|San Bernardino|4326|1503475|3475|2026-09-29 02:50:00
15|55|Mayorazgo De Metepec|4326|1503476|3476|2026-09-29 02:50:00
15|100|Gama|4326|1503478|3478|2026-09-29 02:50:00
15|71|Reyes Iv|4326|1503479|3479|2026-09-29 02:50:00
15|55|Espiritu Santo|4326|1503480|3480|2026-09-29 02:50:00
15|100|San Jose|4326|1503481|3481|2026-09-29 02:50:00
15|100|Guadalupe|4326|1503482|3482|2026-09-29 02:50:00
15|100|Conjunto Urbano Paraiso 300 - Conjunto Urbano Paraiso 2000|4326|1503483|3483|2026-09-29 02:50:00
15|100|San Juan Potreritos|4326|1503484|3484|2026-09-29 02:50:00
15|89|De Teotla|4326|1503485|3485|2026-09-29 02:50:00
15|71|20 De Mayo|4326|1503486|3486|2026-09-29 02:50:00
15|55|San Miguel|4326|1503487|3487|2026-09-29 02:50:00
15|89|Capilla De Guadalupe|4326|1503489|3489|2026-09-29 02:50:00
15|55|Villas San Agustin|4326|1503490|3490|2026-09-29 02:50:00
15|55|Los Morillos|4326|1503491|3491|2026-09-29 02:50:00
15|55|San Angel|4326|1503492|3492|2026-09-29 02:50:00
15|55|Santa Teresa|4326|1503493|3493|2026-09-29 02:50:00
15|55|Villas Chapultepec|4326|1503494|3494|2026-09-29 02:50:00
15|55|San Mateo|4326|1503495|3495|2026-09-29 02:50:00
15|55|Horizontal Guerrero|4326|1503496|3496|2026-09-29 02:50:00
15|55|Los Sauces|4326|1503497|3497|2026-09-29 02:50:00
15|55|La Purisima|4326|1503498|3498|2026-09-29 02:50:00
15|100|De Cuautlalpan|4326|1503499|3499|2026-09-29 02:50:00
15|55|Coaxustenco|4326|1503500|3500|2026-09-29 02:50:00
15|116|De Zolotepec|4326|1503501|3501|2026-09-29 02:50:00
15|55|Rincon Viejo|4326|1503502|3502|2026-09-29 02:50:00
15|55|Sevilla|4326|1503503|3503|2026-09-29 02:50:00
15|55|Ibiza|4326|1503504|3504|2026-09-29 02:50:00
15|55|Malaga|4326|1503505|3505|2026-09-29 02:50:00
15|100|De Cuautlalpan - De Beltran|4326|1503506|3506|2026-09-29 02:50:00
15|89|Del Calvario|4326|1503507|3507|2026-09-29 02:50:00
15|55|Rinconada Mexicana|4326|1503508|3508|2026-09-29 02:50:00
15|55|Villas Country|4326|1503509|3509|2026-09-29 02:50:00
15|89|San Pedrito|4326|1503510|3510|2026-09-29 02:50:00
15|100|Montecillo|4326|1503511|3511|2026-09-29 02:50:00
15|55|Puerta De Hierro|4326|1503512|3512|2026-09-29 02:50:00
15|89|Issemym|4326|1503513|3513|2026-09-29 02:50:00
15|55|Citlalli Ii|4326|1503514|3514|2026-09-29 02:50:00
15|55|Citlalli I|4326|1503515|3515|2026-09-29 02:50:00
15|89|Capilla De Los Remedios|4326|1503516|3516|2026-09-29 02:50:00
15|55|Lazaro Cardenas Issemym|4326|1503517|3517|2026-09-29 02:50:00
15|55|Campestre Del Valle|4326|1503518|3518|2026-09-29 02:50:00
15|89|Providencia|4326|1503519|3519|2026-09-29 02:50:00
15|55|Niza|4326|1503520|3520|2026-09-29 02:50:00
15|55|Turin|4326|1503521|3521|2026-09-29 02:50:00
15|55|La Gavia|4326|1503522|3522|2026-09-29 02:50:00
15|100|San Antonio|4326|1503523|3523|2026-09-29 02:50:00
15|55|Infonavit San Francisco|4326|1503524|3524|2026-09-29 02:50:00
15|100|San Felipe Montecillo|4326|1503525|3525|2026-09-29 02:50:00
15|100|El Huizachal - Montecillo|4326|1503526|3526|2026-09-29 02:50:00
15|100|Montecillo|4326|1503527|3527|2026-09-29 02:50:00
15|89|El Carrizal|4326|1503528|3528|2026-09-29 02:50:00
15|89|Paseo De Los Insurgentes|4326|1503529|3529|2026-09-29 02:50:00
15|89|El Chabacano|4326|1503530|3530|2026-09-29 02:50:00
15|100|Colegio De Postgraduados|4326|1503531|3531|2026-09-29 02:50:00
15|89|Capilla De Jesus|4326|1503532|3532|2026-09-29 02:50:00
15|100|Elsa Cordova Moran|4326|1503533|3533|2026-09-29 02:50:00
15|100|Wenceslao Victoria Soto|4326|1503534|3534|2026-09-29 02:50:00
15|89|San Isidro|4326|1503535|3535|2026-09-29 02:50:00
15|100|Lazaro Cardenas|4326|1503536|3536|2026-09-29 02:50:00
15|55|Villas Del Sol|4326|1503537|3537|2026-09-29 02:50:00
15|55|San Miguel Totocuitlapilco|4326|1503538|3538|2026-09-29 02:50:00
15|91|El Zarzal|4326|1503539|3539|2026-09-29 02:50:00
15|119|La Loma I|4326|1503540|3540|2026-09-29 02:50:00
15|119|El Porvenir|4326|1503541|3541|2026-09-29 02:50:00
15|107|Santa Cruz Atzcapotzaltongo|4326|1503542|3542|2026-09-29 02:50:00
15|52|El Calvario|4326|1503543|3543|2026-09-29 02:50:00
15|109|Paseos De Tultepec Ii|4326|1503544|3544|2026-09-29 02:50:00
15|59|4 Caballerias|4326|1503545|3545|2026-09-29 02:50:00
15|121|Los Rivero|4326|1503546|3546|2026-09-29 02:50:00
15|100|Las Animas|4326|1503547|3547|2026-09-29 02:50:00
15|77|Cipreses|4326|1503548|3548|2026-09-29 02:50:00
15|77|La Arboleda|4326|1503549|3549|2026-09-29 02:50:00
15|77|Villas La Magdalena|4326|1503550|3550|2026-09-29 02:50:00
15|77|Las Azaleas|4326|1503551|3551|2026-09-29 02:50:00
15|55|Diamante|4326|1503552|3552|2026-09-29 02:50:00
15|107|Conj Rinconada Del Pilar|4326|1503553|3553|2026-09-29 02:50:00
15|107|Conj Geo Villas Los Cedros|4326|1503554|3554|2026-09-29 02:50:00
15|107|Conj Geo Villas De La Ind Ii|4326|1503555|3555|2026-09-29 02:50:00
15|14|El Jazmin|4326|1503556|3556|2026-09-29 02:50:00
15|14|Ampliacion La Garita|4326|1503557|3557|2026-09-29 02:50:00
15|82|Los Heroes Tecamac Ii Bosques Secc I|4326|1503558|3558|2026-09-29 02:50:00
15|24|Juan Diego|4326|1503559|3559|2026-09-29 02:50:00
15|55|Arboledas Ii|4326|1503560|3560|2026-09-29 02:50:00
15|55|Sauces|4326|1503561|3561|2026-09-29 02:50:00
15|55|La Isla I|4326|1503562|3562|2026-09-29 02:50:00
15|56|Mazachulco|4326|1503563|3563|2026-09-29 02:50:00
15|56|Tecuanapa|4326|1503564|3564|2026-09-29 02:50:00
15|34|Granjas Ecatepec|4326|1503565|3565|2026-09-29 02:50:00
15|34|Abel Martinez Monta?ez|4326|1503566|3566|2026-09-29 02:50:00
15|34|Playa De Las Golondrinas|4326|1503567|3567|2026-09-29 02:50:00
15|34|Independencia|4326|1503568|3568|2026-09-29 02:50:00
15|34|Matzhi 3|4326|1503569|3569|2026-09-29 02:50:00
15|34|Matzhi 1|4326|1503570|3570|2026-09-29 02:50:00
15|55|Los Almendros|4326|1503571|3571|2026-09-29 02:50:00
15|100|Fray Servando Teresa De Mier|4326|1503572|3572|2026-09-29 02:50:00
15|82|Ampliacion Cuauhtemoc|4326|1503574|3574|2026-09-29 02:50:00
15|82|San Antonio|4326|1503575|3575|2026-09-29 02:50:00
15|82|Cuauhtemoc|4326|1503576|3576|2026-09-29 02:50:00
15|82|Texcaltitla|4326|1503577|3577|2026-09-29 02:50:00
15|82|Villa Del Real 5ta Secc|4326|1503578|3578|2026-09-29 02:50:00
15|82|Villa Del Real 6ta Secc|4326|1503579|3579|2026-09-29 02:50:00
15|82|Villa Del Real 4ta Secc|4326|1503580|3580|2026-09-29 02:50:00
15|82|Jardines De Tecamac|4326|1503581|3581|2026-09-29 02:50:00
15|82|Villa Del Real 3ra Secc|4326|1503582|3582|2026-09-29 02:50:00
15|82|Villa Del Real 2da Secc|4326|1503583|3583|2026-09-29 02:50:00
15|82|Villa Del Real 1ra Secc|4326|1503584|3584|2026-09-29 02:50:00
15|73|Guadalupe|4326|1503585|3585|2026-09-29 02:50:00
15|20|Plaza Coacalco|4326|1503586|3586|2026-09-29 02:50:00
15|20|Arcos De Las Fuentes|4326|1503587|3587|2026-09-29 02:50:00
15|20|Rincon De Las Fuentes|4326|1503588|3588|2026-09-29 02:50:00
15|20|La Floresta Iii|4326|1503589|3589|2026-09-29 02:50:00
15|100|El Jardin|4326|1503590|3590|2026-09-29 02:50:00
15|121|Los Romero|4326|1503591|3591|2026-09-29 02:50:00
15|78|Estancia Vieja|4326|1503592|3592|2026-09-29 02:50:00
15|9|Los Volcanes|4326|1503593|3593|2026-09-29 02:50:00
15|73|San Jose|4326|1503594|3594|2026-09-29 02:50:00
15|73|La Asuncion|4326|1503595|3595|2026-09-29 02:50:00
15|73|Ni?os Heroes|4326|1503596|3596|2026-09-29 02:50:00
15|73|Santa Isabel|4326|1503597|3597|2026-09-29 02:50:00
15|73|La Joya|4326|1503598|3598|2026-09-29 02:50:00
15|73|La Piramide|4326|1503599|3599|2026-09-29 02:50:00
15|73|Ignacio Lopez Rayon|4326|1503600|3600|2026-09-29 02:50:00
15|73|Emiliano Zapata|4326|1503601|3601|2026-09-29 02:50:00
15|55|Los Sauces|4326|1503602|3602|2026-09-29 02:50:00
15|55|Valle De Cristal|4326|1503603|3603|2026-09-29 02:50:00
15|55|La Loma Ii|4326|1503604|3604|2026-09-29 02:50:00
15|55|La Loma I|4326|1503605|3605|2026-09-29 02:50:00
15|55|Casa Del Valle|4326|1503606|3606|2026-09-29 02:50:00
15|55|Bosques De Metepec|4326|1503607|3607|2026-09-29 02:50:00
15|55|Bosque San Juan|4326|1503608|3608|2026-09-29 02:50:00
15|107|La Arboleda V Secc I|4326|1503609|3609|2026-09-29 02:50:00
15|107|La Arboleda V Secc Ii|4326|1503610|3610|2026-09-29 02:50:00
15|107|El Dorado|4326|1503611|3611|2026-09-29 02:50:00
15|107|Valle De La Hacienda 1ra Secc|4326|1503612|3612|2026-09-29 02:50:00
15|100|Lazaro Cardenas|4326|1503613|3613|2026-09-29 02:50:00
15|26|Las Huertas|4326|1503614|3614|2026-09-29 02:50:00
15|80|El Capulin|4326|1503616|3616|2026-09-29 02:50:00
15|26|Paseos Chalco|4326|1503617|3617|2026-09-29 02:50:00
15|26|Villas De San Martin|4326|1503618|3618|2026-09-29 02:50:00
15|61|Ampliacion Loma De La Cruz|4326|1503619|3619|2026-09-29 02:50:00
15|52|Emiliano Zapata|4326|1503620|3620|2026-09-29 02:50:00
15|107|Isidro Fabela|4326|1503621|3621|2026-09-29 02:50:00
15|109|Tepetlixco|4326|1503622|3622|2026-09-29 02:50:00
15|61|Pueblo Nuevo|4326|1503626|3626|2026-09-29 02:50:00
15|10|Olimpica|4326|1503627|3627|2026-09-29 02:50:00
15|102|Izcalli|4326|1503628|3628|2026-09-29 02:50:00
15|20|Star Coacalco I|4326|1503631|3631|2026-09-29 02:50:00
15|20|La  Magdalena|4326|1503632|3632|2026-09-29 02:50:00
15|20|Hacienda De Teruel|4326|1503633|3633|2026-09-29 02:50:00
15|20|Villa Florida I|4326|1503634|3634|2026-09-29 02:50:00
15|20|Star Coacalco Ii|4326|1503635|3635|2026-09-29 02:50:00
15|55|Lorena|4326|1503636|3636|2026-09-29 02:50:00
15|100|Villas De Tolimpa|4326|1503637|3637|2026-09-29 02:50:00
15|26|Los Volcanes Chalco 2da Secc|4326|1503638|3638|2026-09-29 02:50:00
15|61|Granjas Guadalupe|4326|1503640|3640|2026-09-29 02:50:00
15|61|Colonial Del Lago|4326|1503641|3641|2026-09-29 02:50:00
15|61|Loma De La Cruz|4326|1503642|3642|2026-09-29 02:50:00
15|61|Ricardo Flores Magon|4326|1503643|3643|2026-09-29 02:50:00
15|61|Hogar Y Solidaridad|4326|1503644|3644|2026-09-29 02:50:00
15|61|Los Cantaros Iii|4326|1503645|3645|2026-09-29 02:50:00
15|61|Lomas De Guadalupe|4326|1503646|3646|2026-09-29 02:50:00
15|107|Seminario|4326|1503648|3648|2026-09-29 02:50:00
15|77|La Concepcion|4326|1503649|3649|2026-09-29 02:50:00
15|107|Parques Nacionales|4326|1503650|3650|2026-09-29 02:50:00
15|107|Las Haciendas|4326|1503651|3651|2026-09-29 02:50:00
15|107|Cuauhtemoc|4326|1503652|3652|2026-09-29 02:50:00
15|107|Moderna De La Cruz|4326|1503653|3653|2026-09-29 02:50:00
15|107|Benito Juarez|4326|1503654|3654|2026-09-29 02:50:00
15|91|San Pedro Tlanixco|4326|1503655|3655|2026-09-29 02:50:00
15|107|Rdcial Las Flores|4326|1503656|3656|2026-09-29 02:50:00
15|107|El Refugio|4326|1503657|3657|2026-09-29 02:50:00
15|121|San Juan|4326|1503660|3660|2026-09-29 02:50:00
15|121|San Lorenzo|4326|1503661|3661|2026-09-29 02:50:00
15|121|Ctc Santa Maria|4326|1503662|3662|2026-09-29 02:50:00
15|65|San Nicolas Tultenango|4326|1503666|3666|2026-09-29 02:50:00
15|54|Tepetongo|4326|1503667|3667|2026-09-29 02:50:00
15|24|El Mirador|4326|1503669|3669|2026-09-29 02:50:00
15|11|La Pastoria|4326|1503671|3671|2026-09-29 02:50:00
15|93|Teotihuacan Centro|4326|1503672|3672|2026-09-29 02:50:00
15|34|Ejidal Sta Ma Chiconautla|4326|1503673|3673|2026-09-29 02:50:00
15|113|Los Arana|4326|1503674|3674|2026-09-29 02:50:00
15|36|El Salitrillo|4326|1503675|3675|2026-09-29 02:50:00
15|36|Puente Grande|4326|1503676|3676|2026-09-29 02:50:00
15|97|El Tajo|4326|1503677|3677|2026-09-29 02:50:00
15|97|Palo Grande|4326|1503678|3678|2026-09-29 02:50:00
15|97|Tlapanaloya|4326|1503679|3679|2026-09-29 02:50:00
15|10|La Cruz|4326|1503680|3680|2026-09-29 02:50:00
15|10|Centro|4326|1503681|3681|2026-09-29 02:50:00
15|10|Arboledas|4326|1503682|3682|2026-09-29 02:50:00
15|107|Rincon De San Lorenzo|4326|1503683|3683|2026-09-29 02:50:00
15|55|Alvaro Obregon|4326|1503684|3684|2026-09-29 02:50:00
15|102|Santiago Tilapa|4326|1503685|3685|2026-09-29 02:50:00
15|100|Santa Ines|4326|1503686|3686|2026-09-29 02:50:00
15|100|La Flor|4326|1503687|3687|2026-09-29 02:50:00
15|100|Santa Ines - Jardines De Santa Ines|4326|1503688|3688|2026-09-29 02:50:00
15|100|Santa Cruz Mexicapa|4326|1503690|3690|2026-09-29 02:50:00
15|100|San Bartolo|4326|1503693|3693|2026-09-29 02:50:00
15|100|Villas De San Sebastian|4326|1503694|3694|2026-09-29 02:50:00
15|100|Del Trabajo|4326|1503695|3695|2026-09-29 02:50:00
15|100|Santa Martha|4326|1503696|3696|2026-09-29 02:50:00
15|100|San Jose|4326|1503697|3697|2026-09-29 02:50:00
15|100|El Nopal|4326|1503698|3698|2026-09-29 02:50:00
15|100|San Felipe|4326|1503699|3699|2026-09-29 02:50:00
15|100|Lomas De La Cruz|4326|1503700|3700|2026-09-29 02:50:00
15|119|La Puerta Del Monte|4326|1503701|3701|2026-09-29 02:50:00
15|52|San Pedro Huitzizilapan|4326|1503702|3702|2026-09-29 02:50:00
15|5|San Miguel Almoloyan|4326|1503703|3703|2026-09-29 02:50:00
15|100|La Purificacion|4326|1503704|3704|2026-09-29 02:50:00
15|27|El Puerto|4326|1503705|3705|2026-09-29 02:50:00
15|55|El Carmen|4326|1503706|3706|2026-09-29 02:50:00
15|55|Las Mitras|4326|1503707|3707|2026-09-29 02:50:00
15|55|Rincon San Isidro|4326|1503708|3708|2026-09-29 02:50:00
15|41|Llano De San Diego|4326|1503709|3709|2026-09-29 02:50:00
15|36|Arboledas De Huehuetoca|4326|1503710|3710|2026-09-29 02:50:00
15|82|Los Heroes Tecamac Secc Las Flores|4326|1503711|3711|2026-09-29 02:50:00
15|5|Salitre De Ma?ones|4326|1503712|3712|2026-09-29 02:50:00
15|89|Vimate|4326|1503714|3714|2026-09-29 02:50:00
15|3|Pueblo Arroyo Zarco|4326|1503715|3715|2026-09-29 02:50:00
15|3|Ejido Arroyo Zarco|4326|1503716|3716|2026-09-29 02:50:00
15|47|Los Gallos|4326|1503717|3717|2026-09-29 02:50:00
15|39|Ampliacion Ejido Tlazala|4326|1503718|3718|2026-09-29 02:50:00
15|82|Los Heroes Tecamac Ii Bosques Secc V|4326|1503719|3719|2026-09-29 02:50:00
15|19|Guadalupe Victoria|4326|1503720|3720|2026-09-29 02:50:00
15|54|Visitacion|4326|1503721|3721|2026-09-29 02:50:00
15|93|Zona Arqueologica|4326|1503722|3722|2026-09-29 02:50:00
15|119|Vista Hermosa|4326|1503723|3723|2026-09-29 02:50:00
15|24|Joyas De Cuautitlan|4326|1503724|3724|2026-09-29 02:50:00
15|24|La Alborada|4326|1503725|3725|2026-09-29 02:50:00
15|20|Dalias|4326|1503726|3726|2026-09-29 02:50:00
15|121|Ampliacion Buenavista|4326|1503727|3727|2026-09-29 02:50:00
15|34|Bosques De San Javier|4326|1503728|3728|2026-09-29 02:50:00
15|34|Bonito Arboledas|4326|1503729|3729|2026-09-29 02:50:00
15|77|Venus|4326|1503730|3730|2026-09-29 02:50:00
15|77|San Diego|4326|1503731|3731|2026-09-29 02:50:00
15|55|Bosques De Sauces|4326|1503732|3732|2026-09-29 02:50:00
15|55|Girona|4326|1503733|3733|2026-09-29 02:50:00
15|55|Vallarta|4326|1503734|3734|2026-09-29 02:50:00
15|55|Veranda|4326|1503735|3735|2026-09-29 02:50:00
15|55|La Herradura|4326|1503736|3736|2026-09-29 02:50:00
15|55|La Joya Diamante|4326|1503737|3737|2026-09-29 02:50:00
15|55|Villas Regina|4326|1503738|3738|2026-09-29 02:50:00
15|54|Alamos Ii|4326|1503739|3739|2026-09-29 02:50:00
15|20|Los Cedros|4326|1503740|3740|2026-09-29 02:50:00
15|20|Joyas De Coacalco|4326|1503741|3741|2026-09-29 02:50:00
15|20|Las Garzas|4326|1503742|3742|2026-09-29 02:50:00
15|55|Bonanza O Banus|4326|1503743|3743|2026-09-29 02:50:00
15|34|Villas Del Sol 2|4326|1503744|3744|2026-09-29 02:50:00
15|2|Ejido Sta Ma Chiconautla|4326|1503745|3745|2026-09-29 02:50:00
15|2|Pirules|4326|1503746|3746|2026-09-29 02:50:00
15|52|El Espino Peralta|4326|1503747|3747|2026-09-29 02:50:00
15|52|Santa Catarina|4326|1503748|3748|2026-09-29 02:50:00
15|107|Hacienda Del Valle Ii|4326|1503749|3749|2026-09-29 02:50:00
15|109|La Providencia|4326|1503752|3752|2026-09-29 02:50:00
15|109|La Providencia|4326|1503753|3753|2026-09-29 02:50:00
15|109|El Corralito|4326|1503754|3754|2026-09-29 02:50:00
15|38|La Glorieta|4326|1503756|3756|2026-09-29 02:50:00
15|26|San Lucas Amalinalco|4326|1503757|3757|2026-09-29 02:50:00
15|26|Subestacion De Luz|4326|1503758|3758|2026-09-29 02:50:00
15|100|San Pablo Ixayoc|4326|1503759|3759|2026-09-29 02:50:00
15|37|San Pedro Jilotzingo|4326|1503760|3760|2026-09-29 02:50:00
15|18|Santa Maria|4326|1503761|3761|2026-09-29 02:50:00
15|55|Olivar Del Prado|4326|1503762|3762|2026-09-29 02:50:00
15|55|Bosques De Los Ciruelos|4326|1503763|3763|2026-09-29 02:50:00
15|55|Escandinavia|4326|1503764|3764|2026-09-29 02:50:00
15|55|Rinconada Gobernadores|4326|1503765|3765|2026-09-29 02:50:00
15|77|Carlos Hank Gonzalez|4326|1503766|3766|2026-09-29 02:50:00
15|92|Fresno 2000|4326|1503767|3767|2026-09-29 02:50:00
15|82|Urbano Rancho La Luz|4326|1503768|3768|2026-09-29 02:50:00
15|92|Hacienda Beatriz|4326|1503769|3769|2026-09-29 02:50:00
15|109|Paseos De Tultepec I|4326|1503770|3770|2026-09-29 02:50:00
15|100|Los Jilgueros|4326|1503771|3771|2026-09-29 02:50:00
15|100|Lomas La Trinidad|4326|1503772|3772|2026-09-29 02:50:00
15|82|Rancho La Capilla ( Santa Cruz Tecamac )|4326|1503773|3773|2026-09-29 02:50:00
15|100|El Tular|4326|1503774|3774|2026-09-29 02:50:00
15|93|Hacienda Cadena|4326|1503775|3775|2026-09-29 02:50:00
15|20|Bonito La Loma Ii|4326|1503776|3776|2026-09-29 02:50:00
15|20|Bonito La Loma|4326|1503777|3777|2026-09-29 02:50:00
15|20|San Francisco|4326|1503778|3778|2026-09-29 02:50:00
15|20|Colonial Coacalco|4326|1503779|3779|2026-09-29 02:50:00
15|20|Fuentes De San Francisco|4326|1503780|3780|2026-09-29 02:50:00
15|20|Privadas Coacalco|4326|1503781|3781|2026-09-29 02:50:00
15|20|Conjunto El Vergel|4326|1503782|3782|2026-09-29 02:50:00
15|20|Conjunto Real De Coacalco|4326|1503783|3783|2026-09-29 02:50:00
15|20|Villa Florence|4326|1503784|3784|2026-09-29 02:50:00
15|20|Hacienda San Pablo|4326|1503785|3785|2026-09-29 02:50:00
15|120|San Miguel Acteopan|4326|1503786|3786|2026-09-29 02:50:00
15|109|Hacienda Del Jardin|4326|1503787|3787|2026-09-29 02:50:00
15|109|Antigua|4326|1503788|3788|2026-09-29 02:50:00
15|85|San Bartolome Actopan|4326|1503789|3789|2026-09-29 02:50:00
15|82|Ampliacion San Jeronimo Xonacahuacan|4326|1503790|3790|2026-09-29 02:50:00
15|85|Santa Ana Tlachiahualpa|4326|1503791|3791|2026-09-29 02:50:00
15|85|Tontiopa|4326|1503792|3792|2026-09-29 02:50:00
15|85|Xalapa|4326|1503793|3793|2026-09-29 02:50:00
15|84|Campo 37 B - Cabi 27 Regimiento Mecanizado|4326|1503795|3795|2026-09-29 02:50:00
15|3|El Azafran Centro|4326|1503796|3796|2026-09-29 02:50:00
15|3|El Azafran Segunda Manzana|4326|1503797|3797|2026-09-29 02:50:00
15|85|San Miguel Atlamajac|4326|1503798|3798|2026-09-29 02:50:00
15|100|Las Palmas|4326|1503799|3799|2026-09-29 02:50:00
15|100|San Pedro Santa Ursula|4326|1503800|3800|2026-09-29 02:50:00
15|100|San Luis Ii Boyeros|4326|1503801|3801|2026-09-29 02:50:00
15|100|San Luis I Boyeros|4326|1503802|3802|2026-09-29 02:50:00
15|100|La Concepcion Ii Boyeros|4326|1503803|3803|2026-09-29 02:50:00
15|20|Bonito Coacalco|4326|1503804|3804|2026-09-29 02:50:00
15|109|Villas De Loreto|4326|1503805|3805|2026-09-29 02:50:00
15|82|Los Heroes Tecamac Ii Bosques Secc Vii|4326|1503806|3806|2026-09-29 02:50:00
15|100|Tulantongo|4326|1503807|3807|2026-09-29 02:50:00
15|82|Los Heroes Tecamac Ii Secc Jardines|4326|1503808|3808|2026-09-29 02:50:00
15|71|Libertad|4326|1503809|3809|2026-09-29 02:50:00
15|100|De San Simon|4326|1503810|3810|2026-09-29 02:50:00
15|107|Las Fuentes De Ordal|4326|1503811|3811|2026-09-29 02:50:00
15|119|La Victoria|4326|1503812|3812|2026-09-29 02:50:00
15|119|Rancho San Nicolas|4326|1503813|3813|2026-09-29 02:50:00
15|119|Rinconada De Tecaxic|4326|1503814|3814|2026-09-29 02:50:00
15|121|Olmos San B Cuautlalpan|4326|1503815|3815|2026-09-29 02:50:00
15|121|Ampliacion Olmos Sn B Cuautlalpan|4326|1503816|3816|2026-09-29 02:50:00
15|121|Del Real Sn B Cuautlalpan|4326|1503818|3818|2026-09-29 02:50:00
15|121|Ampliacion San B Cuautlalpan|4326|1503819|3819|2026-09-29 02:50:00
15|2|Geo Villas De Terranova 1ra Seccion|4326|1503821|3821|2026-09-29 02:50:00
15|121|Santa Rosa|4326|1503822|3822|2026-09-29 02:50:00
15|121|Magisterial|4326|1503823|3823|2026-09-29 02:50:00
15|82|San Francisco Tecamac|4326|1503824|3824|2026-09-29 02:50:00
15|82|La Nopalera|4326|1503825|3825|2026-09-29 02:50:00
15|72|Loma Bonita|4326|1503826|3826|2026-09-29 02:50:00
15|100|Infonavit|4326|1503827|3827|2026-09-29 02:50:00
15|71|Heroes De Mexico|4326|1503828|3828|2026-09-29 02:50:00
15|71|Maximo De La Cruz|4326|1503829|3829|2026-09-29 02:50:00
15|55|Agripin Garcia|4326|1503830|3830|2026-09-29 02:50:00
15|55|Las Palmas|4326|1503831|3831|2026-09-29 02:50:00
15|55|Casa Del Pedregal|4326|1503832|3832|2026-09-29 02:50:00
15|55|El Manantial|4326|1503833|3833|2026-09-29 02:50:00
15|55|Santa Luisa|4326|1503834|3834|2026-09-29 02:50:00
15|55|Rancho Las Palomas A|4326|1503835|3835|2026-09-29 02:50:00
15|55|Rancho Las Palomas B|4326|1503836|3836|2026-09-29 02:50:00
15|24|La Guadalupana|4326|1503837|3837|2026-09-29 02:50:00
15|82|Real Del Cid|4326|1503838|3838|2026-09-29 02:50:00
15|47|Las Manzanas|4326|1503839|3839|2026-09-29 02:50:00
15|119|Ojo De Agua|4326|1503840|3840|2026-09-29 02:50:00
15|119|Recibitas|4326|1503841|3841|2026-09-29 02:50:00
15|109|Paseos De San Isidro|4326|1503842|3842|2026-09-29 02:50:00
15|24|Galaxia  Cuautitlan|4326|1503843|3843|2026-09-29 02:50:00
15|100|El Cimmyt|4326|1503844|3844|2026-09-29 02:50:00
15|47|Dangu|4326|1503846|3846|2026-09-29 02:50:00
15|55|Jacarandas|4326|1503847|3847|2026-09-29 02:50:00
15|20|Hacienda Las Garzas|4326|1503848|3848|2026-09-29 02:50:00
15|30|Hacienda Piedras Negras|4326|1503849|3849|2026-09-29 02:50:00
15|107|Rdcial La Loma|4326|1503850|3850|2026-09-29 02:50:00
15|107|Hacienda Vista Hermosa|4326|1503851|3851|2026-09-29 02:50:00
15|55|Campestre De Metepec|4326|1503852|3852|2026-09-29 02:50:00
15|47|Doditay|4326|1503853|3853|2026-09-29 02:50:00
15|114|Potrero De La Sierra|4326|1503854|3854|2026-09-29 02:50:00
15|114|El Pe?on|4326|1503855|3855|2026-09-29 02:50:00
15|47|Quishiguada|4326|1503856|3856|2026-09-29 02:50:00
15|32|Marco Antonio Sosa Balderas|4326|1503857|3857|2026-09-29 02:50:00
15|55|Santa Cruz Ocotitlan|4326|1503858|3858|2026-09-29 02:50:00
15|55|Baldaquin|4326|1503859|3859|2026-09-29 02:50:00
15|100|Rancho Batan|4326|1503860|3860|2026-09-29 02:50:00
15|100|Rancho Ixtlalhualtongo|4326|1503861|3861|2026-09-29 02:50:00
15|121|Arbolada Los Sauces I|4326|1503862|3862|2026-09-29 02:50:00
15|100|El Vergel|4326|1503865|3865|2026-09-29 02:50:00
15|100|De Tepetitlan|4326|1503867|3867|2026-09-29 02:50:00
15|100|Linderos|4326|1503868|3868|2026-09-29 02:50:00
15|100|El Jumipero|4326|1503869|3869|2026-09-29 02:50:00
15|100|Valle De Tlaloc|4326|1503870|3870|2026-09-29 02:50:00
15|100|Las Maravillas|4326|1503871|3871|2026-09-29 02:50:00
15|100|San Antonio|4326|1503872|3872|2026-09-29 02:50:00
15|100|Xalapango|4326|1503873|3873|2026-09-29 02:50:00
15|100|Ejidos|4326|1503874|3874|2026-09-29 02:50:00
15|100|San Isidro|4326|1503875|3875|2026-09-29 02:50:00
15|100|El Chilar|4326|1503876|3876|2026-09-29 02:50:00
15|100|Sta Cruz De La Constancia|4326|1503877|3877|2026-09-29 02:50:00
15|55|Conjunto Mazatlan|4326|1503878|3878|2026-09-29 02:50:00
15|55|Los Arboles I|4326|1503879|3879|2026-09-29 02:50:00
15|55|El Pirul|4326|1503880|3880|2026-09-29 02:50:00
15|55|Las Viandas|4326|1503881|3881|2026-09-29 02:50:00
15|55|Paseo San Angel|4326|1503882|3882|2026-09-29 02:50:00
15|107|Villas Everest|4326|1503883|3883|2026-09-29 02:50:00
15|107|Villas Himalaya|4326|1503884|3884|2026-09-29 02:50:00
15|107|Villas Aconcagua|4326|1503885|3885|2026-09-29 02:50:00
15|107|San Jorge|4326|1503886|3886|2026-09-29 02:50:00
15|107|Real De San Pablo|4326|1503887|3887|2026-09-29 02:50:00
15|2|Los Angeles|4326|1503888|3888|2026-09-29 02:50:00
15|109|El Mirador|4326|1503889|3889|2026-09-29 02:50:00
15|66|La Estacion|4326|1503890|3890|2026-09-29 02:50:00
15|66|Estado De Mexico|4326|1503891|3891|2026-09-29 02:50:00
15|66|Las Granjas|4326|1503892|3892|2026-09-29 02:50:00
15|1|Dongu|4326|1503893|3893|2026-09-29 02:50:00
15|103|N Teje|4326|1503894|3894|2026-09-29 02:50:00
15|103|M Bodo|4326|1503895|3895|2026-09-29 02:50:00
15|103|N Zititi|4326|1503896|3896|2026-09-29 02:50:00
15|103|Aguacate|4326|1503897|3897|2026-09-29 02:50:00
15|103|N Gunzda|4326|1503898|3898|2026-09-29 02:50:00
15|103|N Zola|4326|1503899|3899|2026-09-29 02:50:00
15|103|Camposanto|4326|1503900|3900|2026-09-29 02:50:00
15|103|Centro|4326|1503901|3901|2026-09-29 02:50:00
15|109|Amado Nervo|4326|1503902|3902|2026-09-29 02:50:00
15|55|San Antonio Regla|4326|1503903|3903|2026-09-29 02:50:00
15|55|Torrecillas I, Ii Y Iii|4326|1503904|3904|2026-09-29 02:50:00
15|55|Los Arrayanes Ii|4326|1503905|3905|2026-09-29 02:50:00
15|100|La Pria|4326|1503906|3906|2026-09-29 02:50:00
15|92|Santa Maria Caliacac|4326|1503907|3907|2026-09-29 02:50:00
15|92|Atzacoalco|4326|1503908|3908|2026-09-29 02:50:00
15|94|Huerta Padilla|4326|1503909|3909|2026-09-29 02:50:00
15|92|Tlatilco|4326|1503910|3910|2026-09-29 02:50:00
15|92|Tlatilco|4326|1503911|3911|2026-09-29 02:50:00
15|92|La Era|4326|1503912|3912|2026-09-29 02:50:00
15|92|Axalpa|4326|1503913|3913|2026-09-29 02:50:00
15|92|Acolco|4326|1503914|3914|2026-09-29 02:50:00
15|92|Cuaxoxoca|4326|1503915|3915|2026-09-29 02:50:00
15|92|Zimapan|4326|1503916|3916|2026-09-29 02:50:00
15|61|Barron Centro|4326|1503917|3917|2026-09-29 02:50:00
15|109|Real San Fernando|4326|1503918|3918|2026-09-29 02:50:00
15|34|Lazaro Cardenas|4326|1503919|3919|2026-09-29 02:50:00
15|52|San Martin Huitzizilapan|4326|1503920|3920|2026-09-29 02:50:00
15|18|La Concepcion Coatipac|4326|1503921|3921|2026-09-29 02:50:00
15|100|De La Resurreccion|4326|1503922|3922|2026-09-29 02:50:00
15|100|San Pedro - Las Salinas|4326|1503923|3923|2026-09-29 02:50:00
15|102|Apilulco|4326|1503924|3924|2026-09-29 02:50:00
15|55|La Joya Diamante I|4326|1503925|3925|2026-09-29 02:50:00
15|55|Ranas Verdes|4326|1503926|3926|2026-09-29 02:50:00
15|81|San Miguel Totolmaloya|4326|1503927|3927|2026-09-29 02:50:00
15|55|Rincon Del Angel|4326|1503928|3928|2026-09-29 02:50:00
15|55|Rinconada|4326|1503929|3929|2026-09-29 02:50:00
15|55|Bellavista|4326|1503930|3930|2026-09-29 02:50:00
15|55|Los Sauces Metepec|4326|1503931|3931|2026-09-29 02:50:00
15|55|Estrella Iv|4326|1503932|3932|2026-09-29 02:50:00
15|55|La Casa De Los Cantaros|4326|1503933|3933|2026-09-29 02:50:00
15|55|Veleta|4326|1503934|3934|2026-09-29 02:50:00
15|55|Tizatlalli|4326|1503935|3935|2026-09-29 02:50:00
15|55|Gran Metepec|4326|1503936|3936|2026-09-29 02:50:00
15|55|Santa Cecilia Iii|4326|1503937|3937|2026-09-29 02:50:00
15|55|Las Azaleas|4326|1503938|3938|2026-09-29 02:50:00
15|55|Alcatraces|4326|1503939|3939|2026-09-29 02:50:00
15|55|Santa Cecilia I|4326|1503940|3940|2026-09-29 02:50:00
15|55|Santa Cecilia Ii|4326|1503941|3941|2026-09-29 02:50:00
15|55|San Martin|4326|1503942|3942|2026-09-29 02:50:00
15|55|Hacienda Guadalupe|4326|1503943|3943|2026-09-29 02:50:00
15|55|Habitat I|4326|1503944|3944|2026-09-29 02:50:00
15|55|Los Arboles Ii|4326|1503945|3945|2026-09-29 02:50:00
15|75|Heroes De La Independencia|4326|1503946|3946|2026-09-29 02:50:00
15|75|Centro|4326|1503947|3947|2026-09-29 02:50:00
15|75|Fracc Las Huertas|4326|1503948|3948|2026-09-29 02:50:00
15|75|Las Colonias|4326|1503949|3949|2026-09-29 02:50:00
15|75|La Venta|4326|1503950|3950|2026-09-29 02:50:00
15|1|Los Pinos|4326|1503951|3951|2026-09-29 02:50:00
15|1|Centro|4326|1503952|3952|2026-09-29 02:50:00
15|1|Constituyentes|4326|1503953|3953|2026-09-29 02:50:00
15|1|Pe?ascos De Dios|4326|1503954|3954|2026-09-29 02:50:00
15|1|Independencia|4326|1503955|3955|2026-09-29 02:50:00
15|1|La Camelia|4326|1503956|3956|2026-09-29 02:50:00
15|23|San Francisco|4326|1503957|3957|2026-09-29 02:50:00
15|23|Lomas De Guadalupe|4326|1503958|3958|2026-09-29 02:50:00
15|23|Chautonco|4326|1503959|3959|2026-09-29 02:50:00
15|23|La Cabecera - Coyotepec|4326|1503960|3960|2026-09-29 02:50:00
15|23|Acocalco|4326|1503961|3961|2026-09-29 02:50:00
15|23|Ixtapalcalco|4326|1503962|3962|2026-09-29 02:50:00
15|23|Santiago|4326|1503963|3963|2026-09-29 02:50:00
15|23|San Juan|4326|1503964|3964|2026-09-29 02:50:00
15|23|Pueblo Nuevo|4326|1503965|3965|2026-09-29 02:50:00
15|1|El Nogal|4326|1503966|3966|2026-09-29 02:50:00
15|1|Revolucion|4326|1503967|3967|2026-09-29 02:50:00
15|1|El Triangulo|4326|1503968|3968|2026-09-29 02:50:00
15|1|Valle De Los Espejos|4326|1503969|3969|2026-09-29 02:50:00
15|24|San Mateo Ixtacalco|4326|1503970|3970|2026-09-29 02:50:00
15|46|La Joya|4326|1503971|3971|2026-09-29 02:50:00
15|46|Bixhe|4326|1503972|3972|2026-09-29 02:50:00
15|26|Punta Chalco|4326|1503973|3973|2026-09-29 02:50:00
15|34|Guadalupe Victoria|4326|1503975|3975|2026-09-29 02:50:00
15|34|Julia Marin|4326|1503979|3979|2026-09-29 02:50:00
15|34|Del Sol|4326|1503980|3980|2026-09-29 02:50:00
15|34|Viento Nuevo 1 Y 2|4326|1503982|3982|2026-09-29 02:50:00
15|48|Ranchera De Sila|4326|1503983|3983|2026-09-29 02:50:00
15|82|La Lupita ( San Pedro Atzompa )|4326|1503984|3984|2026-09-29 02:50:00
15|77|Cuauhtemoc|4326|1503985|3985|2026-09-29 02:50:00
15|87|San Martin Tequesquipan|4326|1503986|3986|2026-09-29 02:50:00
15|55|Casa De Las Fuentes|4326|1503987|3987|2026-09-29 02:50:00
15|77|San Isidro|4326|1503988|3988|2026-09-29 02:50:00
15|77|Santa Elena|4326|1503989|3989|2026-09-29 02:50:00
15|20|La Guadalupana|4326|1503990|3990|2026-09-29 02:50:00
15|20|Conjunto Bugambilias|4326|1503991|3991|2026-09-29 02:50:00
15|100|El Pino|4326|1503992|3992|2026-09-29 02:50:00
15|49|La Providencia|4326|1503993|3993|2026-09-29 02:50:00
15|119|Residencial Los Bosques|4326|1503994|3994|2026-09-29 02:50:00
15|22|Paraje El Mirador|4326|1503995|3995|2026-09-29 02:50:00
15|100|San Mateo Cuautlalpan|4326|1503996|3996|2026-09-29 02:50:00
15|100|San Antonio - Pblo San Miguel Coatlinchan|4326|1503997|3997|2026-09-29 02:50:00
15|100|Jose Maria Luis Mora|4326|1503998|3998|2026-09-29 02:50:00
15|26|El Naranjo|4326|1503999|3999|2026-09-29 02:50:00
15|26|El Naranjo|4326|1504000|4000|2026-09-29 02:50:00
15|85|Ejido Alvaro Obregon|4326|1504001|4001|2026-09-29 02:50:00
15|32|La Palma|4326|1504002|4002|2026-09-29 02:50:00
15|114|Los Arroyos|4326|1504004|4004|2026-09-29 02:50:00
15|114|Matlazinca|4326|1504005|4005|2026-09-29 02:50:00
15|114|Tequimilpa|4326|1504006|4006|2026-09-29 02:50:00
15|87|San Andres De Los Gama|4326|1504007|4007|2026-09-29 02:50:00
15|87|San Mateo Almomoloa|4326|1504008|4008|2026-09-29 02:50:00
15|87|San Sebastian Carboneras|4326|1504009|4009|2026-09-29 02:50:00
15|87|Real De Arriba|4326|1504010|4010|2026-09-29 02:50:00
15|100|Bugambilias|4326|1504011|4011|2026-09-29 02:50:00
15|119|Aurora I|4326|1504012|4012|2026-09-29 02:50:00
15|119|Aurora Ii|4326|1504013|4013|2026-09-29 02:50:00
15|87|La Comunidad|4326|1504014|4014|2026-09-29 02:50:00
15|32|Corte La Palma|4326|1504015|4015|2026-09-29 02:50:00
15|32|Chocolin - Corte San Isidro|4326|1504016|4016|2026-09-29 02:50:00
15|3|Ba?e Rancheria|4326|1504017|4017|2026-09-29 02:50:00
15|82|5 De Mayo|4326|1504027|4027|2026-09-29 02:50:00
15|87|San Miguel Oxtotilpan|4326|1504028|4028|2026-09-29 02:50:00
15|87|Meson Viejo|4326|1504029|4029|2026-09-29 02:50:00
15|87|San Francisco Oxtotilpan|4326|1504030|4030|2026-09-29 02:50:00
15|63|Bosques De Los Encinos|4326|1504033|4033|2026-09-29 02:50:00
15|59|Ex Hacienda Santa Ines|4326|1504034|4034|2026-09-29 02:50:00
15|82|San Pedro Pozohuacan|4326|1504035|4035|2026-09-29 02:50:00
15|32|18 De Agosto|4326|1504036|4036|2026-09-29 02:50:00
15|32|Tlacaelel|4326|1504037|4037|2026-09-29 02:50:00
15|102|San Isidro|4326|1504038|4038|2026-09-29 02:50:00
15|24|San Juan|4326|1504040|4040|2026-09-29 02:50:00
15|53|Palmar De Guadalupe|4326|1504043|4043|2026-09-29 02:50:00
15|40|Ejido Chililico|4326|1504047|4047|2026-09-29 02:50:00
15|52|Santa Cruz Tultepec|4326|1504048|4048|2026-09-29 02:50:00
15|48|Tierra Blanca|4326|1504049|4049|2026-09-29 02:50:00
15|26|Granja San Jose|4326|1504050|4050|2026-09-29 02:50:00
15|30|U Hab Vista Real|4326|1504051|4051|2026-09-29 02:50:00
15|30|El Tejocote|4326|1504052|4052|2026-09-29 02:50:00
15|63|Lazaro Cardenas|4326|1504053|4053|2026-09-29 02:50:00
15|83|Rincon De Ugarte|4326|1504054|4054|2026-09-29 02:50:00
15|28|Jardines Santa Teresa|4326|1504055|4055|2026-09-29 02:50:00
15|92|Misiones Teoloyucan I|4326|1504056|4056|2026-09-29 02:50:00
15|92|Misiones De Teoloyucan Ii|4326|1504057|4057|2026-09-29 02:50:00
15|82|Hacienda Del Bosque|4326|1504058|4058|2026-09-29 02:50:00
15|100|El Retiro|4326|1504059|4059|2026-09-29 02:50:00
15|20|Parque Taxco Viejo|4326|1504060|4060|2026-09-29 02:50:00
15|20|Sirapark|4326|1504061|4061|2026-09-29 02:50:00
15|20|Tiopanasco|4326|1504062|4062|2026-09-29 02:50:00
15|20|Hacienda Calpultitla|4326|1504063|4063|2026-09-29 02:50:00
15|40|Ampl 6 De Junio|4326|1504064|4064|2026-09-29 02:50:00
15|82|Valle San Pedro|4326|1504065|4065|2026-09-29 02:50:00
15|34|Venta De Puercos|4326|1504066|4066|2026-09-29 02:50:00
15|108|Paso De San Juan|4326|1504067|4067|2026-09-29 02:50:00
15|100|La Ruana|4326|1504068|4068|2026-09-29 02:50:00
15|109|Santiago Teyahualco|4326|1504069|4069|2026-09-29 02:50:00
15|100|Bugambilias|4326|1504070|4070|2026-09-29 02:50:00
15|100|Quintas Del Valle|4326|1504071|4071|2026-09-29 02:50:00
15|57|San Marcos Tlazalpan|4326|1504072|4072|2026-09-29 02:50:00
15|107|Toluca 2000|4326|1504073|4073|2026-09-29 02:50:00
15|55|Los Arrallanes I|4326|1504074|4074|2026-09-29 02:50:00
15|55|Santa Isabel|4326|1504075|4075|2026-09-29 02:50:00
15|55|Sur De La Hacienda|4326|1504076|4076|2026-09-29 02:50:00
15|55|Villas Kent|4326|1504077|4077|2026-09-29 02:50:00
15|55|Santa Isabel|4326|1504078|4078|2026-09-29 02:50:00
15|55|Rinconada Los Cedros|4326|1504079|4079|2026-09-29 02:50:00
15|55|Ex Hacienda Colorin|4326|1504080|4080|2026-09-29 02:50:00
15|3|Santa Ana Matlavat|4326|1504081|4081|2026-09-29 02:50:00
15|3|El Tixhi?u|4326|1504082|4082|2026-09-29 02:50:00
15|3|San Joaquin Coscomatepec|4326|1504083|4083|2026-09-29 02:50:00
15|3|San Antonio|4326|1504084|4084|2026-09-29 02:50:00
15|20|Plazas Las Flores|4326|1504085|4085|2026-09-29 02:50:00
15|20|Santa Maria I|4326|1504086|4086|2026-09-29 02:50:00
15|36|El Dorado Huehuetoca|4326|1504087|4087|2026-09-29 02:50:00
15|36|Santa Teresa Iv|4326|1504088|4088|2026-09-29 02:50:00
15|36|Santa Teresa Iv Bis|4326|1504089|4089|2026-09-29 02:50:00
15|36|Santa Teresa V Bis|4326|1504090|4090|2026-09-29 02:50:00
15|100|Los Sauces|4326|1504091|4091|2026-09-29 02:50:00
15|82|Michapa - Progreso|4326|1504092|4092|2026-09-29 02:50:00
15|82|Reyes Acozac - Centro|4326|1504093|4093|2026-09-29 02:50:00
15|107|Villas San Isidro I|4326|1504094|4094|2026-09-29 02:50:00
15|21|Llano Grande|4326|1504095|4095|2026-09-29 02:50:00
15|27|Barrio Rancho Nuevo|4326|1504096|4096|2026-09-29 02:50:00
15|20|La Floresta|4326|1504097|4097|2026-09-29 02:50:00
15|20|La Floresta Ii|4326|1504098|4098|2026-09-29 02:50:00
15|2|San Lucas Tepango|4326|1504099|4099|2026-09-29 02:50:00
15|96|Los Potros|4326|1504100|4100|2026-09-29 02:50:00
15|2|San Bartolo|4326|1504101|4101|2026-09-29 02:50:00
15|100|Bugambilias|4326|1504102|4102|2026-09-29 02:50:00
15|106|Rincon Grande|4326|1504103|4103|2026-09-29 02:50:00
15|91|San Roman|4326|1504104|4104|2026-09-29 02:50:00
15|61|La Golondrina|4326|1504105|4105|2026-09-29 02:50:00
15|57|San Gregorio Macapexco|4326|1504106|4106|2026-09-29 02:50:00
15|107|Mextli|4326|1504107|4107|2026-09-29 02:50:00
15|107|El Parque Iii|4326|1504108|4108|2026-09-29 02:50:00
15|107|Mision De San Rafael|4326|1504109|4109|2026-09-29 02:50:00
15|107|Rdcial San Victor|4326|1504110|4110|2026-09-29 02:50:00
15|107|El Roble|4326|1504111|4111|2026-09-29 02:50:00
15|107|Pirules|4326|1504112|4112|2026-09-29 02:50:00
15|107|San Angel|4326|1504113|4113|2026-09-29 02:50:00
15|107|Los Balcones|4326|1504114|4114|2026-09-29 02:50:00
15|55|Villas Riva Palacio|4326|1504115|4115|2026-09-29 02:50:00
15|55|San Juan|4326|1504116|4116|2026-09-29 02:50:00
15|107|Villas Real|4326|1504117|4117|2026-09-29 02:50:00
15|103|Primero De San Antonio Yondeje|4326|1504118|4118|2026-09-29 02:50:00
15|103|Segundo De San Antonio Yondeje|4326|1504119|4119|2026-09-29 02:50:00
15|103|Tercero De San Antonio Yondeje|4326|1504120|4120|2026-09-29 02:50:00
15|91|El Porvenir|4326|1504121|4121|2026-09-29 02:50:00
15|100|Bety|4326|1504122|4122|2026-09-29 02:50:00
15|100|El Retiro|4326|1504123|4123|2026-09-29 02:50:00
15|36|Santa Maria|4326|1504124|4124|2026-09-29 02:50:00
15|82|Heroes Tecamac Ii Bosques Secc Iv|4326|1504125|4125|2026-09-29 02:50:00
15|82|Los Heroes Tecamac Ii Bosques Secc Iii|4326|1504126|4126|2026-09-29 02:50:00
15|82|Los Heroes Tecamac Ii Bosques Secc Vi|4326|1504127|4127|2026-09-29 02:50:00
15|28|San Isidro|4326|1504128|4128|2026-09-29 02:50:00
15|48|Primera|4326|1504129|4129|2026-09-29 02:50:00
15|48|Segunda|4326|1504130|4130|2026-09-29 02:50:00
15|91|La Cruz|4326|1504131|4131|2026-09-29 02:50:00
15|28|Ampliacion Del Campesino|4326|1504132|4132|2026-09-29 02:50:00
15|91|La Cooperativa|4326|1504133|4133|2026-09-29 02:50:00
15|91|San Pedro Zictepec|4326|1504134|4134|2026-09-29 02:50:00
15|56|El Ordal|4326|1504135|4135|2026-09-29 02:50:00
15|120|Llano Del Copal|4326|1504136|4136|2026-09-29 02:50:00
15|109|El Arenal|4326|1504137|4137|2026-09-29 02:50:00
15|107|Rdcial Moctezuma|4326|1504138|4138|2026-09-29 02:50:00
15|107|Villas Rubi|4326|1504139|4139|2026-09-29 02:50:00
15|107|Rdcial Alejandria|4326|1504140|4140|2026-09-29 02:50:00
15|36|Xalpa|4326|1504141|4141|2026-09-29 02:50:00
15|121|Ex Hacienda De Guadalupe|4326|1504142|4142|2026-09-29 02:50:00
15|91|Loma De San Joaquin|4326|1504143|4143|2026-09-29 02:50:00
15|107|Mision San Gerardo|4326|1504144|4144|2026-09-29 02:50:00
15|91|Real De Tetetla|4326|1504145|4145|2026-09-29 02:50:00
15|103|Tercera De Morelos|4326|1504146|4146|2026-09-29 02:50:00
15|103|Segunda De Morelos|4326|1504147|4147|2026-09-29 02:50:00
15|100|Colinas De San Diego -  Barr San Diego|4326|1504148|4148|2026-09-29 02:50:00
15|11|De La Magdalena - La Trinidad|4326|1504149|4149|2026-09-29 02:50:00
15|121|Urbano El Nido|4326|1504150|4150|2026-09-29 02:50:00
15|121|Urbano Santa Maria Ii|4326|1504151|4151|2026-09-29 02:50:00
15|121|Urbano Santa Maria|4326|1504152|4152|2026-09-29 02:50:00
15|100|De Cuautlalpan - De Beltran|4326|1504153|4153|2026-09-29 02:50:00
15|100|Montecillo|4326|1504154|4154|2026-09-29 02:50:00
15|109|Tabla La Loma|4326|1504155|4155|2026-09-29 02:50:00
15|114|San Martin|4326|1504156|4156|2026-09-29 02:50:00
15|114|Potrero Nuevo|4326|1504157|4157|2026-09-29 02:50:00
15|55|Los Jazminez|4326|1504158|4158|2026-09-29 02:50:00
15|89|Plan De Guadalupe|4326|1504159|4159|2026-09-29 02:50:00
15|55|Virreyes|4326|1504160|4160|2026-09-29 02:50:00
15|55|Santa Sofia|4326|1504161|4161|2026-09-29 02:50:00
15|55|Esteban|4326|1504162|4162|2026-09-29 02:50:00
15|55|Bosques De La Asuncion|4326|1504163|4163|2026-09-29 02:50:00
15|94|Laloma|4326|1504165|4165|2026-09-29 02:50:00
15|11|De La Magdalena - Dolores|4326|1504166|4166|2026-09-29 02:50:00
15|41|Ahuacatitlan|4326|1504167|4167|2026-09-29 02:50:00
15|41|San Miguel Laderas|4326|1504168|4168|2026-09-29 02:50:00
15|114|Loma Linda|4326|1504169|4169|2026-09-29 02:50:00
15|41|Tlacochaca|4326|1504170|4170|2026-09-29 02:50:00
15|36|Santa Teresa Vii|4326|1504173|4173|2026-09-29 02:50:00
15|55|Conjunto Madrid|4326|1504174|4174|2026-09-29 02:50:00
15|55|Conjunto Santander|4326|1504175|4175|2026-09-29 02:50:00
15|107|El Calvario|4326|1504176|4176|2026-09-29 02:50:00
15|55|Conjunto Toledo|4326|1504177|4177|2026-09-29 02:50:00
15|55|Conjunto Valencia|4326|1504178|4178|2026-09-29 02:50:00
15|55|Maple|4326|1504179|4179|2026-09-29 02:50:00
15|55|Los Cerezos|4326|1504180|4180|2026-09-29 02:50:00
15|55|Arcos Del Prado|4326|1504181|4181|2026-09-29 02:50:00
15|55|Monte Bello|4326|1504182|4182|2026-09-29 02:50:00
15|55|Villas Vecchio|4326|1504183|4183|2026-09-29 02:50:00
15|55|Monte Llano|4326|1504184|4184|2026-09-29 02:50:00
15|55|Altamira|4326|1504185|4185|2026-09-29 02:50:00
15|82|San Miguel|4326|1504186|4186|2026-09-29 02:50:00
15|76|Santiago Tepetitlan|4326|1504187|4187|2026-09-29 02:50:00
15|67|Otzoloapan|4326|1504188|4188|2026-09-29 02:50:00
15|41|Coaxusco|4326|1504189|4189|2026-09-29 02:50:00
15|89|Lazaro Cardenas|4326|1504192|4192|2026-09-29 02:50:00
15|89|El Llano De Ixpuichiapan|4326|1504193|4193|2026-09-29 02:50:00
15|89|Ixpuichiapan|4326|1504194|4194|2026-09-29 02:50:00
15|119|Privada Las Haciendas|4326|1504195|4195|2026-09-29 02:50:00
15|119|Ejido De San Antonio Buenavista|4326|1504196|4196|2026-09-29 02:50:00
15|101|De Tezoyuca|4326|1504197|4197|2026-09-29 02:50:00
15|107|Santa Maria De Guadalupe|4326|1504198|4198|2026-09-29 02:50:00
15|88|Rinconada Del Valle|4326|1504199|4199|2026-09-29 02:50:00
15|36|Real Huehuetoca|4326|1504200|4200|2026-09-29 02:50:00
15|117|Zacazonapan|4326|1504201|4201|2026-09-29 02:50:00
15|63|Santa Teresa|4326|1504202|4202|2026-09-29 02:50:00
15|63|Ortiz Rubio|4326|1504203|4203|2026-09-29 02:50:00
15|52|Flor De Gallo|4326|1504204|4204|2026-09-29 02:50:00
15|52|Lopez Mateos|4326|1504205|4205|2026-09-29 02:50:00
15|76|San Pablo Ixquitlan|4326|1504207|4207|2026-09-29 02:50:00
15|119|Santa Maria|4326|1504208|4208|2026-09-29 02:50:00
15|119|El Potrero|4326|1504209|4209|2026-09-29 02:50:00
15|63|Jajalpa|4326|1504210|4210|2026-09-29 02:50:00
15|52|Santa Maria Tlalmimilolpan|4326|1504211|4211|2026-09-29 02:50:00
15|52|Barranca Grande|4326|1504212|4212|2026-09-29 02:50:00
15|107|Real Del Bosque|4326|1504213|4213|2026-09-29 02:50:00
15|107|Azaleas Vi|4326|1504214|4214|2026-09-29 02:50:00
15|41|Santa Ana Xochuca|4326|1504215|4215|2026-09-29 02:50:00
15|107|El Pedregal|4326|1504216|4216|2026-09-29 02:50:00
15|107|San Agustin|4326|1504217|4217|2026-09-29 02:50:00
15|107|Santa Isabel Ii|4326|1504218|4218|2026-09-29 02:50:00
15|107|El Limoncito|4326|1504219|4219|2026-09-29 02:50:00
15|107|Santa Isabel|4326|1504220|4220|2026-09-29 02:50:00
15|55|Villas Santa Teresa|4326|1504221|4221|2026-09-29 02:50:00
15|55|Villas Amozoc|4326|1504222|4222|2026-09-29 02:50:00
15|52|Reforma Tlalmimilolpan|4326|1504223|4223|2026-09-29 02:50:00
15|46|El Jazmin|4326|1504224|4224|2026-09-29 02:50:00
15|46|Xhisda|4326|1504225|4225|2026-09-29 02:50:00
15|46|La Merced|4326|1504226|4226|2026-09-29 02:50:00
15|41|Hierbas Buenas|4326|1504227|4227|2026-09-29 02:50:00
15|46|Los Sauces|4326|1504228|4228|2026-09-29 02:50:00
15|46|Los Sabinos|4326|1504229|4229|2026-09-29 02:50:00
15|108|El Rincon|4326|1504230|4230|2026-09-29 02:50:00
15|20|Infonavit Cor|4326|1504231|4231|2026-09-29 02:50:00
15|107|Santa Cruz Otzacatipan|4326|1504232|4232|2026-09-29 02:50:00
15|52|Pueblo Nuevo Tlalmimilolpan|4326|1504233|4233|2026-09-29 02:50:00
15|119|Loma Ii|4326|1504234|4234|2026-09-29 02:50:00
15|83|Acamuchitlan|4326|1504235|4235|2026-09-29 02:50:00
15|107|San Fermin|4326|1504236|4236|2026-09-29 02:50:00
15|55|Los Angeles|4326|1504237|4237|2026-09-29 02:50:00
15|55|Ojo De Agua|4326|1504238|4238|2026-09-29 02:50:00
15|108|La Audiencia|4326|1504239|4239|2026-09-29 02:50:00
15|52|Cedros 4000|4326|1504240|4240|2026-09-29 02:50:00
15|52|El Porvenir 2|4326|1504241|4241|2026-09-29 02:50:00
15|77|Villas De San Mateo Atenco Metepec|4326|1504242|4242|2026-09-29 02:50:00
15|108|San Bartolo|4326|1504243|4243|2026-09-29 02:50:00
15|77|Santa Maria|4326|1504244|4244|2026-09-29 02:50:00
15|77|Villas La Magdalena Iii|4326|1504245|4245|2026-09-29 02:50:00
15|108|Tlacopan|4326|1504246|4246|2026-09-29 02:50:00
15|32|Corte San Pablo|4326|1504247|4247|2026-09-29 02:50:00
15|32|San Pablo|4326|1504248|4248|2026-09-29 02:50:00
15|100|San Juan Paraiso|4326|1504249|4249|2026-09-29 02:50:00
15|8|La Goleta|4326|1504250|4250|2026-09-29 02:50:00
15|55|Barcenas|4326|1504251|4251|2026-09-29 02:50:00
15|77|Guadalupe|4326|1504252|4252|2026-09-29 02:50:00
15|77|Santa Maria|4326|1504253|4253|2026-09-29 02:50:00
15|77|La Magdalena|4326|1504254|4254|2026-09-29 02:50:00
15|77|San Miguel|4326|1504255|4255|2026-09-29 02:50:00
15|77|San Francisco|4326|1504256|4256|2026-09-29 02:50:00
15|77|San Nicolas|4326|1504257|4257|2026-09-29 02:50:00
15|77|Santiago|4326|1504258|4258|2026-09-29 02:50:00
15|77|San Lucas|4326|1504259|4259|2026-09-29 02:50:00
15|77|San Angel Iii|4326|1504260|4260|2026-09-29 02:50:00
15|77|San Angel I|4326|1504261|4261|2026-09-29 02:50:00
15|16|Santa Ana|4326|1504262|4262|2026-09-29 02:50:00
15|32|Loma De San Pablo|4326|1504263|4263|2026-09-29 02:50:00
15|119|San Miguel|4326|1504264|4264|2026-09-29 02:50:00
15|107|San Angelin|4326|1504265|4265|2026-09-29 02:50:00
15|100|San Juan Tezontla|4326|1504266|4266|2026-09-29 02:50:00
15|101|Tezoyuca|4326|1504268|4268|2026-09-29 02:50:00
15|20|Privada Mediterraneo I|4326|1504269|4269|2026-09-29 02:50:00
15|55|Villas San Roman|4326|1504270|4270|2026-09-29 02:50:00
15|55|Fresnos|4326|1504271|4271|2026-09-29 02:50:00
15|109|Residencial Hacienda|4326|1504272|4272|2026-09-29 02:50:00
15|107|Sor Juana Ines De La Cruz|4326|1504273|4273|2026-09-29 02:50:00
15|107|San Jeronimo|4326|1504274|4274|2026-09-29 02:50:00
15|107|Hacienda La Galia|4326|1504275|4275|2026-09-29 02:50:00
15|107|Hacienda La Galia|4326|1504276|4276|2026-09-29 02:50:00
15|55|Los Nogales|4326|1504277|4277|2026-09-29 02:50:00
15|82|Real Castell|4326|1504278|4278|2026-09-29 02:50:00
15|82|Galaxia El Llano|4326|1504279|4279|2026-09-29 02:50:00
15|119|Benito Juarez|4326|1504280|4280|2026-09-29 02:50:00
15|107|Real De Colon|4326|1504281|4281|2026-09-29 02:50:00
15|92|Santa Cruz|4326|1504282|4282|2026-09-29 02:50:00
15|92|Santiago|4326|1504284|4284|2026-09-29 02:50:00
15|24|La Foresta|4326|1504285|4285|2026-09-29 02:50:00
15|24|Las Patricias|4326|1504286|4286|2026-09-29 02:50:00
15|75|Emiliano Zapata|4326|1504287|4287|2026-09-29 02:50:00
15|92|Santo Tomas|4326|1504288|4288|2026-09-29 02:50:00
15|75|Ejido La Purisima Concepcion Mayorazgo|4326|1504289|4289|2026-09-29 02:50:00
15|92|Plan Sagitario|4326|1504290|4290|2026-09-29 02:50:00
15|75|Ejido San De San Juan Jalpa|4326|1504291|4291|2026-09-29 02:50:00
15|92|Analco|4326|1504292|4292|2026-09-29 02:50:00
15|100|Los Tepetates|4326|1504293|4293|2026-09-29 02:50:00
15|56|Villas San Jose|4326|1504294|4294|2026-09-29 02:50:00
15|1|Encinos|4326|1504295|4295|2026-09-29 02:50:00
15|1|El Nogal|4326|1504296|4296|2026-09-29 02:50:00
15|1|Los Sauces|4326|1504297|4297|2026-09-29 02:50:00
15|1|Centro|4326|1504298|4298|2026-09-29 02:50:00
15|1|El Gigante|4326|1504299|4299|2026-09-29 02:50:00
15|1|Los Cedros|4326|1504300|4300|2026-09-29 02:50:00
15|1|El Jazmin|4326|1504301|4301|2026-09-29 02:50:00
15|1|Jacarandas|4326|1504302|4302|2026-09-29 02:50:00
15|1|La Cienega|4326|1504303|4303|2026-09-29 02:50:00
15|1|San Francisco Shaxni Ejido|4326|1504304|4304|2026-09-29 02:50:00
15|116|Lomas De Zolotepec|4326|1504305|4305|2026-09-29 02:50:00
15|36|Barranca Prieta|4326|1504306|4306|2026-09-29 02:50:00
15|116|La Ca?ada|4326|1504307|4307|2026-09-29 02:50:00
15|5|Colonia Bellavista|4326|1504308|4308|2026-09-29 02:50:00
15|72|General Lazaro Cardenas|4326|1504309|4309|2026-09-29 02:50:00
15|116|La Corona|4326|1504310|4310|2026-09-29 02:50:00
15|3|El Bonxhi|4326|1504311|4311|2026-09-29 02:50:00
15|46|San Lorenzo Nenamicoyan|4326|1504312|4312|2026-09-29 02:50:00
15|40|Plutarco Elias Calles|4326|1504313|4313|2026-09-29 02:50:00
15|48|San Felipe Santiago|4326|1504316|4316|2026-09-29 02:50:00
15|88|Hacienda Las Trojes|4326|1504317|4317|2026-09-29 02:50:00
15|75|Dolores Hidalgo|4326|1504318|4318|2026-09-29 02:50:00
15|73|Campo Militar - 22-a|4326|1504319|4319|2026-09-29 02:50:00
15|3|El Zethe|4326|1504320|4320|2026-09-29 02:50:00
15|3|El Azafran Tercera Manzana|4326|1504321|4321|2026-09-29 02:50:00
15|3|San Pedro Denxhi Centro|4326|1504322|4322|2026-09-29 02:50:00
15|3|San Pedro Denxhi Segundo Cuartel|4326|1504323|4323|2026-09-29 02:50:00
15|32|Arboledas - Arboledas De Acuitlapilco|4326|1504324|4324|2026-09-29 02:50:00
15|55|Del Parque|4326|1504325|4325|2026-09-29 02:50:00
15|71|Unidad Acaquilpan|4326|1504326|4326|2026-09-29 02:50:00
15|38|Llano Grande|4326|1504327|4327|2026-09-29 02:50:00
15|40|Derramadero|4326|1504328|4328|2026-09-29 02:50:00
15|40|El Pilar|4326|1504329|4329|2026-09-29 02:50:00
15|76|El Saltito|4326|1504330|4330|2026-09-29 02:50:00
15|40|Luis Cordova Reyes|4326|1504331|4331|2026-09-29 02:50:00
15|116|Santiago Tejocotillos|4326|1504332|4332|2026-09-29 02:50:00
15|88|Tlaltenango Abajo|4326|1504333|4333|2026-09-29 02:50:00
15|88|Tlaltenango Arriba|4326|1504334|4334|2026-09-29 02:50:00
15|40|Luis Cordova Reyes|4326|1504335|4335|2026-09-29 02:50:00
15|100|Victor Puebla|4326|1504337|4337|2026-09-29 02:50:00
15|89|San Jose Chalmita|4326|1504338|4338|2026-09-29 02:50:00
15|72|El Satelite|4326|1504341|4341|2026-09-29 02:50:00
15|119|Buenavista|4326|1504342|4342|2026-09-29 02:50:00
15|89|El Carmen|4326|1504343|4343|2026-09-29 02:50:00
15|32|La Joya|4326|1504344|4344|2026-09-29 02:50:00
15|5|San Nicolas Amealco|4326|1504345|4345|2026-09-29 02:50:00
15|7|San Lucas|4326|1504346|4346|2026-09-29 02:50:00
15|4|Plan De Vigas|4326|1504347|4347|2026-09-29 02:50:00
15|14|Tierras Blancas|4326|1504348|4348|2026-09-29 02:50:00
15|41|El Refugio|4326|1504349|4349|2026-09-29 02:50:00
15|20|Coacalco Lomas|4326|1504350|4350|2026-09-29 02:50:00
15|20|Bosques De Lomas De Coacalco|4326|1504351|4351|2026-09-29 02:50:00
15|20|Bosques De Lomas De Coacalco|4326|1504352|4352|2026-09-29 02:50:00
15|20|Bosques De Lomas De Coacalco|4326|1504353|4353|2026-09-29 02:50:00
15|48|San Francisco El Alto|4326|1504354|4354|2026-09-29 02:50:00
15|20|Conjunto Real De La Loma I|4326|1504355|4355|2026-09-29 02:50:00
15|41|Portozuelos|4326|1504356|4356|2026-09-29 02:50:00
15|41|San Pedro Tlacochaca|4326|1504357|4357|2026-09-29 02:50:00
15|41|El Abrojo|4326|1504359|4359|2026-09-29 02:50:00
15|41|Yautepec|4326|1504360|4360|2026-09-29 02:50:00
15|41|El Divisadero|4326|1504361|4361|2026-09-29 02:50:00
15|41|Llano De La Union|4326|1504362|4362|2026-09-29 02:50:00
15|111|San Nicolas Tolentino|4326|1504363|4363|2026-09-29 02:50:00
15|16|Guadalupe Relinas|4326|1504364|4364|2026-09-29 02:50:00
15|55|La Providencia|4326|1504365|4365|2026-09-29 02:50:00
15|89|Colonia Santa Cruz|4326|1504366|4366|2026-09-29 02:50:00
15|89|Colonia Guadalupe Victoria|4326|1504367|4367|2026-09-29 02:50:00
15|36|Privadas Del Valle|4326|1504368|4368|2026-09-29 02:50:00
15|116|Dolores|4326|1504370|4370|2026-09-29 02:50:00
15|89|San Juan Xochiaca|4326|1504371|4371|2026-09-29 02:50:00
15|26|Jorge Obispo|4326|1504372|4372|2026-09-29 02:50:00
15|40|Rey Izcoatl|4326|1504373|4373|2026-09-29 02:50:00
15|93|San Lorenzo Tlalmimilolpan|4326|1504374|4374|2026-09-29 02:50:00
15|76|San Jose Cerro Gordo|4326|1504375|4375|2026-09-29 02:50:00
15|76|San Marcos|4326|1504376|4376|2026-09-29 02:50:00
15|100|Cond Maye - Barr La Conchita|4326|1504377|4377|2026-09-29 02:50:00
15|5|Cieneguillas De Guadalupe|4326|1504378|4378|2026-09-29 02:50:00
15|1|Santa Maria Arenas|4326|1504379|4379|2026-09-29 02:50:00
15|20|Rinconada Coacalco|4326|1504380|4380|2026-09-29 02:50:00
15|20|Abetos|4326|1504381|4381|2026-09-29 02:50:00
15|1|Tercera Los Pilares|4326|1504382|4382|2026-09-29 02:50:00
15|1|Segunda Los Pilares|4326|1504383|4383|2026-09-29 02:50:00
15|1|Primera Los Pilares|4326|1504384|4384|2026-09-29 02:50:00
15|26|El Socorro|4326|1504385|4385|2026-09-29 02:50:00
15|66|Coamilpa|4326|1504386|4386|2026-09-29 02:50:00
15|66|Coamilpa Propiedad|4326|1504387|4387|2026-09-29 02:50:00
15|92|Ampl San Sebastian|4326|1504388|4388|2026-09-29 02:50:00
15|82|Urbano Las Flores|4326|1504389|4389|2026-09-29 02:50:00
15|2|Ejidos De San Rafael|4326|1504390|4390|2026-09-29 02:50:00
15|116|La Soledad|4326|1504391|4391|2026-09-29 02:50:00
15|57|Benito Juarez|4326|1504392|4392|2026-09-29 02:50:00
15|57|Ampliacion Miguel Hidalgo|4326|1504393|4393|2026-09-29 02:50:00
15|57|Miguel Hidalgo|4326|1504394|4394|2026-09-29 02:50:00
15|122|Real De San Martin|4326|1504395|4395|2026-09-29 02:50:00
15|100|San Nicolas Huexotla|4326|1504397|4397|2026-09-29 02:50:00
15|34|Rancho Victoria 2|4326|1504398|4398|2026-09-29 02:50:00
15|30|El Vergel|4326|1504399|4399|2026-09-29 02:50:00
15|43|San Pedro De Los Ba?os|4326|1504400|4400|2026-09-29 02:50:00
15|43|San Pedro De Los Ba?os|4326|1504401|4401|2026-09-29 02:50:00
15|40|Humberto Gutierrez|4326|1504402|4402|2026-09-29 02:50:00
15|40|Ricardo Calva Reyes|4326|1504403|4403|2026-09-29 02:50:00
15|93|Nueva Evangelista|4326|1504404|4404|2026-09-29 02:50:00
15|124|San Antonio Pueblo Nuevo|4326|1504405|4405|2026-09-29 02:50:00
15|16|San Antonio Ometusco|4326|1504406|4406|2026-09-29 02:50:00
15|18|El Meson|4326|1504407|4407|2026-09-29 02:50:00
15|18|Lomas De Vista Hermosa|4326|1504408|4408|2026-09-29 02:50:00
15|46|Primera De Coscomate Del Progreso|4326|1504409|4409|2026-09-29 02:50:00
15|46|Segunda De Coscomate Del Progreso|4326|1504410|4410|2026-09-29 02:50:00
15|46|Tercera De Coscomate Del Progreso|4326|1504411|4411|2026-09-29 02:50:00
15|46|Cuarta De Coscomate Del Progreso|4326|1504412|4412|2026-09-29 02:50:00
15|107|Ejd Buenavista|4326|1504414|4414|2026-09-29 02:50:00
15|75|La Venta|4326|1504415|4415|2026-09-29 02:50:00
15|119|La Pe?uela|4326|1504416|4416|2026-09-29 02:50:00
15|121|Paseos Del Lago|4326|1504417|4417|2026-09-29 02:50:00
15|94|San Pedro Chiautzingo|4326|1504418|4418|2026-09-29 02:50:00
15|100|San Pedro|4326|1504419|4419|2026-09-29 02:50:00
15|100|Las Americas - San Pedro|4326|1504420|4420|2026-09-29 02:50:00
15|100|Cond Las Hadas - Col Ni?os Heroes|4326|1504421|4421|2026-09-29 02:50:00
15|100|Ejd Tocuila - Col Ni?os Heroes|4326|1504422|4422|2026-09-29 02:50:00
15|100|Allende|4326|1504423|4423|2026-09-29 02:50:00
15|100|Pblo Santa Cruz De Abajo - Barr San Pedro|4326|1504424|4424|2026-09-29 02:50:00
15|121|Hacienda De Los Encinos|4326|1504425|4425|2026-09-29 02:50:00
15|119|Cruz Colorada|4326|1504426|4426|2026-09-29 02:50:00
15|107|Maria Bonita 2|4326|1504427|4427|2026-09-29 02:50:00
15|121|Urbano Santa Fe|4326|1504428|4428|2026-09-29 02:50:00
15|24|Misiones Ii|4326|1504429|4429|2026-09-29 02:50:00
15|1|Ni?os Heroes|4326|1504430|4430|2026-09-29 02:50:00
15|1|Reforma|4326|1504431|4431|2026-09-29 02:50:00
15|66|Rancheria Santa Barbara|4326|1504432|4432|2026-09-29 02:50:00
15|112|Villa De Allende|4326|1504433|4433|2026-09-29 02:50:00
15|46|El Bosque|4326|1504434|4434|2026-09-29 02:50:00
15|20|Asociacion De Comerciantes De Coacalco - Colonia Loma Bonita|4326|1504435|4435|2026-09-29 02:50:00
15|20|Coacalco|4326|1504436|4436|2026-09-29 02:50:00
15|16|Axapusco|4326|1504438|4438|2026-09-29 02:50:00
15|16|Tezoncalli|4326|1504439|4439|2026-09-29 02:50:00
15|119|La Joya|4326|1504440|4440|2026-09-29 02:50:00
15|116|De Guadalupe|4326|1504441|4441|2026-09-29 02:50:00
15|116|El Potrero|4326|1504442|4442|2026-09-29 02:50:00
15|116|San Pedro|4326|1504443|4443|2026-09-29 02:50:00
15|20|Bosques Del Valle|4326|1504444|4444|2026-09-29 02:50:00
15|116|Dos Caminos|4326|1504445|4445|2026-09-29 02:50:00
15|121|Urbano La Esmeralda|4326|1504446|4446|2026-09-29 02:50:00
15|93|De San Sebastian|4326|1504447|4447|2026-09-29 02:50:00
15|7|Amanalco De Becerra|4326|1504448|4448|2026-09-29 02:50:00
15|2|San Marcos Nepantla|4326|1504449|4449|2026-09-29 02:50:00
15|107|Santa Luisa Ii|4326|1504450|4450|2026-09-29 02:50:00
15|107|Rancho Independencia|4326|1504451|4451|2026-09-29 02:50:00
15|91|El Guarda|4326|1504452|4452|2026-09-29 02:50:00
15|107|Balcones De San Felipe|4326|1504453|4453|2026-09-29 02:50:00
15|109|La Joya|4326|1504454|4454|2026-09-29 02:50:00
15|43|Manzana 09|4326|1504455|4455|2026-09-29 02:50:00
15|43|Manzana 04|4326|1504456|4456|2026-09-29 02:50:00
15|116|La Cumbre|4326|1504457|4457|2026-09-29 02:50:00
15|43|Manzana 06|4326|1504458|4458|2026-09-29 02:50:00
15|43|Manzana 13|4326|1504459|4459|2026-09-29 02:50:00
15|43|Manzana 02|4326|1504460|4460|2026-09-29 02:50:00
15|43|Manzana 01|4326|1504461|4461|2026-09-29 02:50:00
15|43|Manzana 03|4326|1504462|4462|2026-09-29 02:50:00
15|14|El Manto Estacionn - Ffcc|4326|1504463|4463|2026-09-29 02:50:00
15|14|Cuendo|4326|1504464|4464|2026-09-29 02:50:00
15|66|San Martin Ahuatepec|4326|1504465|4465|2026-09-29 02:50:00
15|85|El Chopo|4326|1504466|4466|2026-09-29 02:50:00
15|88|Molino Arriba|4326|1504467|4467|2026-09-29 02:50:00
15|116|La Gonda|4326|1504468|4468|2026-09-29 02:50:00
15|116|Santa Cruz|4326|1504469|4469|2026-09-29 02:50:00
15|116|Teneria|4326|1504470|4470|2026-09-29 02:50:00
15|116|Morillos|4326|1504471|4471|2026-09-29 02:50:00
15|102|Jardines De Santiago|4326|1504472|4472|2026-09-29 02:50:00
15|102|El Capulin|4326|1504473|4473|2026-09-29 02:50:00
15|52|Real De Santa Clara|4326|1504474|4474|2026-09-29 02:50:00
15|61|Aquiles Cordova Moran|4326|1504475|4475|2026-09-29 02:50:00
15|88|Barrio De Molino Arriba|4326|1504476|4476|2026-09-29 02:50:00
15|61|Elsa Cordova Moran|4326|1504477|4477|2026-09-29 02:50:00
15|61|Lomas Del Lago|4326|1504478|4478|2026-09-29 02:50:00
15|61|Wenceslao Victoria Soto|4326|1504479|4479|2026-09-29 02:50:00
15|61|Hacienda Santo Tomas|4326|1504480|4480|2026-09-29 02:50:00
15|100|Col San Gabriel - Pblo San Miguel Coatlinchan|4326|1504481|4481|2026-09-29 02:50:00
15|55|Villas Del Casta?o I|4326|1504482|4482|2026-09-29 02:50:00
15|55|El Gran Roble|4326|1504483|4483|2026-09-29 02:50:00
15|119|San Joaquin|4326|1504484|4484|2026-09-29 02:50:00
15|21|Cochisquila|4326|1504485|4485|2026-09-29 02:50:00
15|52|Salazar|4326|1504486|4486|2026-09-29 02:50:00
15|120|Guadalupe Tlapizalco|4326|1504487|4487|2026-09-29 02:50:00
15|48|La Pastora|4326|1504488|4488|2026-09-29 02:50:00
15|100|Santa Catarina Del Monte|4326|1504489|4489|2026-09-29 02:50:00
15|100|Instalaciones De La Feria Del Caballo|4326|1504490|4490|2026-09-29 02:50:00
15|100|Tulantongo|4326|1504491|4491|2026-09-29 02:50:00
15|26|Urbano Los Heroes Chalco|4326|1504492|4492|2026-09-29 02:50:00
15|85|Presa Del Rey|4326|1504493|4493|2026-09-29 02:50:00
15|48|El Portezuelo|4326|1504494|4494|2026-09-29 02:50:00
15|43|San Jeronimo Ixtapantongo|4326|1504495|4495|2026-09-29 02:50:00
15|61|La Concepcion|4326|1504496|4496|2026-09-29 02:50:00
15|20|Sitatyr|4326|1504497|4497|2026-09-29 02:50:00
15|43|Guadalupe Del Rio|4326|1504498|4498|2026-09-29 02:50:00
15|10|La Ermita|4326|1504499|4499|2026-09-29 02:50:00
15|32|Miguel Cruz Jose|4326|1504500|4500|2026-09-29 02:50:00
15|8|Santiago|4326|1504501|4501|2026-09-29 02:50:00
15|8|Aviacion|4326|1504502|4502|2026-09-29 02:50:00
15|55|Teo|4326|1504503|4503|2026-09-29 02:50:00
15|20|Presidentes|4326|1504504|4504|2026-09-29 02:50:00
15|55|Alteza Metepec|4326|1504505|4505|2026-09-29 02:50:00
15|82|Zitlalcoatl|4326|1504506|4506|2026-09-29 02:50:00
15|66|Infonavit|4326|1504507|4507|2026-09-29 02:50:00
15|55|Cascada Del Angel|4326|1504508|4508|2026-09-29 02:50:00
15|121|Santiago 1ra Secc|4326|1504509|4509|2026-09-29 02:50:00
15|16|Cuauhtemoc|4326|1504510|4510|2026-09-29 02:50:00
15|83|La Labor De Zaragoza|4326|1504512|4512|2026-09-29 02:50:00
15|63|Hacienda San Martin|4326|1504513|4513|2026-09-29 02:50:00
15|107|Meson De Santa Ana|4326|1504514|4514|2026-09-29 02:50:00
15|107|Arboledas|4326|1504515|4515|2026-09-29 02:50:00
15|63|Benevento|4326|1504516|4516|2026-09-29 02:50:00
15|83|San Andres Ocotepec|4326|1504517|4517|2026-09-29 02:50:00
15|68|La Presa|4326|1504518|4518|2026-09-29 02:50:00
15|93|San Agustin Actipac|4326|1504519|4519|2026-09-29 02:50:00
15|93|El Cayahual|4326|1504520|4520|2026-09-29 02:50:00
15|34|El Capulin|4326|1504521|4521|2026-09-29 02:50:00
15|52|Colonia Agricola Analco|4326|1504522|4522|2026-09-29 02:50:00
15|48|San Antonio Nixini|4326|1504523|4523|2026-09-29 02:50:00
15|43|Ixtlahuaca|4326|1504524|4524|2026-09-29 02:50:00
15|107|Conj U Paseo Arboleda|4326|1504525|4525|2026-09-29 02:50:00
15|20|Lomas Del Sol|4326|1504526|4526|2026-09-29 02:50:00
15|52|Santiago Analco|4326|1504527|4527|2026-09-29 02:50:00
15|43|Numero 5|4326|1504528|4528|2026-09-29 02:50:00
15|107|Las Misiones|4326|1504529|4529|2026-09-29 02:50:00
15|107|Villa Toscana|4326|1504530|4530|2026-09-29 02:50:00
15|77|Real De Atenco|4326|1504531|4531|2026-09-29 02:50:00
15|77|Don Eloy Iii|4326|1504532|4532|2026-09-29 02:50:00
15|55|Khana Residencial Metepec|4326|1504533|4533|2026-09-29 02:50:00
15|55|Arcos Concordia|4326|1504534|4534|2026-09-29 02:50:00
15|55|El Nogal|4326|1504535|4535|2026-09-29 02:50:00
15|119|La Virgen|4326|1504536|4536|2026-09-29 02:50:00
15|26|Hacienda San Juan|4326|1504537|4537|2026-09-29 02:50:00
15|26|Conjunto Rancho Amigo|4326|1504538|4538|2026-09-29 02:50:00
15|108|Salinas|4326|1504539|4539|2026-09-29 02:50:00
15|108|La Vega|4326|1504540|4540|2026-09-29 02:50:00
15|83|Teneria|4326|1504541|4541|2026-09-29 02:50:00
15|121|Santa Isabel|4326|1504542|4542|2026-09-29 02:50:00
15|61|Loma De San Miguel|4326|1504547|4547|2026-09-29 02:50:00
15|55|San Francisco|4326|1504548|4548|2026-09-29 02:50:00
15|57|Cuarto|4326|1504549|4549|2026-09-29 02:50:00
15|108|Los Amates|4326|1504550|4550|2026-09-29 02:50:00
15|108|El Terrero|4326|1504551|4551|2026-09-29 02:50:00
15|52|Santa Anita|4326|1504552|4552|2026-09-29 02:50:00
15|82|Provenzal Del Bosque|4326|1504553|4553|2026-09-29 02:50:00
15|104|Colonia 21 De Marzo|4326|1504555|4555|2026-09-29 02:50:00
15|101|Granja El Oasis|4326|1504557|4557|2026-09-29 02:50:00
15|46|Parque Industrial Jilotepec|4326|1504560|4560|2026-09-29 02:50:00
15|46|La Venta|4326|1504562|4562|2026-09-29 02:50:00
15|46|Cruz De Dendho|4326|1504563|4563|2026-09-29 02:50:00
15|46|La Dalia|4326|1504564|4564|2026-09-29 02:50:00
15|18|Villas Del Campo|4326|1504565|4565|2026-09-29 02:50:00
15|18|Zacango|4326|1504566|4566|2026-09-29 02:50:00
15|1|Loma Linda|4326|1504567|4567|2026-09-29 02:50:00
15|104|Santiago|4326|1504568|4568|2026-09-29 02:50:00
15|43|San Francisco Ixtlahuaca|4326|1504569|4569|2026-09-29 02:50:00
15|43|El Rincn De Los Perales|4326|1504570|4570|2026-09-29 02:50:00
15|1|Primero|4326|1504571|4571|2026-09-29 02:50:00
15|1|Centro|4326|1504572|4572|2026-09-29 02:50:00
15|74|Villas Del Sauce|4326|1504573|4573|2026-09-29 02:50:00
15|107|La Rivera Ii|4326|1504574|4574|2026-09-29 02:50:00
15|107|La Rivera I|4326|1504575|4575|2026-09-29 02:50:00
15|107|Miramonte|4326|1504576|4576|2026-09-29 02:50:00
15|18|Los Tulipanes Iii|4326|1504577|4577|2026-09-29 02:50:00
15|107|Los Faroles|4326|1504578|4578|2026-09-29 02:50:00
15|18|Urbi Hacienda La Loma|4326|1504579|4579|2026-09-29 02:50:00
15|120|San Jose Tecontla|4326|1504580|4580|2026-09-29 02:50:00
15|20|1ra Fraccion Ex-rancho San Felipe|4326|1504581|4581|2026-09-29 02:50:00
15|43|San Ildefonso|4326|1504588|4588|2026-09-29 02:50:00
15|16|Xala|4326|1504599|4599|2026-09-29 02:50:00
15|16|Ex Hacienda De Xala|4326|1504600|4600|2026-09-29 02:50:00
15|120|San Mateo Despoblado|4326|1504601|4601|2026-09-29 02:50:00
15|107|Paseos San Martin|4326|1504602|4602|2026-09-29 02:50:00
15|109|Las Adoberas|4326|1504603|4603|2026-09-29 02:50:00
15|43|Cuauhtemoc|4326|1504604|4604|2026-09-29 02:50:00
15|20|Conjunto Real De Bulevares I|4326|1504605|4605|2026-09-29 02:50:00
15|24|Paseos Del Bosque|4326|1504606|4606|2026-09-29 02:50:00
15|32|Tepalcates-nueva Tepalcates|4326|1504607|4607|2026-09-29 02:50:00
15|32|Jorge Obispo|4326|1504608|4608|2026-09-29 02:50:00
15|32|Marco Antonio Sosa Balderas|4326|1504609|4609|2026-09-29 02:50:00
15|34|Paseos De Ecatepec|4326|1504610|4610|2026-09-29 02:50:00
15|34|Bonito Paseos|4326|1504611|4611|2026-09-29 02:50:00
15|34|Paseos De Ecatepec|4326|1504612|4612|2026-09-29 02:50:00
15|74|La Isla|4326|1504613|4613|2026-09-29 02:50:00
15|55|Los Arcos|4326|1504614|4614|2026-09-29 02:50:00
15|18|Las Jarillas|4326|1504615|4615|2026-09-29 02:50:00
15|107|Hacienda Del Moran|4326|1504616|4616|2026-09-29 02:50:00
15|116|Emiliano Zapata|4326|1504617|4617|2026-09-29 02:50:00
15|32|Arboledas|4326|1504618|4618|2026-09-29 02:50:00
15|107|Las Bugambilias|4326|1504619|4619|2026-09-29 02:50:00
15|79|Rincon Chico|4326|1504620|4620|2026-09-29 02:50:00
15|44|Cuexapa|4326|1504621|4621|2026-09-29 02:50:00
15|43|San Cristobal De Los Ba?os|4326|1504622|4622|2026-09-29 02:50:00
15|18|Zoologico De Zacango|4326|1504623|4623|2026-09-29 02:50:00
15|121|Nueva Villas De La Laguna|4326|1504624|4624|2026-09-29 02:50:00
15|107|San Mateo|4326|1504625|4625|2026-09-29 02:50:00
15|116|La Manga|4326|1504626|4626|2026-09-29 02:50:00
15|91|La Isleta|4326|1504627|4627|2026-09-29 02:50:00
15|100|De Huexotla|4326|1504628|4628|2026-09-29 02:50:00
15|32|Acuitlapilco - 1ra Seccion De Acuitlapilco|4326|1504629|4629|2026-09-29 02:50:00
15|32|Acuitlapilco - 3ra Seccion De Acuitlapilco|4326|1504630|4630|2026-09-29 02:50:00
15|52|Tomapa Tultepec|4326|1504631|4631|2026-09-29 02:50:00
15|16|San Felipe Zacatepec|4326|1504632|4632|2026-09-29 02:50:00
15|96|San Miguel Ca?adas|4326|1504633|4633|2026-09-29 02:50:00
15|100|El Tejocote|4326|1504634|4634|2026-09-29 02:50:00
15|55|Hacienda San Antonio|4326|1504635|4635|2026-09-29 02:50:00
15|55|Rancho El Silencio|4326|1504636|4636|2026-09-29 02:50:00
15|55|Matisse|4326|1504637|4637|2026-09-29 02:50:00
15|123|El Sauz Palo Gordo|4326|1504638|4638|2026-09-29 02:50:00
15|32|Jose Maria Luis Mora|4326|1504639|4639|2026-09-29 02:50:00
15|123|El Reparo|4326|1504640|4640|2026-09-29 02:50:00
15|46|Tercera De Agua Escondida|4326|1504641|4641|2026-09-29 02:50:00
15|46|Segunda De Agua Escondida|4326|1504642|4642|2026-09-29 02:50:00
15|46|Primera De Agua Escondida|4326|1504643|4643|2026-09-29 02:50:00
15|61|Cumbres Del Sol|4326|1504644|4644|2026-09-29 02:50:00
15|36|Ejido De Xalpa ( San Buenaventura )|4326|1504645|4645|2026-09-29 02:50:00
15|107|Conj U Los Heroes Toluca Iii|4326|1504646|4646|2026-09-29 02:50:00
15|107|Conj U Los Heroes Toluca Ii|4326|1504647|4647|2026-09-29 02:50:00
15|121|San Sebastian|4326|1504648|4648|2026-09-29 02:50:00
15|107|Paseos Santin|4326|1504649|4649|2026-09-29 02:50:00
15|107|Balcones Santin|4326|1504650|4650|2026-09-29 02:50:00
15|52|San Lorenzo Huitzizilapan|4326|1504651|4651|2026-09-29 02:50:00
15|20|Dalias Iv|4326|1504652|4652|2026-09-29 02:50:00
15|20|Dalias Iii|4326|1504653|4653|2026-09-29 02:50:00
15|20|Dalias Ii|4326|1504654|4654|2026-09-29 02:50:00
15|20|Dalias I|4326|1504655|4655|2026-09-29 02:50:00
15|107|Bella Vista Virreyes|4326|1504656|4656|2026-09-29 02:50:00
15|48|Ejido De Ma?i|4326|1504657|4657|2026-09-29 02:50:00
15|48|Santa Maria Nativitas|4326|1504658|4658|2026-09-29 02:50:00
15|48|San Bartolo Oxtotitlan|4326|1504659|4659|2026-09-29 02:50:00
15|48|Tercera De San Bartolo Oxtotitlan|4326|1504660|4660|2026-09-29 02:50:00
15|48|Quinta De San Bartolo Oxtotitlan|4326|1504661|4661|2026-09-29 02:50:00
15|48|Segunda De San Bartolo Oxtotitlan|4326|1504662|4662|2026-09-29 02:50:00
15|48|Primera De San Bartolo Oxtotitlan|4326|1504663|4663|2026-09-29 02:50:00
15|48|Buenos Aires|4326|1504664|4664|2026-09-29 02:50:00
15|48|Cuarta De Buenos Aires|4326|1504665|4665|2026-09-29 02:50:00
15|33|San Antonio De La Laguna|4326|1504666|4666|2026-09-29 02:50:00
15|34|San Antonio Y Ahogaditos|4326|1504667|4667|2026-09-29 02:50:00
15|55|Grand Regina|4326|1504668|4668|2026-09-29 02:50:00
15|18|Hacienda De Las Fuentes|4326|1504669|4669|2026-09-29 02:50:00
15|18|Bosque De Las Fuentes|4326|1504670|4670|2026-09-29 02:50:00
15|36|Santa Teresa Ix - In House Huehuetoca|4326|1504671|4671|2026-09-29 02:50:00
15|1|El Agostadero|4326|1504672|4672|2026-09-29 02:50:00
15|5|Santa Juana Centro|4326|1504673|4673|2026-09-29 02:50:00
15|107|Bordo De Las Canastas|4326|1504674|4674|2026-09-29 02:50:00
15|123|Hermiltepec|4326|1504675|4675|2026-09-29 02:50:00
15|116|San Juan|4326|1504676|4676|2026-09-29 02:50:00
15|116|Los Laureles|4326|1504677|4677|2026-09-29 02:50:00
15|119|La Joya|4326|1504678|4678|2026-09-29 02:50:00
15|85|Hacienda De Paula|4326|1504679|4679|2026-09-29 02:50:00
15|20|Real De Bulevares Iii|4326|1504680|4680|2026-09-29 02:50:00
15|121|Rinconada De La Laguna|4326|1504681|4681|2026-09-29 02:50:00
15|61|Ampliacion Granjas Guadalupe|4326|1504682|4682|2026-09-29 02:50:00
15|121|Arbolada Los Sauces Ii|4326|1504683|4683|2026-09-29 02:50:00
15|122|Cerro Del Marques|4326|1504684|4684|2026-09-29 02:50:00
15|122|Ampl La Antorcha|4326|1504685|4685|2026-09-29 02:50:00
15|20|Puerta Coacalco|4326|1504686|4686|2026-09-29 02:50:00
15|20|Villas Gigante|4326|1504687|4687|2026-09-29 02:50:00
15|20|Allende|4326|1504688|4688|2026-09-29 02:50:00
15|24|La Arboleda|4326|1504689|4689|2026-09-29 02:50:00
15|121|Paseos Del Lago Ii|4326|1504690|4690|2026-09-29 02:50:00
15|82|Real Verona|4326|1504691|4691|2026-09-29 02:50:00
15|82|Real Alcazar|4326|1504692|4692|2026-09-29 02:50:00
15|55|Finca Real I|4326|1504693|4693|2026-09-29 02:50:00
15|55|Quinta Santa Lucia|4326|1504694|4694|2026-09-29 02:50:00
15|48|Manzana Cuarta Santa Cruz Tepexpan|4326|1504695|4695|2026-09-29 02:50:00
15|100|Santa Rosa - De La Resurreccion|4326|1504696|4696|2026-09-29 02:50:00
15|100|Valle Del Molino|4326|1504698|4698|2026-09-29 02:50:00
15|55|Libertad|4326|1504699|4699|2026-09-29 02:50:00
15|55|Villas Metepec|4326|1504700|4700|2026-09-29 02:50:00
15|55|Rinconada El Casta?o|4326|1504701|4701|2026-09-29 02:50:00
15|55|Amarena|4326|1504702|4702|2026-09-29 02:50:00
15|55|Amarena Loft S|4326|1504703|4703|2026-09-29 02:50:00
15|55|Campestre Del Carmen|4326|1504704|4704|2026-09-29 02:50:00
15|55|Rancho El Silencio Ii|4326|1504705|4705|2026-09-29 02:50:00
15|55|Puerta Del Sol|4326|1504706|4706|2026-09-29 02:50:00
15|61|El Trafico|4326|1504707|4707|2026-09-29 02:50:00
15|107|Ni?os Heroes|4326|1504708|4708|2026-09-29 02:50:00
15|55|Palma Real|4326|1504709|4709|2026-09-29 02:50:00
15|94|La Concepcion Jolalpan|4326|1504710|4710|2026-09-29 02:50:00
15|70|Mazatla|4326|1504711|4711|2026-09-29 02:50:00
15|70|Ixayoc|4326|1504712|4712|2026-09-29 02:50:00
15|70|Coxotla|4326|1504713|4713|2026-09-29 02:50:00
15|43|San Francisco Del Rio|4326|1504714|4714|2026-09-29 02:50:00
15|43|Ejido 20 De Noviembre|4326|1504715|4715|2026-09-29 02:50:00
15|29|La Concepcion|4326|1504716|4716|2026-09-29 02:50:00
15|29|Amajac|4326|1504717|4717|2026-09-29 02:50:00
15|29|Atenguillo|4326|1504718|4718|2026-09-29 02:50:00
15|29|Ocopulco|4326|1504719|4719|2026-09-29 02:50:00
15|29|San Antonio Tepetitlan|4326|1504720|4720|2026-09-29 02:50:00
15|29|Nonoalco|4326|1504721|4721|2026-09-29 02:50:00
15|101|Buenos Aires|4326|1504722|4722|2026-09-29 02:50:00
15|100|Pentecostes|4326|1504723|4723|2026-09-29 02:50:00
15|26|Punta Chalco Ii|4326|1504725|4725|2026-09-29 02:50:00
15|36|San Bartolo|4326|1504726|4726|2026-09-29 02:50:00
15|36|San Pedro Xalpa|4326|1504727|4727|2026-09-29 02:50:00
15|36|San Pedro Xalpa|4326|1504728|4728|2026-09-29 02:50:00
15|2|Mision San Agustin|4326|1504730|4730|2026-09-29 02:50:00
15|93|La Garita|4326|1504731|4731|2026-09-29 02:50:00
15|96|Santa Cruz|4326|1504733|4733|2026-09-29 02:50:00
15|32|Santa Maria Nativitas|4326|1504734|4734|2026-09-29 02:50:00
15|100|San Jose|4326|1504735|4735|2026-09-29 02:50:00
15|55|Arcos Concordia|4326|1504736|4736|2026-09-29 02:50:00
15|55|El Rosario|4326|1504737|4737|2026-09-29 02:50:00
15|8|San Simon Zozocoltepec|4326|1504738|4738|2026-09-29 02:50:00
15|1|Esperanza|4326|1504739|4739|2026-09-29 02:50:00
15|1|La Alameda|4326|1504740|4740|2026-09-29 02:50:00
15|1|Los Cedros|4326|1504741|4741|2026-09-29 02:50:00
15|1|La Mesita|4326|1504742|4742|2026-09-29 02:50:00
15|1|Centro Endeje|4326|1504743|4743|2026-09-29 02:50:00
15|30|Santa Rosa|4326|1504745|4745|2026-09-29 02:50:00
15|4|San Jose Tizates|4326|1504752|4752|2026-09-29 02:50:00
15|61|Crescencio Sanchez Damian|4326|1504753|4753|2026-09-29 02:50:00
15|14|Valle De Los Sauces|4326|1504754|4754|2026-09-29 02:50:00
15|77|Bugambilias|4326|1504755|4755|2026-09-29 02:50:00
15|77|San Roman|4326|1504756|4756|2026-09-29 02:50:00
15|77|La Luna|4326|1504757|4757|2026-09-29 02:50:00
15|77|Alborada|4326|1504758|4758|2026-09-29 02:50:00
15|77|Don Samuel|4326|1504759|4759|2026-09-29 02:50:00
15|34|Ciudad Cuauhtemoc|4326|1504761|4761|2026-09-29 02:50:00
15|112|Barrio De Santa Cruz, San Jeronimo Totoltepec|4326|1504762|4762|2026-09-29 02:50:00
15|112|San Jeronimo Totoltepec|4326|1504763|4763|2026-09-29 02:50:00
15|119|Independencia|4326|1504765|4765|2026-09-29 02:50:00
15|39|Juan Largo|4326|1504766|4766|2026-09-29 02:50:00
15|46|Primera De San Juan Acazuchitlan|4326|1504767|4767|2026-09-29 02:50:00
15|46|Cuarta De San Juan Acazuchitlan|4326|1504768|4768|2026-09-29 02:50:00
15|46|Segunda De San Juan Acazuchitlan|4326|1504769|4769|2026-09-29 02:50:00
15|78|Los Berros Cuentla|4326|1504770|4770|2026-09-29 02:50:00
15|46|Tercera De San Juan Acazuchitlan|4326|1504771|4771|2026-09-29 02:50:00
15|100|Col Centro - Barr San Pedro|4326|1504772|4772|2026-09-29 02:50:00
15|94|Barrio Tulteca Teopan|4326|1504773|4773|2026-09-29 02:50:00
15|94|El Gavilan|4326|1504774|4774|2026-09-29 02:50:00
15|109|Mayte|4326|1504776|4776|2026-09-29 02:50:00
15|109|Santiago Teyahualco|4326|1504777|4777|2026-09-29 02:50:00
15|109|Rancho Santa Elena|4326|1504778|4778|2026-09-29 02:50:00
15|121|San Pedro De La Laguna|4326|1504779|4779|2026-09-29 02:50:00
15|121|San Pedro Zitlaltepec|4326|1504780|4780|2026-09-29 02:50:00
15|4|Almoloya De Alquisiras|4326|1504781|4781|2026-09-29 02:50:00
15|46|Cuarta|4326|1504782|4782|2026-09-29 02:50:00
15|46|Tercera|4326|1504783|4783|2026-09-29 02:50:00
15|46|Segunda|4326|1504784|4784|2026-09-29 02:50:00
15|46|Primera|4326|1504785|4785|2026-09-29 02:50:00
15|68|San Juan|4326|1504787|4787|2026-09-29 02:50:00
15|20|Conjunto Real De Bulevares Ii|4326|1504788|4788|2026-09-29 02:50:00
15|40|Julio Lopez Chavez - Uprez|4326|1504789|4789|2026-09-29 02:50:00
15|66|El Colorado|4326|1504790|4790|2026-09-29 02:50:00
15|78|Mina De Agua|4326|1504791|4791|2026-09-29 02:50:00
15|78|De La Fragua|4326|1504792|4792|2026-09-29 02:50:00
15|78|De San Jose|4326|1504793|4793|2026-09-29 02:50:00
15|78|De San Pedro|4326|1504794|4794|2026-09-29 02:50:00
15|107|Parque Industrial San Cayetano|4326|1504795|4795|2026-09-29 02:50:00
15|55|Villas Galeana|4326|1504796|4796|2026-09-29 02:50:00
15|16|San Mateo|4326|1504797|4797|2026-09-29 02:50:00
15|16|Chavarria|4326|1504798|4798|2026-09-29 02:50:00
15|16|Santo Tomas|4326|1504799|4799|2026-09-29 02:50:00
15|16|San Diego|4326|1504800|4800|2026-09-29 02:50:00
15|83|Paso De Guayabal|4326|1504802|4802|2026-09-29 02:50:00
15|89|Progreso|4326|1504803|4803|2026-09-29 02:50:00
15|40|De La Cruz|4326|1504804|4804|2026-09-29 02:50:00
15|40|Pueblo Nuevo|4326|1504805|4805|2026-09-29 02:50:00
15|52|La Concepcion Xochicuautla|4326|1504806|4806|2026-09-29 02:50:00
15|5|Barrio La Cabecera 3a Seccion|4326|1504807|4807|2026-09-29 02:50:00
15|20|Maple|4326|1504808|4808|2026-09-29 02:50:00
15|20|Pino|4326|1504809|4809|2026-09-29 02:50:00
15|5|El Estanco|4326|1504810|4810|2026-09-29 02:50:00
15|82|Cerritos|4326|1504811|4811|2026-09-29 02:50:00
15|82|Ampl Esmeralda|4326|1504812|4812|2026-09-29 02:50:00
15|82|Nuevo Paraiso|4326|1504813|4813|2026-09-29 02:50:00
15|34|Margarito F Ayala|4326|1504814|4814|2026-09-29 02:50:00
15|114|Santiago Oxtotitlan|4326|1504815|4815|2026-09-29 02:50:00
15|43|San Francisco De Asis|4326|1504816|4816|2026-09-29 02:50:00
15|119|La Herradura|4326|1504817|4817|2026-09-29 02:50:00
15|119|Ejido De San Francisco Tlalcilalcalpan|4326|1504818|4818|2026-09-29 02:50:00
15|43|Unidad A Magisterial|4326|1504819|4819|2026-09-29 02:50:00
15|20|Porton Taxco Viejo|4326|1504821|4821|2026-09-29 02:50:00
15|107|Los Sauces|4326|1504822|4822|2026-09-29 02:50:00
15|123|San Juan Acatitlan|4326|1504823|4823|2026-09-29 02:50:00
15|107|Rincon De San Cristobal|4326|1504824|4824|2026-09-29 02:50:00
15|43|Ejido De San Lorenzo Toxico Manzana 6|4326|1504825|4825|2026-09-29 02:50:00
15|121|Santa Maria De Guadalupe|4326|1504826|4826|2026-09-29 02:50:00
15|20|Privadas Chabacanos|4326|1504827|4827|2026-09-29 02:50:00
15|46|Centro|4326|1504828|4828|2026-09-29 02:50:00
15|55|Nicolaza|4326|1504829|4829|2026-09-29 02:50:00
15|55|Prado Capistran|4326|1504830|4830|2026-09-29 02:50:00
15|55|Quintas Del Sol|4326|1504831|4831|2026-09-29 02:50:00
15|89|La Ermita|4326|1504832|4832|2026-09-29 02:50:00
15|121|San Lorenzo Zitlaltepec|4326|1504833|4833|2026-09-29 02:50:00
15|12|La Vega|4326|1504834|4834|2026-09-29 02:50:00
15|63|San Miguel|4326|1504835|4835|2026-09-29 02:50:00
15|43|San Antonio Bonixi|4326|1504836|4836|2026-09-29 02:50:00
15|75|El Tunal|4326|1504837|4837|2026-09-29 02:50:00
15|107|Anzures|4326|1504838|4838|2026-09-29 02:50:00
15|107|Villas Santorini 9 B|4326|1504839|4839|2026-09-29 02:50:00
15|107|Villas Santorini 9 A|4326|1504840|4840|2026-09-29 02:50:00
15|107|Villas Santorini 8 B|4326|1504841|4841|2026-09-29 02:50:00
15|107|Villas Santorini 8 A|4326|1504842|4842|2026-09-29 02:50:00
15|107|Villas Santorini 7 B|4326|1504843|4843|2026-09-29 02:50:00
15|107|Villas Santorini 7 A|4326|1504844|4844|2026-09-29 02:50:00
15|107|Villas Santorini 6|4326|1504845|4845|2026-09-29 02:50:00
15|107|Villas Santorini 5|4326|1504846|4846|2026-09-29 02:50:00
15|107|Villas Santorini 4|4326|1504847|4847|2026-09-29 02:50:00
15|107|Villas Santorini 3|4326|1504848|4848|2026-09-29 02:50:00
15|107|Villas Santorini 2|4326|1504849|4849|2026-09-29 02:50:00
15|107|Villas Santorini 1|4326|1504850|4850|2026-09-29 02:50:00
15|104|Infonavitsalvador Angulo Navarro|4326|1504851|4851|2026-09-29 02:50:00
15|104|El Escribiente|4326|1504852|4852|2026-09-29 02:50:00
15|104|Chantico I|4326|1504853|4853|2026-09-29 02:50:00
15|104|Chantico Ii|4326|1504854|4854|2026-09-29 02:50:00
15|55|Lucerna Lofts|4326|1504855|4855|2026-09-29 02:50:00
15|55|Status|4326|1504856|4856|2026-09-29 02:50:00
15|55|Bellezzian|4326|1504857|4857|2026-09-29 02:50:00
15|55|La Joya Diamante Ii|4326|1504858|4858|2026-09-29 02:50:00
15|55|Rancho San Agustin|4326|1504859|4859|2026-09-29 02:50:00
15|55|Los Tres Sauces|4326|1504860|4860|2026-09-29 02:50:00
15|55|Real Del Mar|4326|1504861|4861|2026-09-29 02:50:00
15|55|Montecarlo|4326|1504862|4862|2026-09-29 02:50:00
15|55|Aria|4326|1504863|4863|2026-09-29 02:50:00
15|55|Club Residencial Los Casta?os|4326|1504864|4864|2026-09-29 02:50:00
15|55|Stanza|4326|1504865|4865|2026-09-29 02:50:00
15|55|La Asuncion|4326|1504866|4866|2026-09-29 02:50:00
15|55|Praderas Asuncion|4326|1504867|4867|2026-09-29 02:50:00
15|121|Jardines De Acacias|4326|1504869|4869|2026-09-29 02:50:00
15|96|Villas De Hurtebise|4326|1504870|4870|2026-09-29 02:50:00
15|52|Residencial Tires|4326|1504871|4871|2026-09-29 02:50:00
15|88|Rancheria De Trojes|4326|1504872|4872|2026-09-29 02:50:00
15|30|Magisterial Teocalli|4326|1504873|4873|2026-09-29 02:50:00
15|12|Agua Azul|4326|1504874|4874|2026-09-29 02:50:00
15|12|Los Duraznitos|4326|1504875|4875|2026-09-29 02:50:00
15|12|Las Cruces|4326|1504876|4876|2026-09-29 02:50:00
15|12|Llano Grande|4326|1504877|4877|2026-09-29 02:50:00
15|12|El Palomar|4326|1504878|4878|2026-09-29 02:50:00
15|46|Cumbres|4326|1504879|4879|2026-09-29 02:50:00
15|119|San Lorenzo Cuauhtenco|4326|1504880|4880|2026-09-29 02:50:00
15|119|Cruz Obrera|4326|1504881|4881|2026-09-29 02:50:00
15|89|Ejercito Del Trabajo|4326|1504883|4883|2026-09-29 02:50:00
15|89|Escuela Normal De Teneria|4326|1504884|4884|2026-09-29 02:50:00
15|20|Tulipanes|4326|1504885|4885|2026-09-29 02:50:00
15|48|Manzana Cuarta Loma De Hidalgo|4326|1504886|4886|2026-09-29 02:50:00
15|48|Manzana Tercera Loma De Hidalgo|4326|1504887|4887|2026-09-29 02:50:00
15|48|Centro Loma De Hidalgo|4326|1504888|4888|2026-09-29 02:50:00
15|48|El Rincon Loma De Hidalgo|4326|1504889|4889|2026-09-29 02:50:00
15|89|Llano De Teneria|4326|1504890|4890|2026-09-29 02:50:00
15|40|Marco Antonio Sosa B|4326|1504891|4891|2026-09-29 02:50:00
15|40|Tecomatlan|4326|1504892|4892|2026-09-29 02:50:00
15|40|Teponaxtle|4326|1504893|4893|2026-09-29 02:50:00
15|6|Loma Alta|4326|1504894|4894|2026-09-29 02:50:00
15|6|Tecalco|4326|1504895|4895|2026-09-29 02:50:00
15|121|La Noria|4326|1504896|4896|2026-09-29 02:50:00
15|100|Santander|4326|1504897|4897|2026-09-29 02:50:00
15|100|Hermosillo|4326|1504898|4898|2026-09-29 02:50:00
15|100|Mexico|4326|1504899|4899|2026-09-29 02:50:00
15|5|Colinas De San Francisco|4326|1504901|4901|2026-09-29 02:50:00
15|89|La Ocotalera|4326|1504902|4902|2026-09-29 02:50:00
15|109|Villas De Loreto Ii|4326|1504903|4903|2026-09-29 02:50:00
15|100|Real Los Cedros|4326|1504904|4904|2026-09-29 02:50:00
15|36|Galaxia Huehuetoca|4326|1504905|4905|2026-09-29 02:50:00
15|99|El Carmen|4326|1504906|4906|2026-09-29 02:50:00
15|77|El Cortijo|4326|1504907|4907|2026-09-29 02:50:00
15|77|La Magdalena V|4326|1504908|4908|2026-09-29 02:50:00
15|77|Matamoros 1007|4326|1504909|4909|2026-09-29 02:50:00
15|46|Primera Manzana De Calpulalpan|4326|1504910|4910|2026-09-29 02:50:00
15|20|Ampliacion Villa De Reyes|4326|1504911|4911|2026-09-29 02:50:00
15|20|El Toloache|4326|1504912|4912|2026-09-29 02:50:00
15|56|Villas De Allende|4326|1504913|4913|2026-09-29 02:50:00
15|41|Rancho San Diego|4326|1504914|4914|2026-09-29 02:50:00
15|46|Fracc Xhisda|4326|1504915|4915|2026-09-29 02:50:00
15|46|Cuarta Manzana De Calpulalpan|4326|1504916|4916|2026-09-29 02:50:00
15|46|Tercera Manzana De Calpulalpan|4326|1504917|4917|2026-09-29 02:50:00
15|46|Segunda Manzana De Calpulalpan|4326|1504918|4918|2026-09-29 02:50:00
15|82|Punta Palermo|4326|1504919|4919|2026-09-29 02:50:00
15|46|El Deni|4326|1504920|4920|2026-09-29 02:50:00
15|74|Cuauhtemoc|4326|1504921|4921|2026-09-29 02:50:00
15|36|Valle Escondido|4326|1504922|4922|2026-09-29 02:50:00
15|107|San Lorenzo|4326|1504923|4923|2026-09-29 02:50:00
15|93|San Lucas Tepango|4326|1504925|4925|2026-09-29 02:50:00
15|93|Quinta Las Flores|4326|1504926|4926|2026-09-29 02:50:00
15|55|Casa De Agua|4326|1504927|4927|2026-09-29 02:50:00
15|55|Portofino|4326|1504928|4928|2026-09-29 02:50:00
15|55|Galarza|4326|1504929|4929|2026-09-29 02:50:00
15|100|Campos Experimentales Chapingo|4326|1504930|4930|2026-09-29 02:50:00
15|100|Campos Experimentales Chapingo|4326|1504931|4931|2026-09-29 02:50:00
15|121|Villas De Zumpango|4326|1504932|4932|2026-09-29 02:50:00
15|40|Humberto Vidal Mendoza|4326|1504933|4933|2026-09-29 02:50:00
15|24|3ra Sec Fracc Los Morales|4326|1504934|4934|2026-09-29 02:50:00
15|24|1ra Sec Fracc Los Morales|4326|1504935|4935|2026-09-29 02:50:00
15|1|Loma Alta|4326|1504936|4936|2026-09-29 02:50:00
15|20|Conjunto Rincon Colonial Coacalco|4326|1504937|4937|2026-09-29 02:50:00
15|20|Conjunto Rincon Colonial Jolalpa|4326|1504938|4938|2026-09-29 02:50:00
15|82|Los Heroes Tecamac Secc Ozumbilla|4326|1504940|4940|2026-09-29 02:50:00
15|71|Tecomatlan|4326|1504941|4941|2026-09-29 02:50:00
15|109|Angel De Luz|4326|1504942|4942|2026-09-29 02:50:00
15|100|Santiago Cuautlalpan|4326|1504943|4943|2026-09-29 02:50:00
15|100|Miguel Hidalgo|4326|1504944|4944|2026-09-29 02:50:00
15|100|Humberto Vidal Mendoza|4326|1504945|4945|2026-09-29 02:50:00
15|32|La Joya|4326|1504946|4946|2026-09-29 02:50:00
15|100|Los Pirules|4326|1504947|4947|2026-09-29 02:50:00
15|102|Los Cipreces|4326|1504948|4948|2026-09-29 02:50:00
15|102|Las Granjas|4326|1504949|4949|2026-09-29 02:50:00
15|20|Villas De Coacalco|4326|1504950|4950|2026-09-29 02:50:00
15|100|Los Alcatraces|4326|1504951|4951|2026-09-29 02:50:00
15|98|Texcaltitlan|4326|1504952|4952|2026-09-29 02:50:00
15|46|Camino Real|4326|1504953|4953|2026-09-29 02:50:00
15|82|La Esperanza|4326|1504954|4954|2026-09-29 02:50:00
15|46|El Campanario|4326|1504955|4955|2026-09-29 02:50:00
15|75|San Juan Jalpa|4326|1504956|4956|2026-09-29 02:50:00
15|63|Tepexoyuca|4326|1504958|4958|2026-09-29 02:50:00
15|63|Loma Bonita|4326|1504959|4959|2026-09-29 02:50:00
15|63|Loma De Los Esquiveles|4326|1504960|4960|2026-09-29 02:50:00
15|100|Ampl Victor Puebla|4326|1504961|4961|2026-09-29 02:50:00
15|21|Segunda De Zacanguillo|4326|1504962|4962|2026-09-29 02:50:00
15|21|Primera De Santa Ana|4326|1504963|4963|2026-09-29 02:50:00
15|4|Quinta Manzana|4326|1504964|4964|2026-09-29 02:50:00
15|107|Santa Ana|4326|1504965|4965|2026-09-29 02:50:00
15|107|Real Los Angeles|4326|1504966|4966|2026-09-29 02:50:00
15|107|La Presa|4326|1504967|4967|2026-09-29 02:50:00
15|107|La Tejas|4326|1504968|4968|2026-09-29 02:50:00
15|107|Hacienda La Machincuepa|4326|1504969|4969|2026-09-29 02:50:00
15|93|Ejido San Lorenzo|4326|1504970|4970|2026-09-29 02:50:00
15|93|Ejido De Evangelista|4326|1504971|4971|2026-09-29 02:50:00
15|109|San Pablo Ctm|4326|1504972|4972|2026-09-29 02:50:00
15|109|Tultepec|4326|1504973|4973|2026-09-29 02:50:00
15|20|Lomas Cerro De San Felipe|4326|1504974|4974|2026-09-29 02:50:00
15|59|Prados San Francisco|4326|1504975|4975|2026-09-29 02:50:00
15|20|Lilas|4326|1504976|4976|2026-09-29 02:50:00
15|119|La Esperanza|4326|1504977|4977|2026-09-29 02:50:00
15|73|Sin Nombre|4326|1504978|4978|2026-09-29 02:50:00
15|55|Villas Ballester|4326|1504979|4979|2026-09-29 02:50:00
15|55|La Escondida|4326|1504980|4980|2026-09-29 02:50:00
15|55|La Joya|4326|1504981|4981|2026-09-29 02:50:00
15|36|Paseos Del Prado|4326|1504982|4982|2026-09-29 02:50:00
15|111|Colorines|4326|1504983|4983|2026-09-29 02:50:00
15|5|Ing Armando Bernal|4326|1504984|4984|2026-09-29 02:50:00
15|77|Herencias|4326|1504985|4985|2026-09-29 02:50:00
15|77|Premier|4326|1504986|4986|2026-09-29 02:50:00
15|18|Los Tulipanes Ii|4326|1504987|4987|2026-09-29 02:50:00
15|121|Urbano Las Plazas|4326|1504988|4988|2026-09-29 02:50:00
15|77|Verona|4326|1504989|4989|2026-09-29 02:50:00
15|107|Agua Viva|4326|1504990|4990|2026-09-29 02:50:00
15|20|Rinconada Bulevares|4326|1504991|4991|2026-09-29 02:50:00
15|82|Real Toscana|4326|1504992|4992|2026-09-29 02:50:00
15|118|Zacualpan|4326|1504993|4993|2026-09-29 02:50:00
15|40|Paseos De Coatepec|4326|1504994|4994|2026-09-29 02:50:00
15|40|Valle De Coatepec|4326|1504995|4995|2026-09-29 02:50:00
15|82|Los Heroes Tecamac Seccion 6|4326|1504996|4996|2026-09-29 02:50:00
15|121|Jardines De Castalias|4326|1504997|4997|2026-09-29 02:50:00
15|34|Mathzi Ii|4326|1504998|4998|2026-09-29 02:50:00
15|20|Privada Mediterraneo Ii|4326|1504999|4999|2026-09-29 02:50:00
15|121|Jardines Del Lago|4326|1505000|5000|2026-09-29 02:50:00
15|5|Rancheria De San Diego|4326|1505001|5001|2026-09-29 02:50:00
15|55|Gmr|4326|1505002|5002|2026-09-29 02:50:00
15|55|Villas San Angelin|4326|1505003|5003|2026-09-29 02:50:00
15|20|Mexiquense|4326|1505004|5004|2026-09-29 02:50:00
15|77|Cantera Mil3|4326|1505005|5005|2026-09-29 02:50:00
15|107|Villas Toscana Iii|4326|1505006|5006|2026-09-29 02:50:00
15|107|Las Misiones Ii|4326|1505007|5007|2026-09-29 02:50:00
15|24|Villas Xaltipa|4326|1505008|5008|2026-09-29 02:50:00
15|40|Loma Del Rayo|4326|1505009|5009|2026-09-29 02:50:00
15|40|La Venta|4326|1505013|5013|2026-09-29 02:50:00
15|40|Hacienda Las Palmas Ii|4326|1505014|5014|2026-09-29 02:50:00
15|119|Idilica Serraton|4326|1505015|5015|2026-09-29 02:50:00
15|100|Santa Teresita|4326|1505016|5016|2026-09-29 02:50:00
15|89|Villas Del Salto|4326|1505017|5017|2026-09-29 02:50:00
15|20|Rincon De Las Fuentes|4326|1505018|5018|2026-09-29 02:50:00
15|2|Ejidal San Marcos|4326|1505019|5019|2026-09-29 02:50:00
15|100|Residencial Los Espejos|4326|1505020|5020|2026-09-29 02:50:00
15|28|El Encanto|4326|1505021|5021|2026-09-29 02:50:00
15|40|Lomas De Ixtapaluca|4326|1505022|5022|2026-09-29 02:50:00
15|40|Geovillas De San Jacinto|4326|1505023|5023|2026-09-29 02:50:00
15|20|Santa Cruz|4326|1505024|5024|2026-09-29 02:50:00
15|16|Conaza|4326|1505025|5025|2026-09-29 02:50:00
15|20|Porto Bello|4326|1505026|5026|2026-09-29 02:50:00
15|68|Desarrollo Florida|4326|1505027|5027|2026-09-29 02:50:00
15|40|1 De Mayo|4326|1505028|5028|2026-09-29 02:50:00
15|18|Tulipanes I|4326|1505029|5029|2026-09-29 02:50:00
15|66|Los Remedios|4326|1505030|5030|2026-09-29 02:50:00
15|26|Villas Terra Ii|4326|1505031|5031|2026-09-29 02:50:00
15|24|Parque San Mateo|4326|1505032|5032|2026-09-29 02:50:00
15|119|Cerro Del Murcielago|4326|1505034|5034|2026-09-29 02:50:00
15|20|Zer-k|4326|1505035|5035|2026-09-29 02:50:00
15|20|San Francisco|4326|1505036|5036|2026-09-29 02:50:00
15|20|Geranios|4326|1505037|5037|2026-09-29 02:50:00
15|2|Privadas De Santa Catarina|4326|1505038|5038|2026-09-29 02:50:00
15|20|Residenza Privadas|4326|1505039|5039|2026-09-29 02:50:00
15|100|Bosques La Trinidad|4326|1505040|5040|2026-09-29 02:50:00
15|1|Pueblo Nuevo Barrio Ii|4326|1505041|5041|2026-09-29 02:50:00
15|107|Paseo Gardenias|4326|1505042|5042|2026-09-29 02:50:00
15|107|Paseo Camelias|4326|1505043|5043|2026-09-29 02:50:00
15|107|Paseo Tulipanes|4326|1505044|5044|2026-09-29 02:50:00
15|107|Paseo Jazmines|4326|1505045|5045|2026-09-29 02:50:00
15|89|La Barranca|4326|1505046|5046|2026-09-29 02:50:00
15|89|Nueva San Pedrito|4326|1505047|5047|2026-09-29 02:50:00
15|55|El Durazno|4326|1505048|5048|2026-09-29 02:50:00
15|55|Vista Real|4326|1505049|5049|2026-09-29 02:50:00
15|55|Bellavista Ii|4326|1505050|5050|2026-09-29 02:50:00
15|55|Bellavista I|4326|1505051|5051|2026-09-29 02:50:00
15|55|Dos Rios|4326|1505052|5052|2026-09-29 02:50:00
15|61|Lago Residencial|4326|1505053|5053|2026-09-29 02:50:00
15|107|Maria Bonita 3|4326|1505054|5054|2026-09-29 02:50:00
15|107|Villas De Paricutin|4326|1505055|5055|2026-09-29 02:50:00
15|20|Quinta Bulevares|4326|1505056|5056|2026-09-29 02:50:00
15|61|San Jose|4326|1505057|5057|2026-09-29 02:50:00
15|48|Primera Santa Cruz Tepexpan|4326|1505058|5058|2026-09-29 02:50:00
15|122|La Antorcha|4326|1505059|5059|2026-09-29 02:50:00
15|48|Tercera Santa Cruz Tepexpan|4326|1505060|5060|2026-09-29 02:50:00
15|122|Poder Popular|4326|1505061|5061|2026-09-29 02:50:00
15|55|Sauces|4326|1505062|5062|2026-09-29 02:50:00
15|77|Rinconada San Carlos|4326|1505063|5063|2026-09-29 02:50:00
15|77|Alborada 2|4326|1505064|5064|2026-09-29 02:50:00
15|119|Paseo De Los Sauces|4326|1505065|5065|2026-09-29 02:50:00
15|91|Colonia Azteca|4326|1505066|5066|2026-09-29 02:50:00
15|107|Tecaxic|4326|1505067|5067|2026-09-29 02:50:00
15|33|San Agustin De Las Palmas|4326|1505068|5068|2026-09-29 02:50:00
15|26|Villas Terra I|4326|1505070|5070|2026-09-29 02:50:00
15|27|La Loma|4326|1505071|5071|2026-09-29 02:50:00
15|27|El Cerrito|4326|1505072|5072|2026-09-29 02:50:00
15|27|La Laguna|4326|1505073|5073|2026-09-29 02:50:00
15|119|Idilica Reserva Serraton|4326|1505074|5074|2026-09-29 02:50:00
15|119|San Valentin|4326|1505075|5075|2026-09-29 02:50:00
15|20|Conjunto Allende Ii|4326|1505077|5077|2026-09-29 02:50:00
15|20|Bosques De Lomas De Coacalco|4326|1505078|5078|2026-09-29 02:50:00
15|20|El Convento|4326|1505079|5079|2026-09-29 02:50:00
15|107|Villas Fontana I|4326|1505080|5080|2026-09-29 02:50:00
15|107|Vimato|4326|1505081|5081|2026-09-29 02:50:00
15|107|Villas Independencia|4326|1505082|5082|2026-09-29 02:50:00
15|107|Vindeza|4326|1505083|5083|2026-09-29 02:50:00
15|107|Villas Nevado|4326|1505084|5084|2026-09-29 02:50:00
15|107|Villas Ajusco|4326|1505085|5085|2026-09-29 02:50:00
15|82|Santa Maria Ajoloapan|4326|1505086|5086|2026-09-29 02:50:00
15|40|Linderos De Ixtapaluca|4326|1505087|5087|2026-09-29 02:50:00
15|40|Juan Antonio Soberanes|4326|1505088|5088|2026-09-29 02:50:00
15|56|Tulipanes|4326|1505089|5089|2026-09-29 02:50:00
15|40|Rosa De San Francisco|4326|1505090|5090|2026-09-29 02:50:00
15|40|El Mirador|4326|1505091|5091|2026-09-29 02:50:00
15|30|Loma San Pedro|4326|1505092|5092|2026-09-29 02:50:00
15|103|Segunda Manzana De Barrio Hidalgo|4326|1505093|5093|2026-09-29 02:50:00
15|82|Paraiso|4326|1505094|5094|2026-09-29 02:50:00
15|82|Heroes San Pablo|4326|1505095|5095|2026-09-29 02:50:00
15|33|Cabecera De Indigenas Segundo Cuartel|4326|1505096|5096|2026-09-29 02:50:00
15|40|Jardines De Coatepec|4326|1505099|5099|2026-09-29 02:50:00
15|40|Xochitenco|4326|1505100|5100|2026-09-29 02:50:00
15|12|Conjunto Habitacional Santa Cruz|4326|1505101|5101|2026-09-29 02:50:00
15|12|Residencial Santa Cruz|4326|1505102|5102|2026-09-29 02:50:00
15|55|Bakeira|4326|1505103|5103|2026-09-29 02:50:00
15|55|Condado Del Valle|4326|1505104|5104|2026-09-29 02:50:00
15|93|Hacienda Cadena|4326|1505106|5106|2026-09-29 02:50:00
15|40|Vergel De Guadalupe|4326|1505107|5107|2026-09-29 02:50:00
15|40|Rancho San Jose|4326|1505108|5108|2026-09-29 02:50:00
15|61|Pedro Sanchez Camacho|4326|1505109|5109|2026-09-29 02:50:00
15|40|Ampl Luis Cordova Reyes|4326|1505110|5110|2026-09-29 02:50:00
15|40|Rey Izcoatl 2da Seccion|4326|1505111|5111|2026-09-29 02:50:00
15|46|Las Acacias|4326|1505112|5112|2026-09-29 02:50:00
15|46|Los Olivos|4326|1505113|5113|2026-09-29 02:50:00
15|46|Los Pinos|4326|1505114|5114|2026-09-29 02:50:00
15|89|Ixcuinapan|4326|1505115|5115|2026-09-29 02:50:00
15|55|Coronado|4326|1505116|5116|2026-09-29 02:50:00
15|93|San Pedro|4326|1505117|5117|2026-09-29 02:50:00
15|93|Acatitla|4326|1505118|5118|2026-09-29 02:50:00
15|93|Colatitla|4326|1505119|5119|2026-09-29 02:50:00
15|93|Huepalco|4326|1505120|5120|2026-09-29 02:50:00
15|1|Centro|4326|1505123|5123|2026-09-29 02:50:00
15|1|El Roble|4326|1505124|5124|2026-09-29 02:50:00
15|1|La Joya|4326|1505125|5125|2026-09-29 02:50:00
15|1|La Loma|4326|1505126|5126|2026-09-29 02:50:00
15|1|El Pedregal|4326|1505127|5127|2026-09-29 02:50:00
15|1|Jacarandas|4326|1505128|5128|2026-09-29 02:50:00
15|1|Sauces|4326|1505129|5129|2026-09-29 02:50:00
15|1|El Fresno|4326|1505130|5130|2026-09-29 02:50:00
15|100|De San Simon|4326|1505131|5131|2026-09-29 02:50:00
15|55|Quintas Las Jacarandas|4326|1505132|5132|2026-09-29 02:50:00
15|55|La Encomienda|4326|1505133|5133|2026-09-29 02:50:00
15|55|Villas Capricho|4326|1505134|5134|2026-09-29 02:50:00
15|55|Bicentenario|4326|1505135|5135|2026-09-29 02:50:00
15|55|Real Del  Parque|4326|1505136|5136|2026-09-29 02:50:00
15|20|Bosques De Lomas De Coacalco|4326|1505138|5138|2026-09-29 02:50:00
15|55|Bosques Del Bicentenario|4326|1505139|5139|2026-09-29 02:50:00
15|55|Quintas Del Bosque|4326|1505140|5140|2026-09-29 02:50:00
15|10|23 De Noviembre|4326|1505141|5141|2026-09-29 02:50:00
15|20|Los Portales I|4326|1505142|5142|2026-09-29 02:50:00
15|20|Conjunto Allende|4326|1505143|5143|2026-09-29 02:50:00
15|33|San Antonio Hidalgo|4326|1505144|5144|2026-09-29 02:50:00
15|119|San Antonio Acahualco|4326|1505145|5145|2026-09-29 02:50:00
15|121|Pueblo Nuevo De Los Morelos|4326|1505146|5146|2026-09-29 02:50:00
15|55|Quinta Real|4326|1505148|5148|2026-09-29 02:50:00
15|20|Cosmopol Lifestyle|4326|1505149|5149|2026-09-29 02:50:00
15|91|Paraiso 1ra Seccion|4326|1505150|5150|2026-09-29 02:50:00
15|88|Loma Alta|4326|1505151|5151|2026-09-29 02:50:00
15|5|La Lima|4326|1505152|5152|2026-09-29 02:50:00
15|5|Dilatada Sur|4326|1505153|5153|2026-09-29 02:50:00
15|2|San Miguel Totolcingo|4326|1505154|5154|2026-09-29 02:50:00
15|2|Anahuac 1a Seccion|4326|1505155|5155|2026-09-29 02:50:00
15|2|Las Cazuelas|4326|1505156|5156|2026-09-29 02:50:00
15|89|Zepayautla|4326|1505157|5157|2026-09-29 02:50:00
15|102|Tianguistenco De Galeana|4326|1505158|5158|2026-09-29 02:50:00
15|107|Conj U Pradera Del Valle - Conj U Galaxia Toluca|4326|1505159|5159|2026-09-29 02:50:00
15|68|Villa Seca|4326|1505160|5160|2026-09-29 02:50:00
15|88|Llano De La Y|4326|1505161|5161|2026-09-29 02:50:00
15|107|San Diego De Los P Secc 5-b|4326|1505162|5162|2026-09-29 02:50:00
15|107|Secc 7 Sn A Cuexcontitlan|4326|1505163|5163|2026-09-29 02:50:00
15|107|San J Buenavista El Chico|4326|1505164|5164|2026-09-29 02:50:00
15|107|San Diego Linares|4326|1505165|5165|2026-09-29 02:50:00
15|68|Guadalupe Victoria|4326|1505166|5166|2026-09-29 02:50:00
15|68|La Y|4326|1505167|5167|2026-09-29 02:50:00
15|88|San Antonio Del Puente|4326|1505168|5168|2026-09-29 02:50:00
15|88|Lomas Del Progreso|4326|1505169|5169|2026-09-29 02:50:00
15|107|Jicaltepec Cuex Secc 6|4326|1505170|5170|2026-09-29 02:50:00
15|107|Jicaltepec Autopan|4326|1505171|5171|2026-09-29 02:50:00
15|68|Secc 7 San Andres Cuexcontitlan|4326|1505172|5172|2026-09-29 02:50:00
15|40|Manuel Serrano Vallejo|4326|1505173|5173|2026-09-29 02:50:00
15|85|Alvaro Obregon|4326|1505174|5174|2026-09-29 02:50:00
15|2|El Pastal|4326|1505175|5175|2026-09-29 02:50:00
15|2|El Calvario|4326|1505176|5176|2026-09-29 02:50:00
15|2|Ejido De Santa Catarina Y Tenango|4326|1505177|5177|2026-09-29 02:50:00
15|5|Palos Amarillos|4326|1505178|5178|2026-09-29 02:50:00
15|2|Las Huertas|4326|1505179|5179|2026-09-29 02:50:00
15|88|Rancheria Las Lomas|4326|1505180|5180|2026-09-29 02:50:00
15|88|Cerrito De Panal|4326|1505181|5181|2026-09-29 02:50:00
15|88|San Jose Pathe|4326|1505182|5182|2026-09-29 02:50:00
15|20|Terzetto Privada|4326|1505183|5183|2026-09-29 02:50:00
15|55|Oyameles I|4326|1505184|5184|2026-09-29 02:50:00
15|55|Quinta Los Robles|4326|1505185|5185|2026-09-29 02:50:00
15|55|Genova|4326|1505186|5186|2026-09-29 02:50:00
15|55|Santa Cecilia|4326|1505187|5187|2026-09-29 02:50:00
15|125|Villas De Tonanitla|4326|1505188|5188|2026-09-29 02:50:00
15|116|Villas Del Bosque|4326|1505190|5190|2026-09-29 02:50:00
15|89|El Salitre|4326|1505191|5191|2026-09-29 02:50:00
15|120|San Isidro|4326|1505192|5192|2026-09-29 02:50:00
15|122|Guadalupana Ii Seccion|4326|1505193|5193|2026-09-29 02:50:00
15|55|Terralta|4326|1505194|5194|2026-09-29 02:50:00
15|55|Quintas Sauces|4326|1505195|5195|2026-09-29 02:50:00
15|55|Jardines Bellavista|4326|1505196|5196|2026-09-29 02:50:00
15|55|Ibiza|4326|1505197|5197|2026-09-29 02:50:00
15|55|Agata|4326|1505198|5198|2026-09-29 02:50:00
15|20|Residenza Privadas Ii|4326|1505199|5199|2026-09-29 02:50:00
15|93|Residencial Camino Real|4326|1505200|5200|2026-09-29 02:50:00
15|20|Ex- Hacienda San Felipe|4326|1505201|5201|2026-09-29 02:50:00
15|20|Ex- Hacienda San Felipe|4326|1505202|5202|2026-09-29 02:50:00
15|2|Quinta Las Flores|4326|1505203|5203|2026-09-29 02:50:00
15|76|Residencial Valle De Teotihuacan|4326|1505204|5204|2026-09-29 02:50:00
15|76|Las Mariposas|4326|1505205|5205|2026-09-29 02:50:00
15|55|Madeira Metepec|4326|1505206|5206|2026-09-29 02:50:00
15|55|El Escorial|4326|1505207|5207|2026-09-29 02:50:00
15|43|Fracc Los Reyes|4326|1505208|5208|2026-09-29 02:50:00
15|5|El Jacal De Buenavista|4326|1505209|5209|2026-09-29 02:50:00
15|61|22 De Febrero|4326|1505210|5210|2026-09-29 02:50:00
15|100|Campos Experimentales U A Chapingo|4326|1505211|5211|2026-09-29 02:50:00
15|107|San Nicolas Tolentino|4326|1505212|5212|2026-09-29 02:50:00
15|52|Rancho La Bomba|4326|1505213|5213|2026-09-29 02:50:00
15|26|San Miguel Jacalones Ii|4326|1505214|5214|2026-09-29 02:50:00
15|27|Las Huertas|4326|1505215|5215|2026-09-29 02:50:00
15|27|El Canutillo|4326|1505216|5216|2026-09-29 02:50:00
15|27|Pathe|4326|1505217|5217|2026-09-29 02:50:00
15|27|Heroes|4326|1505218|5218|2026-09-29 02:50:00
15|27|Centro|4326|1505219|5219|2026-09-29 02:50:00
15|27|Mexico Chiquito|4326|1505220|5220|2026-09-29 02:50:00
15|27|Primero Seccion Los Pinos|4326|1505221|5221|2026-09-29 02:50:00
15|27|Primero Seccion El Estanco|4326|1505222|5222|2026-09-29 02:50:00
15|27|Segundo Seccion La Capilla|4326|1505223|5223|2026-09-29 02:50:00
15|27|Segundo Seccion El Cielito|4326|1505224|5224|2026-09-29 02:50:00
15|27|Segundo Seccion Camposanto|4326|1505225|5225|2026-09-29 02:50:00
15|27|La Ca?ada|4326|1505226|5226|2026-09-29 02:50:00
15|27|El Coyote|4326|1505227|5227|2026-09-29 02:50:00
15|27|Dos Postes|4326|1505228|5228|2026-09-29 02:50:00
15|27|La Mora|4326|1505229|5229|2026-09-29 02:50:00
15|27|La Cruz|4326|1505230|5230|2026-09-29 02:50:00
15|27|Xhijay|4326|1505231|5231|2026-09-29 02:50:00
15|27|La Cruz Del Danzante|4326|1505232|5232|2026-09-29 02:50:00
15|59|Paseos Del Valle|4326|1505233|5233|2026-09-29 02:50:00
15|59|Paseos Del Valle B|4326|1505234|5234|2026-09-29 02:50:00
15|27|Segundo Seccion El Monte|4326|1505235|5235|2026-09-29 02:50:00
15|27|San Antonio|4326|1505236|5236|2026-09-29 02:50:00
15|27|El Rincon|4326|1505237|5237|2026-09-29 02:50:00
15|36|Santa Teresa V|4326|1505238|5238|2026-09-29 02:50:00
15|91|Quinta Santa Monica|4326|1505239|5239|2026-09-29 02:50:00
15|5|La Soledad|4326|1505240|5240|2026-09-29 02:50:00
15|91|La Tabla I|4326|1505241|5241|2026-09-29 02:50:00
15|91|El Sauco|4326|1505242|5242|2026-09-29 02:50:00
15|32|Corte Xolohuango - Escalerillas|4326|1505243|5243|2026-09-29 02:50:00
15|32|Loma Lapalma|4326|1505244|5244|2026-09-29 02:50:00
15|5|Ocoyotepec|4326|1505247|5247|2026-09-29 02:50:00
15|5|Plan Barrio De Ocoyotepec|4326|1505248|5248|2026-09-29 02:50:00
15|5|La Union De Ocoyotepec|4326|1505249|5249|2026-09-29 02:50:00
15|77|Concepto 10|4326|1505250|5250|2026-09-29 02:50:00
15|77|Premier I|4326|1505251|5251|2026-09-29 02:50:00
15|77|Casa Magna|4326|1505252|5252|2026-09-29 02:50:00
15|5|Colinas Del Sol|4326|1505253|5253|2026-09-29 02:50:00
15|26|U Hab Los Heroes Chalco Iii|4326|1505254|5254|2026-09-29 02:50:00
15|21|Segunda De Santa Ana|4326|1505255|5255|2026-09-29 02:50:00
15|5|San Antonio Atotonilco|4326|1505258|5258|2026-09-29 02:50:00
15|5|San Agustin Las Tablas|4326|1505259|5259|2026-09-29 02:50:00
15|88|Ejido De Mimbres|4326|1505260|5260|2026-09-29 02:50:00
15|77|Housing Chapultepec|4326|1505261|5261|2026-09-29 02:50:00
15|77|Hacienda El Dorado I|4326|1505262|5262|2026-09-29 02:50:00
15|77|Hacienda El Dorado Ii|4326|1505263|5263|2026-09-29 02:50:00
15|77|Villas La Magdalena Iv|4326|1505264|5264|2026-09-29 02:50:00
15|77|Quinta Mariana|4326|1505265|5265|2026-09-29 02:50:00
15|77|Grafito I|4326|1505266|5266|2026-09-29 02:50:00
15|77|El Fortin|4326|1505267|5267|2026-09-29 02:50:00
15|77|Espacio I|4326|1505268|5268|2026-09-29 02:50:00
15|77|400 Uno|4326|1505269|5269|2026-09-29 02:50:00
15|77|Hacienda Real Ii|4326|1505270|5270|2026-09-29 02:50:00
15|77|Real I|4326|1505271|5271|2026-09-29 02:50:00
15|77|Fenix Ii|4326|1505272|5272|2026-09-29 02:50:00
15|77|Tezontle Ii|4326|1505273|5273|2026-09-29 02:50:00
15|77|Fenix Iv|4326|1505274|5274|2026-09-29 02:50:00
15|121|Jardines De Magnolias I|4326|1505275|5275|2026-09-29 02:50:00
15|34|Residencial San Antonio|4326|1505277|5277|2026-09-29 02:50:00
15|20|Quintas Coacalco|4326|1505278|5278|2026-09-29 02:50:00
15|34|Habitacional Ecatepec Centro|4326|1505279|5279|2026-09-29 02:50:00
15|52|Colonia N Dexi Huitzizilapan|4326|1505280|5280|2026-09-29 02:50:00
15|119|Conjunto Urbano Habitacional Sandara Residencial|4326|1505281|5281|2026-09-29 02:50:00
15|45|Privadas Del Sol|4326|1505282|5282|2026-09-29 02:50:00
15|100|Floresta Texcoco|4326|1505283|5283|2026-09-29 02:50:00
15|100|Chapingo|4326|1505284|5284|2026-09-29 02:50:00
15|77|Alborada Iii|4326|1505285|5285|2026-09-29 02:50:00
15|77|Velavid|4326|1505286|5286|2026-09-29 02:50:00
15|77|Villas Vista Verde|4326|1505287|5287|2026-09-29 02:50:00
15|77|Quinta Regina|4326|1505288|5288|2026-09-29 02:50:00
15|77|Cipres I|4326|1505289|5289|2026-09-29 02:50:00
15|77|Grafito Ii|4326|1505290|5290|2026-09-29 02:50:00
15|77|Santa Maria Ii|4326|1505291|5291|2026-09-29 02:50:00
15|77|Santa Maria I|4326|1505292|5292|2026-09-29 02:50:00
15|77|Vitalia|4326|1505293|5293|2026-09-29 02:50:00
15|77|Fenix|4326|1505294|5294|2026-09-29 02:50:00
15|77|Tezontle I|4326|1505295|5295|2026-09-29 02:50:00
15|77|Fenix Iii|4326|1505296|5296|2026-09-29 02:50:00
15|41|Ixtapan De La Sal|4326|1505297|5297|2026-09-29 02:50:00
15|114|El Potrero|4326|1505298|5298|2026-09-29 02:50:00
15|21|Primera De Zacanguillo|4326|1505299|5299|2026-09-29 02:50:00
15|5|Loma De La Tinaja|4326|1505300|5300|2026-09-29 02:50:00
15|5|Laguna De Tabernillas|4326|1505301|5301|2026-09-29 02:50:00
15|34|10 De Junio|4326|1505302|5302|2026-09-29 02:50:00
15|121|Paseos De La Laguna|4326|1505303|5303|2026-09-29 02:50:00
15|112|San Isidro|4326|1505304|5304|2026-09-29 02:50:00
15|59|Jardines De Santa Ines|4326|1505305|5305|2026-09-29 02:50:00
15|26|Villas De Laurel|4326|1505306|5306|2026-09-29 02:50:00
15|18|Lomas Virreyes|4326|1505307|5307|2026-09-29 02:50:00
15|56|San Isidro|4326|1505308|5308|2026-09-29 02:50:00
15|18|Las Arboledas|4326|1505309|5309|2026-09-29 02:50:00
15|56|Atzcapozalco - El Calvario|4326|1505310|5310|2026-09-29 02:50:00
15|55|San Bartolome Tlaltelulco|4326|1505311|5311|2026-09-29 02:50:00
15|18|Santa Maria Nativitas (tarimoro)|4326|1505312|5312|2026-09-29 02:50:00
15|55|San Carlos|4326|1505313|5313|2026-09-29 02:50:00
15|55|Infonavit San Gabriel|4326|1505314|5314|2026-09-29 02:50:00
15|5|San Cristobal|4326|1505315|5315|2026-09-29 02:50:00
15|5|Ejido San Diego|4326|1505316|5316|2026-09-29 02:50:00
15|55|Casa Blanca|4326|1505317|5317|2026-09-29 02:50:00
15|55|Alondra|4326|1505318|5318|2026-09-29 02:50:00
15|55|San Patricio|4326|1505319|5319|2026-09-29 02:50:00
15|34|Residencial Laureles Ii|4326|1505321|5321|2026-09-29 02:50:00
15|34|Residencial Laureles|4326|1505322|5322|2026-09-29 02:50:00
15|34|Privadas Ecatepec I|4326|1505323|5323|2026-09-29 02:50:00
15|34|El Progreso Guadalupe Victoria|4326|1505324|5324|2026-09-29 02:50:00
15|100|Arboledas - Dr Ortiz Tirado|4326|1505325|5325|2026-09-29 02:50:00
15|21|Primera De Analco|4326|1505326|5326|2026-09-29 02:50:00
15|21|Primera De San Miguel|4326|1505327|5327|2026-09-29 02:50:00
15|109|Tlalmiminolpan|4326|1505328|5328|2026-09-29 02:50:00
15|109|Jajalpa|4326|1505329|5329|2026-09-29 02:50:00
15|57|San Sebastian Buenos Aires|4326|1505330|5330|2026-09-29 02:50:00
15|34|El Capulin Ii|4326|1505332|5332|2026-09-29 02:50:00
15|34|El Capulin Iii|4326|1505333|5333|2026-09-29 02:50:00
15|34|El Capulin Iv|4326|1505334|5334|2026-09-29 02:50:00
15|107|La Antorcha|4326|1505335|5335|2026-09-29 02:50:00
15|5|Barrio La Cabecera 2a Seccin|4326|1505336|5336|2026-09-29 02:50:00
15|34|Camino Nacional|4326|1505337|5337|2026-09-29 02:50:00
15|34|Bonito Las Flores|4326|1505338|5338|2026-09-29 02:50:00
15|5|Rincon Del Alamo|4326|1505339|5339|2026-09-29 02:50:00
15|88|La Ca?ada|4326|1505341|5341|2026-09-29 02:50:00
15|107|Monte Alban|4326|1505342|5342|2026-09-29 02:50:00
15|107|Palmillas|4326|1505343|5343|2026-09-29 02:50:00
15|107|Santa Cruz Atzcapotzaltongo|4326|1505344|5344|2026-09-29 02:50:00
15|107|La Palma|4326|1505345|5345|2026-09-29 02:50:00
15|107|Zimbrones|4326|1505346|5346|2026-09-29 02:50:00
15|107|San Martin Toltepec|4326|1505347|5347|2026-09-29 02:50:00
15|107|Villas Los Angeles|4326|1505348|5348|2026-09-29 02:50:00
15|107|Villas Del Parque|4326|1505349|5349|2026-09-29 02:50:00
15|107|De San Lorenzo Tepaltitlan|4326|1505350|5350|2026-09-29 02:50:00
15|107|Conj U San Diego|4326|1505351|5351|2026-09-29 02:50:00
15|20|El Obraje|4326|1505352|5352|2026-09-29 02:50:00
15|20|Ximilpa|4326|1505353|5353|2026-09-29 02:50:00
15|108|Horizontal Papalotepec|4326|1505354|5354|2026-09-29 02:50:00
15|108|Tonatico|4326|1505355|5355|2026-09-29 02:50:00
15|20|Ex Rancho San Felipe|4326|1505356|5356|2026-09-29 02:50:00
15|108|La Comunidad|4326|1505357|5357|2026-09-29 02:50:00
15|108|San Sebastian|4326|1505358|5358|2026-09-29 02:50:00
15|5|Loma De San Francisco|4326|1505361|5361|2026-09-29 02:50:00
15|88|San Jose Comalco|4326|1505362|5362|2026-09-29 02:50:00
15|82|Real Vizcaya|4326|1505363|5363|2026-09-29 02:50:00
15|88|Taborda|4326|1505364|5364|2026-09-29 02:50:00
15|122|Seccion Manuel Serrano En La Col Cerro Del Marques|4326|1505367|5367|2026-09-29 02:50:00
15|122|Unidad Habitacional Ex Hacienda Xico Ii|4326|1505368|5368|2026-09-29 02:50:00
15|122|Unidad Habitacional Ex Hacienda Xico I|4326|1505369|5369|2026-09-29 02:50:00
15|122|Seccion Vitalico Silva En La Col Cerro Del Marques|4326|1505370|5370|2026-09-29 02:50:00
15|63|El Portezuelo|4326|1505373|5373|2026-09-29 02:50:00
15|40|Arboledas|4326|1505374|5374|2026-09-29 02:50:00
15|40|Las Minas|4326|1505375|5375|2026-09-29 02:50:00
15|40|Ejidos De Jesus Maria|4326|1505376|5376|2026-09-29 02:50:00
15|88|San Lorencito|4326|1505377|5377|2026-09-29 02:50:00
15|88|San Pedro Arriba Sexta Seccion|4326|1505378|5378|2026-09-29 02:50:00
15|1|Tixmadeje Chiquito|4326|1505379|5379|2026-09-29 02:50:00
15|1|La Soledad|4326|1505380|5380|2026-09-29 02:50:00
15|20|Granjas De San Cristobal|4326|1505381|5381|2026-09-29 02:50:00
15|20|La Vista Coacalco|4326|1505382|5382|2026-09-29 02:50:00
15|82|Bosques De Los Heroes|4326|1505383|5383|2026-09-29 02:50:00
15|81|Capula|4326|1505384|5384|2026-09-29 02:50:00
15|102|El Buen Suceso|4326|1505385|5385|2026-09-29 02:50:00
15|82|Real Carrara|4326|1505386|5386|2026-09-29 02:50:00
15|93|El Mirador|4326|1505387|5387|2026-09-29 02:50:00
15|93|Nueva Teotihuacan|4326|1505388|5388|2026-09-29 02:50:00
15|44|Santa Fe|4326|1505389|5389|2026-09-29 02:50:00
15|30|Loma De Guadalupe|4326|1505390|5390|2026-09-29 02:50:00
15|2|Paraje Santa Cruz|4326|1505391|5391|2026-09-29 02:50:00
15|1|El Potrero|4326|1505392|5392|2026-09-29 02:50:00
15|1|Centro Seccion Ii|4326|1505393|5393|2026-09-29 02:50:00
15|1|Centro Seccion I|4326|1505394|5394|2026-09-29 02:50:00
15|1|La Noria|4326|1505395|5395|2026-09-29 02:50:00
15|1|Llano Largo|4326|1505396|5396|2026-09-29 02:50:00
15|1|Piedra Larga|4326|1505397|5397|2026-09-29 02:50:00
15|1|La Laguna|4326|1505398|5398|2026-09-29 02:50:00
15|1|Deshpe|4326|1505399|5399|2026-09-29 02:50:00
15|1|San Pedro De Los Metates|4326|1505400|5400|2026-09-29 02:50:00
15|82|Bosques De Las Lomas 1ra Secc - Lomas De Tecmac|4326|1505401|5401|2026-09-29 02:50:00
15|16|Francisco I Madero|4326|1505402|5402|2026-09-29 02:50:00
15|82|Cuanalan|4326|1505403|5403|2026-09-29 02:50:00
15|82|Montecarlo|4326|1505408|5408|2026-09-29 02:50:00
15|75|Santa Cruz Mextepec|4326|1505410|5410|2026-09-29 02:50:00
15|82|Independencia|4326|1505411|5411|2026-09-29 02:50:00
15|20|Las Garzas|4326|1505412|5412|2026-09-29 02:50:00
15|55|Los Santos|4326|1505413|5413|2026-09-29 02:50:00
15|30|Lomas De Chicoloapan|4326|1505415|5415|2026-09-29 02:50:00
15|20|Potrero Popular|4326|1505416|5416|2026-09-29 02:50:00
15|121|El Bosque|4326|1505417|5417|2026-09-29 02:50:00
15|107|San Rafael|4326|1505419|5419|2026-09-29 02:50:00
15|107|Galaxia San Lorenzo|4326|1505420|5420|2026-09-29 02:50:00
15|107|La Magdalena|4326|1505421|5421|2026-09-29 02:50:00
15|34|Fuentes De Ecatepec 1|4326|1505422|5422|2026-09-29 02:50:00
15|40|Coatepec|4326|1505423|5423|2026-09-29 02:50:00
15|84|Xalpa|4326|1505424|5424|2026-09-29 02:50:00
15|84|San Juan Temamatla|4326|1505425|5425|2026-09-29 02:50:00
15|84|Tepetitla|4326|1505426|5426|2026-09-29 02:50:00
15|5|Rio Frio|4326|1505427|5427|2026-09-29 02:50:00
15|34|Tia Joaquina 1|4326|1505428|5428|2026-09-29 02:50:00
15|34|Tia Joaquina 2|4326|1505429|5429|2026-09-29 02:50:00
15|5|Buenavista Yebucivi|4326|1505430|5430|2026-09-29 02:50:00
15|5|La Lagunita Yebucivi|4326|1505431|5431|2026-09-29 02:50:00
15|5|Lazaro Cardenas|4326|1505432|5432|2026-09-29 02:50:00
15|104|Tlalmanalco|4326|1505433|5433|2026-09-29 02:50:00
15|107|Conj La Joya|4326|1505434|5434|2026-09-29 02:50:00
15|120|Santa Ana|4326|1505435|5435|2026-09-29 02:50:00
15|120|San Mateo|4326|1505436|5436|2026-09-29 02:50:00
15|120|La Cabecera|4326|1505437|5437|2026-09-29 02:50:00
15|120|San Juan|4326|1505438|5438|2026-09-29 02:50:00
15|120|Santiaguito|4326|1505439|5439|2026-09-29 02:50:00
15|120|San Agustin|4326|1505440|5440|2026-09-29 02:50:00
15|120|San Miguel|4326|1505441|5441|2026-09-29 02:50:00
15|34|La Joya|4326|1505442|5442|2026-09-29 02:50:00
15|26|Sin Nombre|4326|1505443|5443|2026-09-29 02:50:00
15|36|San Miguel Jagueyes|4326|1505446|5446|2026-09-29 02:50:00
15|36|Urbi Villa Del Rey|4326|1505447|5447|2026-09-29 02:50:00
15|107|Santiago Tlaxomulco|4326|1505448|5448|2026-09-29 02:50:00
15|114|El Moral|4326|1505449|5449|2026-09-29 02:50:00
15|114|San Bartolome|4326|1505450|5450|2026-09-29 02:50:00
15|114|Cuajimalpa|4326|1505451|5451|2026-09-29 02:50:00
15|91|Jaguey|4326|1505452|5452|2026-09-29 02:50:00
15|1|Santa Maria Tixmadeje|4326|1505453|5453|2026-09-29 02:50:00
15|49|San Francisco Cheje|4326|1505454|5454|2026-09-29 02:50:00
15|1|Juando|4326|1505455|5455|2026-09-29 02:50:00
15|82|El Magueyal|4326|1505456|5456|2026-09-29 02:50:00
15|82|Sin Nombre|4326|1505457|5457|2026-09-29 02:50:00
15|82|Mexitlan|4326|1505458|5458|2026-09-29 02:50:00
15|107|La Joya|4326|1505459|5459|2026-09-29 02:50:00
15|26|U Hab Infonavit Miraflores|4326|1505460|5460|2026-09-29 02:50:00
15|40|Loma Bonita|4326|1505461|5461|2026-09-29 02:50:00
15|5|Tabernillas|4326|1505463|5463|2026-09-29 02:50:00
15|52|La Toscana|4326|1505464|5464|2026-09-29 02:50:00
15|52|Olivos|4326|1505465|5465|2026-09-29 02:50:00
15|52|Valle De Encinos|4326|1505466|5466|2026-09-29 02:50:00
15|52|Bosques De Lerma|4326|1505467|5467|2026-09-29 02:50:00
15|1|Puentecillas|4326|1505468|5468|2026-09-29 02:50:00
15|107|Parque Industial Exportec|4326|1505469|5469|2026-09-29 02:50:00
15|107|Los Profesores|4326|1505470|5470|2026-09-29 02:50:00
15|52|Bosques Lerma|4326|1505471|5471|2026-09-29 02:50:00
15|55|El Rancho|4326|1505472|5472|2026-09-29 02:50:00
15|26|U Hab Pueblo Nuevo|4326|1505473|5473|2026-09-29 02:50:00
15|2|Ejido De San Bartolo|4326|1505474|5474|2026-09-29 02:50:00
15|107|San Felipe Tlalmimilolpan|4326|1505475|5475|2026-09-29 02:50:00
15|94|El Progreso|4326|1505476|5476|2026-09-29 02:50:00
15|55|Casa Grande|4326|1505477|5477|2026-09-29 02:50:00
15|55|Quinta San Miguel|4326|1505478|5478|2026-09-29 02:50:00
15|3|San Pedro Denxhi Primer Cuartel|4326|1505479|5479|2026-09-29 02:50:00
15|49|Tiacaque Rancheria|4326|1505481|5481|2026-09-29 02:50:00
15|62|Ejido San Felipe Teotitlan|4326|1505482|5482|2026-09-29 02:50:00
15|104|Rancho Santa Cruz|4326|1505483|5483|2026-09-29 02:50:00
15|100|Puente Quebrado Cuautlalpan|4326|1505484|5484|2026-09-29 02:50:00
15|82|Colinas De Ojo De Agua|4326|1505485|5485|2026-09-29 02:50:00
15|93|Zacacuicuilco|4326|1505487|5487|2026-09-29 02:50:00
15|75|Barrio San Francisco San Nicolas Guadalupe|4326|1505488|5488|2026-09-29 02:50:00
15|55|Villas Del Casta?o Ii|4326|1505489|5489|2026-09-29 02:50:00
15|55|Villas Del Casta?o Iii|4326|1505490|5490|2026-09-29 02:50:00
15|55|Residencial El Casta?o Ii|4326|1505491|5491|2026-09-29 02:50:00
15|5|Casa Nueva|4326|1505492|5492|2026-09-29 02:50:00
15|20|La Aurora|4326|1505493|5493|2026-09-29 02:50:00
15|20|Bosques De Coacalco|4326|1505494|5494|2026-09-29 02:50:00
15|107|Prof Ignacio Torres|4326|1505495|5495|2026-09-29 02:50:00
15|107|Sixto Noguez Estrada 2da Secc|4326|1505496|5496|2026-09-29 02:50:00
15|107|Rincon De Las Violetas|4326|1505497|5497|2026-09-29 02:50:00
15|107|Residencial Hacienta Santa Criuz|4326|1505498|5498|2026-09-29 02:50:00
15|107|Villas Santa Cruz|4326|1505499|5499|2026-09-29 02:50:00
15|5|San Agustin Citlali|4326|1505500|5500|2026-09-29 02:50:00
15|5|San Antonio Ocoyotepec|4326|1505501|5501|2026-09-29 02:50:00
15|115|Las Pe?as|4326|1505502|5502|2026-09-29 02:50:00
15|46|San Antonio|4326|1505503|5503|2026-09-29 02:50:00
15|46|La Fortaleza|4326|1505504|5504|2026-09-29 02:50:00
15|46|San Gabriel De Los Alcanfores|4326|1505505|5505|2026-09-29 02:50:00
15|46|La Laguna|4326|1505506|5506|2026-09-29 02:50:00
15|37|San Francisco Zacacalco|4326|1505507|5507|2026-09-29 02:50:00
15|46|Huizache Primera Seccin|4326|1505508|5508|2026-09-29 02:50:00
15|107|Santiago Miltepec|4326|1505509|5509|2026-09-29 02:50:00
15|75|San Miguel La Labor|4326|1505510|5510|2026-09-29 02:50:00
15|49|Santa Maria Endare|4326|1505511|5511|2026-09-29 02:50:00
15|65|Citeje|4326|1505512|5512|2026-09-29 02:50:00
15|21|Loma De Acuitlapilco|4326|1505513|5513|2026-09-29 02:50:00
15|124|Trinidad Concepcion|4326|1505515|5515|2026-09-29 02:50:00
15|121|La Loma Barr Santiago|4326|1505516|5516|2026-09-29 02:50:00
15|14|San Bartolo El Arenal|4326|1505517|5517|2026-09-29 02:50:00
15|93|Evangelista|4326|1505518|5518|2026-09-29 02:50:00
15|100|Tulantongo|4326|1505519|5519|2026-09-29 02:50:00
15|114|Loma Del Capulin|4326|1505520|5520|2026-09-29 02:50:00
15|5|Rosa Morada|4326|1505521|5521|2026-09-29 02:50:00
15|114|Buenavista|4326|1505522|5522|2026-09-29 02:50:00
15|114|San Felipe|4326|1505523|5523|2026-09-29 02:50:00
15|97|El Refugio|4326|1505524|5524|2026-09-29 02:50:00
15|36|Portal Del Sol|4326|1505525|5525|2026-09-29 02:50:00
15|107|Salvador Sanchez Colin|4326|1505526|5526|2026-09-29 02:50:00
15|125|Villas De Santa Maria|4326|1505527|5527|2026-09-29 02:50:00
15|125|La Cruz|4326|1505528|5528|2026-09-29 02:50:00
15|125|La Concepcion|4326|1505529|5529|2026-09-29 02:50:00
15|125|Rancho De Mora|4326|1505530|5530|2026-09-29 02:50:00
15|125|San Juan Zacazontla|4326|1505531|5531|2026-09-29 02:50:00
15|107|Geo Villas San Mateo Ii|4326|1505532|5532|2026-09-29 02:50:00
15|125|El Charco|4326|1505533|5533|2026-09-29 02:50:00
15|107|Desarrollo Las Hesperides|4326|1505534|5534|2026-09-29 02:50:00
15|107|Anzures|4326|1505535|5535|2026-09-29 02:50:00
15|125|San Bartolo - Mojonera|4326|1505536|5536|2026-09-29 02:50:00
15|107|Rdcial San Lorenzo|4326|1505537|5537|2026-09-29 02:50:00
15|107|Ej Santa Ana Tlapaltitlan|4326|1505538|5538|2026-09-29 02:50:00
15|107|Los Sauces|4326|1505539|5539|2026-09-29 02:50:00
15|107|San Pedro Totoltepec|4326|1505540|5540|2026-09-29 02:50:00
15|107|Conj Geo Villas De La Ind I|4326|1505541|5541|2026-09-29 02:50:00
15|107|Santa Maria Totoltepec|4326|1505542|5542|2026-09-29 02:50:00
15|107|Santa Maria Totoltepec|4326|1505543|5543|2026-09-29 02:50:00
15|107|Santa Maria Totoltepec|4326|1505544|5544|2026-09-29 02:50:00
15|107|San Pedro Totoltepec|4326|1505545|5545|2026-09-29 02:50:00
15|107|San Pedro Totoltepec|4326|1505546|5546|2026-09-29 02:50:00
15|107|Santa Maria Totoltepec|4326|1505547|5547|2026-09-29 02:50:00
15|107|Santa Maria Totoltepec|4326|1505548|5548|2026-09-29 02:50:00
15|26|Margarita Moran|4326|1505550|5550|2026-09-29 02:50:00
15|26|Nueva Esperanza|4326|1505551|5551|2026-09-29 02:50:00
15|26|San Juan De Dios|4326|1505552|5552|2026-09-29 02:50:00
15|26|Los Arenales|4326|1505553|5553|2026-09-29 02:50:00
15|124|Concepcin La Venta|4326|1505554|5554|2026-09-29 02:50:00
15|124|Fabrica Concepcin|4326|1505555|5555|2026-09-29 02:50:00
15|124|Fabrica Concepcin|4326|1505556|5556|2026-09-29 02:50:00
15|115|San Agustin Berros|4326|1505557|5557|2026-09-29 02:50:00
15|82|Tezoquipa|4326|1505558|5558|2026-09-29 02:50:00
15|107|Villa Santa Esther|4326|1505559|5559|2026-09-29 02:50:00
15|107|Capultitlan|4326|1505560|5560|2026-09-29 02:50:00
15|107|Paseos Del Valle|4326|1505561|5561|2026-09-29 02:50:00
15|107|San Felipe Tlalmimilolpan|4326|1505562|5562|2026-09-29 02:50:00
15|107|Capultitlan|4326|1505563|5563|2026-09-29 02:50:00
15|107|Capultitlan|4326|1505564|5564|2026-09-29 02:50:00
15|107|La Soledad|4326|1505565|5565|2026-09-29 02:50:00
15|83|Tejupilco De Hidalgo|4326|1505566|5566|2026-09-29 02:50:00
15|83|Rincon De Jaimes|4326|1505567|5567|2026-09-29 02:50:00
15|83|Zacatepec|4326|1505568|5568|2026-09-29 02:50:00
15|83|Rincon De Aguirre|4326|1505569|5569|2026-09-29 02:50:00
15|40|Hacienda Las Palmas Iii|4326|1505570|5570|2026-09-29 02:50:00
15|107|Conj Geo Villas De San Mateo I|4326|1505571|5571|2026-09-29 02:50:00
15|107|U Hab Jesus Garcia Lovera|4326|1505572|5572|2026-09-29 02:50:00
15|63|La Escondida|4326|1505573|5573|2026-09-29 02:50:00
15|107|Capultitlan|4326|1505574|5574|2026-09-29 02:50:00
15|55|La Isla Ii|4326|1505575|5575|2026-09-29 02:50:00
15|26|Jardines De Tlapala|4326|1505576|5576|2026-09-29 02:50:00
15|124|Plaza De Gallos|4326|1505577|5577|2026-09-29 02:50:00
15|124|Palo Amarillo|4326|1505578|5578|2026-09-29 02:50:00
15|124|Guarda De San Antonio Buenavista|4326|1505580|5580|2026-09-29 02:50:00
15|91|El Quinto Sol|4326|1505581|5581|2026-09-29 02:50:00
15|5|San Agustin Poteje Norte|4326|1505582|5582|2026-09-29 02:50:00
15|108|Santa Maria Sur|4326|1505583|5583|2026-09-29 02:50:00
15|115|Sitio Ejido|4326|1505584|5584|2026-09-29 02:50:00
15|115|Venta De Ocotillos|4326|1505585|5585|2026-09-29 02:50:00
15|115|San Roque|4326|1505586|5586|2026-09-29 02:50:00
15|14|San Luis Boro|4326|1505587|5587|2026-09-29 02:50:00
15|101|Ampliacion Tezoyuca|4326|1505588|5588|2026-09-29 02:50:00
15|29|San Alberto|4326|1505589|5589|2026-09-29 02:50:00
15|100|San Bernardino|4326|1505590|5590|2026-09-29 02:50:00
15|100|La Castilla|4326|1505591|5591|2026-09-29 02:50:00
15|73|Centro|4326|1505592|5592|2026-09-29 02:50:00
15|2|Chipiltepec|4326|1505593|5593|2026-09-29 02:50:00
15|73|Iberica|4326|1505594|5594|2026-09-29 02:50:00
15|30|Ciudad Galaxia Los Reyes|4326|1505595|5595|2026-09-29 02:50:00
15|97|Centro|4326|1505596|5596|2026-09-29 02:50:00
15|97|San Jose|4326|1505597|5597|2026-09-29 02:50:00
15|107|Paseo San Lorenzo|4326|1505598|5598|2026-09-29 02:50:00
15|115|Turcio Primera Seccion|4326|1505599|5599|2026-09-29 02:50:00
15|115|Casas Coloradas|4326|1505600|5600|2026-09-29 02:50:00
15|115|El Espinal|4326|1505601|5601|2026-09-29 02:50:00
15|36|37-c San Miguel Jagueyes|4326|1505602|5602|2026-09-29 02:50:00
15|121|Santa Maria Zitlaltepec|4326|1505603|5603|2026-09-29 02:50:00
15|115|Palizada|4326|1505604|5604|2026-09-29 02:50:00
15|115|La Presa|4326|1505605|5605|2026-09-29 02:50:00
15|107|Real Del Sur|4326|1505607|5607|2026-09-29 02:50:00
15|106|San Antonio Del Rosario|4326|1505608|5608|2026-09-29 02:50:00
15|107|Las Misiones Iii|4326|1505609|5609|2026-09-29 02:50:00
15|109|Los Pinos|4326|1505610|5610|2026-09-29 02:50:00
15|46|Las Huertas|4326|1505611|5611|2026-09-29 02:50:00
15|121|El Country Zumpango|4326|1505612|5612|2026-09-29 02:50:00
15|115|Los Cedros Suchitepec|4326|1505613|5613|2026-09-29 02:50:00
15|115|Piedras Blancas Centro|4326|1505614|5614|2026-09-29 02:50:00
15|54|Villas Del Fresno|4326|1505615|5615|2026-09-29 02:50:00
15|36|Jorobas|4326|1505616|5616|2026-09-29 02:50:00
15|73|La Frontera|4326|1505617|5617|2026-09-29 02:50:00
15|55|Las Americas Ii|4326|1505618|5618|2026-09-29 02:50:00
15|55|Las Americas I|4326|1505619|5619|2026-09-29 02:50:00
15|55|Los Cipreses I|4326|1505620|5620|2026-09-29 02:50:00
15|5|Loma Blanca|4326|1505621|5621|2026-09-29 02:50:00
15|5|El Tulillo|4326|1505622|5622|2026-09-29 02:50:00
15|5|La Posta|4326|1505623|5623|2026-09-29 02:50:00
15|89|Valle De Guadalupe|4326|1505624|5624|2026-09-29 02:50:00
15|55|San Isidro|4326|1505625|5625|2026-09-29 02:50:00
15|86|La Palma|4326|1505626|5626|2026-09-29 02:50:00
15|86|Bosha|4326|1505627|5627|2026-09-29 02:50:00
15|20|Conjunto Real De Bulevares Iv|4326|1505628|5628|2026-09-29 02:50:00
15|107|San Pablo Autopan|4326|1505629|5629|2026-09-29 02:50:00
15|55|Alboreto|4326|1505630|5630|2026-09-29 02:50:00
15|55|Casa Del Bosque|4326|1505631|5631|2026-09-29 02:50:00
15|55|Miranta|4326|1505632|5632|2026-09-29 02:50:00
15|55|Villas Del Bicentenario I|4326|1505633|5633|2026-09-29 02:50:00
15|55|Villas Del Bicentenario Ii|4326|1505634|5634|2026-09-29 02:50:00
15|40|Rey Izcoatl 3ra Seccion|4326|1505635|5635|2026-09-29 02:50:00
15|91|La Joya|4326|1505636|5636|2026-09-29 02:50:00
15|65|El Gigante|4326|1505637|5637|2026-09-29 02:50:00
15|24|Villas Xaltipa Ii|4326|1505638|5638|2026-09-29 02:50:00
15|55|Puerta Del Sol|4326|1505639|5639|2026-09-29 02:50:00
15|76|Ejido San Martin|4326|1505640|5640|2026-09-29 02:50:00
15|76|La Noria|4326|1505641|5641|2026-09-29 02:50:00
15|121|Jardines De Girasoles|4326|1505642|5642|2026-09-29 02:50:00
15|11|Nexquipayac|4326|1505643|5643|2026-09-29 02:50:00
15|26|Emiliano Zapata|4326|1505644|5644|2026-09-29 02:50:00
15|89|San Simonito|4326|1505645|5645|2026-09-29 02:50:00
15|107|La Estrella|4326|1505646|5646|2026-09-29 02:50:00
15|107|La Magdalena|4326|1505647|5647|2026-09-29 02:50:00
15|46|Xhixhata|4326|1505648|5648|2026-09-29 02:50:00
15|26|San Gregorio Cuautzingo|4326|1505649|5649|2026-09-29 02:50:00
15|46|El Xhitey|4326|1505650|5650|2026-09-29 02:50:00
15|31|De Chiconcuac - Los Angeles De Chiconcuac|4326|1505651|5651|2026-09-29 02:50:00
15|100|Emiliano Zapata|4326|1505652|5652|2026-09-29 02:50:00
15|100|Tulantongo|4326|1505653|5653|2026-09-29 02:50:00
15|31|El Xolache|4326|1505654|5654|2026-09-29 02:50:00
15|31|Xala|4326|1505655|5655|2026-09-29 02:50:00
15|100|Conjunto Urbano Hacienda San Javier|4326|1505656|5656|2026-09-29 02:50:00
15|100|Santa Cruz De Arriba|4326|1505657|5657|2026-09-29 02:50:00
15|5|Barrio La Cabecera 1a Seccion|4326|1505658|5658|2026-09-29 02:50:00
15|121|Ubano Las Palomas|4326|1505659|5659|2026-09-29 02:50:00
15|121|Jardines De Magnolias Ii|4326|1505660|5660|2026-09-29 02:50:00
15|55|Azaleas Iii|4326|1505661|5661|2026-09-29 02:50:00
15|100|De San Andres - La Magdalena Panoaya|4326|1505662|5662|2026-09-29 02:50:00
15|82|Real Firenze|4326|1505665|5665|2026-09-29 02:50:00
15|55|La Hermita|4326|1505666|5666|2026-09-29 02:50:00
15|52|Buenavista|4326|1505667|5667|2026-09-29 02:50:00
15|59|Villas De Nextlalpan|4326|1505669|5669|2026-09-29 02:50:00
15|2|Plan De Guadalupe|4326|1505670|5670|2026-09-29 02:50:00
15|2|Paraje El Faro|4326|1505671|5671|2026-09-29 02:50:00
15|121|Manuel Hernandez Pasion|4326|1505672|5672|2026-09-29 02:50:00
15|41|Xochicaltitlan|4326|1505674|5674|2026-09-29 02:50:00
15|41|San Pedro|4326|1505675|5675|2026-09-29 02:50:00
15|41|Santa Catarina|4326|1505676|5676|2026-09-29 02:50:00
15|55|Cascada Del Angel 2|4326|1505677|5677|2026-09-29 02:50:00
15|55|Provdencia Luxury|4326|1505678|5678|2026-09-29 02:50:00
15|63|Bosques Del Pedregal|4326|1505679|5679|2026-09-29 02:50:00
15|52|Casantica|4326|1505680|5680|2026-09-29 02:50:00
15|41|Ixtapan|4326|1505681|5681|2026-09-29 02:50:00
15|41|Ixtapita|4326|1505682|5682|2026-09-29 02:50:00
15|41|Centro|4326|1505683|5683|2026-09-29 02:50:00
15|41|San Gaspar|4326|1505684|5684|2026-09-29 02:50:00
15|26|Llano Grande|4326|1505685|5685|2026-09-29 02:50:00
15|26|San Mateo Tezoquipan Miraflores|4326|1505686|5686|2026-09-29 02:50:00
15|26|Sin Nombre|4326|1505687|5687|2026-09-29 02:50:00
15|71|San Jose Las Palmas|4326|1505689|5689|2026-09-29 02:50:00
15|24|Dos Rios Segunda Seccion|4326|1505690|5690|2026-09-29 02:50:00
15|119|Idilica Alto Serraton|4326|1505691|5691|2026-09-29 02:50:00
15|18|Villas San Fernando|4326|1505692|5692|2026-09-29 02:50:00
15|100|La Resurreccion|4326|1505693|5693|2026-09-29 02:50:00
15|121|Nuevo Paseos De San Juan|4326|1505694|5694|2026-09-29 02:50:00
15|82|Real Alcal|4326|1505695|5695|2026-09-29 02:50:00
15|100|De San Diego|4326|1505696|5696|2026-09-29 02:50:00
15|26|Cantorias|4326|1505698|5698|2026-09-29 02:50:00
15|26|San Martin Cuautlalpan|4326|1505699|5699|2026-09-29 02:50:00
15|84|Cuautitla|4326|1505700|5700|2026-09-29 02:50:00
15|9|Ixta - Popo|4326|1505701|5701|2026-09-29 02:50:00
15|121|Jardines De Magnolias Iii|4326|1505702|5702|2026-09-29 02:50:00
15|107|Doctores|4326|1505703|5703|2026-09-29 02:50:00
15|46|4ta Manzana|4326|1505704|5704|2026-09-29 02:50:00
15|46|2da Manzana|4326|1505705|5705|2026-09-29 02:50:00
15|46|3ra Manzana|4326|1505706|5706|2026-09-29 02:50:00
15|46|1ra Manzana|4326|1505707|5707|2026-09-29 02:50:00
15|46|El Centro|4326|1505708|5708|2026-09-29 02:50:00
15|46|El Cerrito|4326|1505709|5709|2026-09-29 02:50:00
15|46|El Barrete|4326|1505710|5710|2026-09-29 02:50:00
15|30|Revolucion|4326|1505711|5711|2026-09-29 02:50:00
15|89|14 De Marzo|4326|1505712|5712|2026-09-29 02:50:00
15|119|San Luis Mextepec|4326|1505713|5713|2026-09-29 02:50:00
15|10|Santa Cecilia|4326|1505714|5714|2026-09-29 02:50:00
15|10|Moctezuma|4326|1505715|5715|2026-09-29 02:50:00
15|121|Urbano Valle De Los Lirios|4326|1505716|5716|2026-09-29 02:50:00
15|27|Las Xhindas|4326|1505717|5717|2026-09-29 02:50:00
15|27|Los Ahiles|4326|1505718|5718|2026-09-29 02:50:00
15|48|Loma Del Astillero|4326|1505719|5719|2026-09-29 02:50:00
15|55|Toscana Metepec|4326|1505722|5722|2026-09-29 02:50:00
15|55|Morada Metepec I Y Ii|4326|1505723|5723|2026-09-29 02:50:00
15|48|Dolores Amarillas|4326|1505724|5724|2026-09-29 02:50:00
15|2|Maravillas Ejido San Marcos Nepantla|4326|1505725|5725|2026-09-29 02:50:00
15|93|Maravillas Ejido Atlatongo|4326|1505726|5726|2026-09-29 02:50:00
15|93|Palomar Maquixco|4326|1505727|5727|2026-09-29 02:50:00
15|93|Palomar  Atlatongo|4326|1505728|5728|2026-09-29 02:50:00
15|26|Sin Nombre|4326|1505729|5729|2026-09-29 02:50:00
15|26|Sin Nombre|4326|1505730|5730|2026-09-29 02:50:00
15|100|El Ca?o|4326|1505731|5731|2026-09-29 02:50:00
15|33|San Lucas Texcaltitlan|4326|1505733|5733|2026-09-29 02:50:00
15|100|De Pentecostes|4326|1505734|5734|2026-09-29 02:50:00
15|4|Plutarco Gonzalez|4326|1505735|5735|2026-09-29 02:50:00
15|65|Barrio La Estrellita|4326|1505736|5736|2026-09-29 02:50:00
15|83|El Ca?averal|4326|1505737|5737|2026-09-29 02:50:00
15|101|Ejidos De Tequisistlan|4326|1505740|5740|2026-09-29 02:50:00
15|2|Fracc Real Del Valle 1ra Seccion|4326|1505743|5743|2026-09-29 02:50:00
15|20|Residenza Privadas Iii|4326|1505744|5744|2026-09-29 02:50:00
15|75|Ejido La Cabecera|4326|1505745|5745|2026-09-29 02:50:00
15|21|Plan De San Francisco|4326|1505746|5746|2026-09-29 02:50:00
15|107|Nueva Oxtotitlan|4326|1505747|5747|2026-09-29 02:50:00
15|61|Cuarto Barrio Cahuacan|4326|1505748|5748|2026-09-29 02:50:00
15|61|Ejido Cahuacan|4326|1505749|5749|2026-09-29 02:50:00
15|61|Santa Maria Magdalena Cahuacan|4326|1505750|5750|2026-09-29 02:50:00
15|2|Anahuac 2da Seccion|4326|1505751|5751|2026-09-29 02:50:00
15|100|Zaragoza|4326|1505752|5752|2026-09-29 02:50:00
15|125|Acomulco|4326|1505754|5754|2026-09-29 02:50:00
15|55|San Salvador Tizatlalli|4326|1505755|5755|2026-09-29 02:50:00
15|26|San Cristobal|4326|1505756|5756|2026-09-29 02:50:00
15|116|El Espino|4326|1505757|5757|2026-09-29 02:50:00
15|55|Bosque De Sequoias|4326|1505758|5758|2026-09-29 02:50:00
15|111|Loma Bonita|4326|1505759|5759|2026-09-29 02:50:00
15|55|Las Viandas I|4326|1505760|5760|2026-09-29 02:50:00
15|55|Viandas Ii|4326|1505761|5761|2026-09-29 02:50:00
15|55|Viandas Iii|4326|1505762|5762|2026-09-29 02:50:00
15|55|Las Viandas Iv|4326|1505763|5763|2026-09-29 02:50:00
15|55|Hacienda Jaltepec|4326|1505764|5764|2026-09-29 02:50:00
15|107|Mita De Santiago|4326|1505766|5766|2026-09-29 02:50:00
15|59|Pueblo Nuevo De Los Morelos|4326|1505768|5768|2026-09-29 02:50:00
15|55|La Providencia|4326|1505769|5769|2026-09-29 02:50:00
15|86|Barrio De Boqu|4326|1505770|5770|2026-09-29 02:50:00
15|86|Barrio Del Calvario|4326|1505771|5771|2026-09-29 02:50:00
15|86|Ahuacatitlan Quinto Cuartel|4326|1505772|5772|2026-09-29 02:50:00
15|86|Ahuacatitlan Tercer Cuartel|4326|1505773|5773|2026-09-29 02:50:00
15|107|Villa Hogar|4326|1505774|5774|2026-09-29 02:50:00
15|91|Paraiso|4326|1505775|5775|2026-09-29 02:50:00
15|34|Paseos De Ecatepec|4326|1505776|5776|2026-09-29 02:50:00
15|107|San Marcos Yachihuacaltepec|4326|1505777|5777|2026-09-29 02:50:00
15|115|El Hospital Ejido|4326|1505778|5778|2026-09-29 02:50:00
15|55|Arbol De La Vida|4326|1505780|5780|2026-09-29 02:50:00
15|55|Bellezzian Grand Living|4326|1505781|5781|2026-09-29 02:50:00
15|20|El Monasterio|4326|1505782|5782|2026-09-29 02:50:00
15|26|San Miguel|4326|1505783|5783|2026-09-29 02:50:00
15|107|Infonavit Tollocan I|4326|1505784|5784|2026-09-29 02:50:00
15|77|Conjunto Yuriria|4326|1505785|5785|2026-09-29 02:50:00
15|24|La Toscana|4326|1505786|5786|2026-09-29 02:50:00
15|40|Bezana Canutillo|4326|1505787|5787|2026-09-29 02:50:00
15|113|Barrio Los Dominguez|4326|1505788|5788|2026-09-29 02:50:00
15|113|Barrio El Plan Villa|4326|1505789|5789|2026-09-29 02:50:00
15|83|102 Batallon De Infanteria|4326|1505790|5790|2026-09-29 02:50:00
15|96|Los Dolores|4326|1505791|5791|2026-09-29 02:50:00
15|107|Don Jose|4326|1505792|5792|2026-09-29 02:50:00
15|2|Las Huertas|4326|1505793|5793|2026-09-29 02:50:00
15|2|Los Capulines|4326|1505794|5794|2026-09-29 02:50:00
15|96|Los Dolores|4326|1505795|5795|2026-09-29 02:50:00
15|2|Ejido De Santa Catarina|4326|1505796|5796|2026-09-29 02:50:00
15|102|Xalpa|4326|1505797|5797|2026-09-29 02:50:00
15|107|Alamillos|4326|1505798|5798|2026-09-29 02:50:00
15|107|Miguel Hidalgo|4326|1505799|5799|2026-09-29 02:50:00
15|25|Infonavit Norte|4326|1505800|5800|2026-09-29 02:50:00
15|25|El Cerrito|4326|1505801|5801|2026-09-29 02:50:00
15|25|El Rosario|4326|1505802|5802|2026-09-29 02:50:00
15|25|Santa Maria Tianguistengo|4326|1505803|5803|2026-09-29 02:50:00
15|25|San Jose Huilango|4326|1505804|5804|2026-09-29 02:50:00
15|25|Loma De Los Angeles|4326|1505805|5805|2026-09-29 02:50:00
15|25|La Herradura|4326|1505806|5806|2026-09-29 02:50:00
15|25|Ejido De Guadalupe|4326|1505807|5807|2026-09-29 02:50:00
15|110|Ciudad Labor|4326|1505809|5809|2026-09-29 02:50:00
15|110|Real Del Bosque|4326|1505812|5812|2026-09-29 02:50:00
15|110|Santa Maria Cuautepec|4326|1505813|5813|2026-09-29 02:50:00
15|110|Mayorazgo De Tultitlan|4326|1505814|5814|2026-09-29 02:50:00
15|110|Solidaridad 1ra Seccion|4326|1505815|5815|2026-09-29 02:50:00
15|110|Solidaridad 2da Seccion|4326|1505816|5816|2026-09-29 02:50:00
15|110|Ampl Las Torres|4326|1505817|5817|2026-09-29 02:50:00
15|110|Las Torres|4326|1505818|5818|2026-09-29 02:50:00
15|110|2da Seccion De Las Torres|4326|1505819|5819|2026-09-29 02:50:00
15|110|1a Seccion De Las Torres|4326|1505820|5820|2026-09-29 02:50:00
15|110|La Libertad|4326|1505821|5821|2026-09-29 02:50:00
15|110|Buenavista|4326|1505822|5822|2026-09-29 02:50:00
15|110|Benito Juarez|4326|1505823|5823|2026-09-29 02:50:00
15|110|Jardines De La Ca?ada|4326|1505824|5824|2026-09-29 02:50:00
15|110|Lomas Del Parque|4326|1505825|5825|2026-09-29 02:50:00
15|110|Lomas De Cartagena|4326|1505826|5826|2026-09-29 02:50:00
15|110|Ojo De Agua|4326|1505827|5827|2026-09-29 02:50:00
15|110|Ojo De Agua 2da Seccion|4326|1505828|5828|2026-09-29 02:50:00
15|110|El Paraje|4326|1505829|5829|2026-09-29 02:50:00
15|110|Santa Clara Chilpan|4326|1505830|5830|2026-09-29 02:50:00
15|110|Ferrocarrilera|4326|1505831|5831|2026-09-29 02:50:00
15|110|La Joya|4326|1505832|5832|2026-09-29 02:50:00
15|110|La Loma - (la Loma I)|4326|1505833|5833|2026-09-29 02:50:00
15|110|Bello Horizonte|4326|1505834|5834|2026-09-29 02:50:00
15|110|El Fresno|4326|1505835|5835|2026-09-29 02:50:00
15|110|Ampl El Fresno|4326|1505836|5836|2026-09-29 02:50:00
15|25|El Cerrito|4326|1505837|5837|2026-09-29 02:50:00
15|25|Fraccion La Capilla|4326|1505838|5838|2026-09-29 02:50:00
15|110|San Francisco Chilpan|4326|1505839|5839|2026-09-29 02:50:00
15|110|Lecheria|4326|1505840|5840|2026-09-29 02:50:00
15|110|Brillante|4326|1505841|5841|2026-09-29 02:50:00
15|110|Villas De San Jose|4326|1505842|5842|2026-09-29 02:50:00
15|110|San Miguel|4326|1505843|5843|2026-09-29 02:50:00
15|110|Sin Nombre|4326|1505844|5844|2026-09-29 02:50:00
15|110|Villa Esmeralda|4326|1505845|5845|2026-09-29 02:50:00
15|110|Los Portales|4326|1505846|5846|2026-09-29 02:50:00
15|110|Jardines De Tultitlan|4326|1505847|5847|2026-09-29 02:50:00
15|110|Agaves Tultitlan|4326|1505848|5848|2026-09-29 02:50:00
15|110|Fuentes Del Valle|4326|1505849|5849|2026-09-29 02:50:00
15|110|Provivienda Magisterial|4326|1505850|5850|2026-09-29 02:50:00
15|110|San Mateo Cuautepec|4326|1505851|5851|2026-09-29 02:50:00
15|110|Lazaro Cardenas-(los Hornos)|4326|1505852|5852|2026-09-29 02:50:00
15|110|Villa Jardin|4326|1505853|5853|2026-09-29 02:50:00
15|110|Cocem|4326|1505854|5854|2026-09-29 02:50:00
15|110|Sol De Tultitlan|4326|1505855|5855|2026-09-29 02:50:00
15|110|Ampl Cocem|4326|1505856|5856|2026-09-29 02:50:00
15|110|Bosques De Tultitlan|4326|1505857|5857|2026-09-29 02:50:00
15|110|Los Reyes|4326|1505858|5858|2026-09-29 02:50:00
15|110|Los Reyes|4326|1505859|5859|2026-09-29 02:50:00
15|110|Electricistas|4326|1505860|5860|2026-09-29 02:50:00
15|110|Recursos Hidraulicos|4326|1505861|5861|2026-09-29 02:50:00
15|110|Independencia|4326|1505862|5862|2026-09-29 02:50:00
15|110|La Acocila|4326|1505863|5863|2026-09-29 02:50:00
15|110|San Juan|4326|1505864|5864|2026-09-29 02:50:00
15|110|El Obelisco|4326|1505865|5865|2026-09-29 02:50:00
15|110|Los Reyes|4326|1505866|5866|2026-09-29 02:50:00
15|110|Centro|4326|1505867|5867|2026-09-29 02:50:00
15|110|Residencial Los Reyes|4326|1505868|5868|2026-09-29 02:50:00
15|110|Belem|4326|1505869|5869|2026-09-29 02:50:00
15|110|La Concepcion|4326|1505870|5870|2026-09-29 02:50:00
15|110|P Ind Cartagena|4326|1505871|5871|2026-09-29 02:50:00
15|110|Santiaguito|4326|1505872|5872|2026-09-29 02:50:00
15|110|Nativitas|4326|1505873|5873|2026-09-29 02:50:00
15|110|San Bartolo|4326|1505874|5874|2026-09-29 02:50:00
15|110|Las Terrazas|4326|1505876|5876|2026-09-29 02:50:00
15|25|Tepalcapa|4326|1505883|5883|2026-09-29 02:50:00
15|25|Villas Del Alba-villas Diamante|4326|1505884|5884|2026-09-29 02:50:00
15|25|Fuentes Del Bosque|4326|1505886|5886|2026-09-29 02:50:00
15|25|Bosques Del Alba|4326|1505888|5888|2026-09-29 02:50:00
15|25|La Joyita|4326|1505894|5894|2026-09-29 02:50:00
15|25|Jorge Jimenez Cantu|4326|1505896|5896|2026-09-29 02:50:00
15|25|Mirador De Santa Rosa|4326|1505897|5897|2026-09-29 02:50:00
15|25|Bosques De Morelos|4326|1505911|5911|2026-09-29 02:50:00
15|25|Jardines San Miguel Iii|4326|1505919|5919|2026-09-29 02:50:00
15|25|Urbi Quinta Montecarlo|4326|1505920|5920|2026-09-29 02:50:00
15|25|Paseos De Izcalli|4326|1505921|5921|2026-09-29 02:50:00
15|25|Colinas Del Lago|4326|1505924|5924|2026-09-29 02:50:00
15|25|Santa Maria Guadalupe Las Torres|4326|1505925|5925|2026-09-29 02:50:00
15|25|Francisco Villa|4326|1505926|5926|2026-09-29 02:50:00
15|110|El Cueyamil|4326|1505945|5945|2026-09-29 02:50:00
15|110|Fimesa 1|4326|1505959|5959|2026-09-29 02:50:00
15|25|La Herradura|4326|1505969|5969|2026-09-29 02:50:00
15|25|El Rosal|4326|1505988|5988|2026-09-29 02:50:00
15|25|La Luz|4326|1505989|5989|2026-09-29 02:50:00
15|25|La Capilla|4326|1505990|5990|2026-09-29 02:50:00
15|25|El Nopalito|4326|1505991|5991|2026-09-29 02:50:00
15|25|Lomas De San Francisco Tepojaco|4326|1505995|5995|2026-09-29 02:50:00
15|25|Arcos Del Alba|4326|1506010|6010|2026-09-29 02:50:00
15|25|Claustros San Miguel|4326|1506011|6011|2026-09-29 02:50:00
15|25|Lomas San Miguel|4326|1506012|6012|2026-09-29 02:50:00
15|25|Axotlan|4326|1506013|6013|2026-09-29 02:50:00
15|110|Plaza Del Kiosco|4326|1506022|6022|2026-09-29 02:50:00
15|110|Hacienda San Pablo|4326|1506023|6023|2026-09-29 02:50:00
15|110|Lote 104|4326|1506030|6030|2026-09-29 02:50:00
15|110|Kristal|4326|1506031|6031|2026-09-29 02:50:00
15|110|La Esperanza|4326|1506033|6033|2026-09-29 02:50:00
15|110|La Esperanza|4326|1506034|6034|2026-09-29 02:50:00
15|110|El Campanario|4326|1506035|6035|2026-09-29 02:50:00
15|110|Coyoli Martinez|4326|1506037|6037|2026-09-29 02:50:00
15|110|Prados B|4326|1506040|6040|2026-09-29 02:50:00
15|110|Prados A|4326|1506041|6041|2026-09-29 02:50:00
15|110|El Rocio|4326|1506042|6042|2026-09-29 02:50:00
15|110|Lote 84|4326|1506043|6043|2026-09-29 02:50:00
15|110|Alborada Ii|4326|1506045|6045|2026-09-29 02:50:00
15|110|Lote 82|4326|1506047|6047|2026-09-29 02:50:00
15|110|Guerrero|4326|1506048|6048|2026-09-29 02:50:00
15|110|Izcalli San Pablo|4326|1506050|6050|2026-09-29 02:50:00
15|110|Lote 93 Las Amalias|4326|1506052|6052|2026-09-29 02:50:00
15|110|Llanura Verde|4326|1506054|6054|2026-09-29 02:50:00
15|110|Lote 92|4326|1506055|6055|2026-09-29 02:50:00
15|110|Claustros Iv|4326|1506056|6056|2026-09-29 02:50:00
15|110|Jardines San Pablo|4326|1506057|6057|2026-09-29 02:50:00
15|110|San Pablo Ii|4326|1506058|6058|2026-09-29 02:50:00
15|110|San Pablo Iii A|4326|1506060|6060|2026-09-29 02:50:00
15|110|Fortuna|4326|1506061|6061|2026-09-29 02:50:00
15|110|Magnolias|4326|1506062|6062|2026-09-29 02:50:00
15|110|San Pablo Iii B|4326|1506064|6064|2026-09-29 02:50:00
15|110|Lote115 Ebano|4326|1506065|6065|2026-09-29 02:50:00
15|110|Magnolias 2000|4326|1506066|6066|2026-09-29 02:50:00
15|110|Parque San Pablo|4326|1506067|6067|2026-09-29 02:50:00
15|110|Isidro Fabela|4326|1506069|6069|2026-09-29 02:50:00
15|110|Immex Ii|4326|1506071|6071|2026-09-29 02:50:00
15|110|San Pablo De Las Salinas|4326|1506072|6072|2026-09-29 02:50:00
15|110|Verde Claro|4326|1506074|6074|2026-09-29 02:50:00
15|13|Jose Ma Morelos Y Pavon|4326|1506075|6075|2026-09-29 02:50:00
15|110|Pensamientos|4326|1506076|6076|2026-09-29 02:50:00
15|110|San Pablo De Las Salinas|4326|1506077|6077|2026-09-29 02:50:00
15|110|Azul Cielo|4326|1506079|6079|2026-09-29 02:50:00
15|110|Izcalli Rinconada|4326|1506080|6080|2026-09-29 02:50:00
15|13|Atizapan 2000|4326|1506082|6082|2026-09-29 02:50:00
15|13|Miraflores|4326|1506087|6087|2026-09-29 02:50:00
15|13|Revolucion|4326|1506088|6088|2026-09-29 02:50:00
15|13|General Cardenas Del Rio|4326|1506090|6090|2026-09-29 02:50:00
15|13|El Capulin 2da Seccion|4326|1506091|6091|2026-09-29 02:50:00
15|13|El Capulin|4326|1506092|6092|2026-09-29 02:50:00
15|13|Prados De Ixtacala|4326|1506095|6095|2026-09-29 02:50:00
15|13|Prados De Ixtacala 2da Seccion|4326|1506096|6096|2026-09-29 02:50:00
15|13|Ejido San Miguel Chalma|4326|1506100|6100|2026-09-29 02:50:00
15|13|Bosques De Primavera|4326|1506101|6101|2026-09-29 02:50:00
15|25|Ensue?os|4326|1506102|6102|2026-09-29 02:50:00
15|13|Bosques De Ixtacala|4326|1506103|6103|2026-09-29 02:50:00
15|13|Uam|4326|1506104|6104|2026-09-29 02:50:00
15|25|Parques|4326|1506105|6105|2026-09-29 02:50:00
15|25|Bellavista|4326|1506106|6106|2026-09-29 02:50:00
15|25|Prados De Cuautitlan|4326|1506107|6107|2026-09-29 02:50:00
15|25|San Jose Buenavista|4326|1506108|6108|2026-09-29 02:50:00
15|25|Axotlan|4326|1506109|6109|2026-09-29 02:50:00
15|110|Granjas San Pablo|4326|1506110|6110|2026-09-29 02:50:00
15|110|Granjas San Pablo|4326|1506113|6113|2026-09-29 02:50:00
15|110|La Granja Ii Lt 118 B|4326|1506114|6114|2026-09-29 02:50:00
15|110|La Granja I|4326|1506115|6115|2026-09-29 02:50:00
15|110|Claustros V|4326|1506117|6117|2026-09-29 02:50:00
15|110|Lote 105 Solidaridad Social|4326|1506118|6118|2026-09-29 02:50:00
15|110|El Laurel|4326|1506121|6121|2026-09-29 02:50:00
15|25|Cofradia De San Miguel I|4326|1506122|6122|2026-09-29 02:50:00
15|110|Los Arcos|4326|1506123|6123|2026-09-29 02:50:00
15|110|San Pablo|4326|1506125|6125|2026-09-29 02:50:00
15|25|Adolfo Lopez Mateos|4326|1506128|6128|2026-09-29 02:50:00
15|25|Bosques De La Hacienda|4326|1506133|6133|2026-09-29 02:50:00
15|25|Arboledas San Miguel|4326|1506134|6134|2026-09-29 02:50:00
15|25|San Juan Atlamica|4326|1506135|6135|2026-09-29 02:50:00
15|110|Lote 64|4326|1506136|6136|2026-09-29 02:50:00
15|110|Lomas De San Pablo|4326|1506137|6137|2026-09-29 02:50:00
15|110|El Reloj|4326|1506138|6138|2026-09-29 02:50:00
15|110|Lote 62|4326|1506139|6139|2026-09-29 02:50:00
15|110|San Pablo|4326|1506140|6140|2026-09-29 02:50:00
15|25|Valle De La Hacienda|4326|1506142|6142|2026-09-29 02:50:00
15|110|Torres Del Reloj Lote 59|4326|1506143|6143|2026-09-29 02:50:00
15|110|Las Torres - El Reloj Lote 76|4326|1506144|6144|2026-09-29 02:50:00
15|110|Paraje San Pablo|4326|1506145|6145|2026-09-29 02:50:00
15|110|La Chinampa|4326|1506147|6147|2026-09-29 02:50:00
15|25|Ex - Hacienda De San Miguel|4326|1506149|6149|2026-09-29 02:50:00
15|25|Jardines San Miguel Ii|4326|1506150|6150|2026-09-29 02:50:00
15|110|Lote 49|4326|1506187|6187|2026-09-29 02:50:00
15|110|Lote 48|4326|1506188|6188|2026-09-29 02:50:00
15|110|Morelos 2da Seccion|4326|1506191|6191|2026-09-29 02:50:00
15|110|Gustavo Baz Prada|4326|1506192|6192|2026-09-29 02:50:00
15|110|Residencial Morelos 2da Seccion|4326|1506194|6194|2026-09-29 02:50:00
15|110|Residencial Morelos Iii|4326|1506195|6195|2026-09-29 02:50:00
15|110|Los Claustros I|4326|1506197|6197|2026-09-29 02:50:00
15|110|Casitas San Pablo|4326|1506199|6199|2026-09-29 02:50:00
15|110|Villas De Tultitlan|4326|1506200|6200|2026-09-29 02:50:00
15|110|Rancho La Mora|4326|1506204|6204|2026-09-29 02:50:00
15|110|Las Llanuras|4326|1506207|6207|2026-09-29 02:50:00
15|13|San Jose Del Jaral 1ra Seccion|4326|1506209|6209|2026-09-29 02:50:00
15|13|San Jose El Jaral 2da Seccion|4326|1506210|6210|2026-09-29 02:50:00
15|110|Hogares De Castera|4326|1506215|6215|2026-09-29 02:50:00
15|110|San Pablo De Castera|4326|1506216|6216|2026-09-29 02:50:00
15|110|Claustros Iii|4326|1506217|6217|2026-09-29 02:50:00
15|13|Villas Fortuna|4326|1506218|6218|2026-09-29 02:50:00
15|110|Sustitucion Arista|4326|1506219|6219|2026-09-29 02:50:00
15|110|Los Agaves|4326|1506220|6220|2026-09-29 02:50:00
15|110|Portal San Pablo Ii|4326|1506223|6223|2026-09-29 02:50:00
15|110|Emilio Chuayffet Chemor|4326|1506224|6224|2026-09-29 02:50:00
15|110|Villas Loreto|4326|1506225|6225|2026-09-29 02:50:00
15|110|Los Faroles|4326|1506228|6228|2026-09-29 02:50:00
15|110|Los Claustros Vi|4326|1506229|6229|2026-09-29 02:50:00
15|110|Alborada I|4326|1506232|6232|2026-09-29 02:50:00
15|110|Las Almenas|4326|1506237|6237|2026-09-29 02:50:00
15|110|El Faro|4326|1506239|6239|2026-09-29 02:50:00
15|25|Las Conchitas|4326|1506242|6242|2026-09-29 02:50:00
15|25|Joyas Del Alba|4326|1506245|6245|2026-09-29 02:50:00
15|25|Bosques Del Alba|4326|1506247|6247|2026-09-29 02:50:00
15|110|La Isla|4326|1506250|6250|2026-09-29 02:50:00
15|110|Hogares De Castera Mza A Y B|4326|1506255|6255|2026-09-29 02:50:00
15|110|Lote 41|4326|1506256|6256|2026-09-29 02:50:00
15|110|Lote 56|4326|1506259|6259|2026-09-29 02:50:00
15|110|Las Tortolas|4326|1506262|6262|2026-09-29 02:50:00
15|110|El Portal|4326|1506265|6265|2026-09-29 02:50:00
15|110|Las Fuentes Tultitlan|4326|1506266|6266|2026-09-29 02:50:00
15|110|Lote 50 A Y B|4326|1506269|6269|2026-09-29 02:50:00
15|110|Las Laderas|4326|1506270|6270|2026-09-29 02:50:00
15|25|Villas Del Sol Cuautitlan|4326|1506274|6274|2026-09-29 02:50:00
15|25|La Herradura - La Garrapata|4326|1506282|6282|2026-09-29 02:50:00
15|110|Los Tejados|4326|1506284|6284|2026-09-29 02:50:00
15|110|Celeste|4326|1506310|6310|2026-09-29 02:50:00
15|110|Unidad Morelos 3ra Seccion|4326|1506312|6312|2026-09-29 02:50:00
15|110|Villas De San Pablo|4326|1506321|6321|2026-09-29 02:50:00
15|110|Residencial Magnolias|4326|1506323|6323|2026-09-29 02:50:00
15|110|Cristal|4326|1506325|6325|2026-09-29 02:50:00
15|110|Las Estepas|4326|1506326|6326|2026-09-29 02:50:00
15|110|Galaxia Tultitlan|4326|1506327|6327|2026-09-29 02:50:00
15|110|Las Torres Tultitlan|4326|1506328|6328|2026-09-29 02:50:00
15|110|Lava Lote 46|4326|1506329|6329|2026-09-29 02:50:00
15|110|Infonavit Lote 12|4326|1506330|6330|2026-09-29 02:50:00
15|25|Atlanta|4326|1506336|6336|2026-09-29 02:50:00
15|25|Fidel Velazquez|4326|1506339|6339|2026-09-29 02:50:00
15|25|Infonavit Centro|4326|1506344|6344|2026-09-29 02:50:00
15|25|Rinconada De Alamos|4326|1506352|6352|2026-09-29 02:50:00
15|25|Jardines Del Alba|4326|1506353|6353|2026-09-29 02:50:00
15|25|Adolfo Lopez Mateos Issemym|4326|1506372|6372|2026-09-29 02:50:00
15|25|Jacarandas|4326|1506380|6380|2026-09-29 02:50:00
15|25|Militar Jose Ma Morelos Y Pavon|4326|1506395|6395|2026-09-29 02:50:00
15|25|Loma Bonita|4326|1506406|6406|2026-09-29 02:50:00
15|25|Industrial Cuamatla|4326|1506408|6408|2026-09-29 02:50:00
15|25|San Isidro|4326|1506411|6411|2026-09-29 02:50:00
15|25|Rincon Colonial|4326|1506414|6414|2026-09-29 02:50:00
15|25|Arcos De La Hacienda|4326|1506415|6415|2026-09-29 02:50:00
15|25|La Luz|4326|1506420|6420|2026-09-29 02:50:00
15|25|Las Villas|4326|1506425|6425|2026-09-29 02:50:00
15|25|Cofradia San Miguel Iv|4326|1506438|6438|2026-09-29 02:50:00
15|25|Cofradia San Miguel Ii|4326|1506446|6446|2026-09-29 02:50:00
15|25|Bosques De Roma|4326|1506449|6449|2026-09-29 02:50:00
15|25|Rinconada  Izcalli|4326|1506451|6451|2026-09-29 02:50:00
15|25|Rinconada San Miguel|4326|1506480|6480|2026-09-29 02:50:00
15|25|Diamante|4326|1506490|6490|2026-09-29 02:50:00
15|25|La Perla|4326|1506491|6491|2026-09-29 02:50:00
15|25|Bosques  Perinorte|4326|1506495|6495|2026-09-29 02:50:00
15|25|San Isidro|4326|1506496|6496|2026-09-29 02:50:00
15|25|La Presita|4326|1506497|6497|2026-09-29 02:50:00
15|25|San Martin Tepetlixpan|4326|1506498|6498|2026-09-29 02:50:00
15|25|Civica Bacardi|4326|1506499|6499|2026-09-29 02:50:00
15|25|Tres Picos|4326|1506500|6500|2026-09-29 02:50:00
15|25|Ni?os Heroes|4326|1506501|6501|2026-09-29 02:50:00
15|25|Las Huertas|4326|1506502|6502|2026-09-29 02:50:00
15|25|Las Mariposas|4326|1506503|6503|2026-09-29 02:50:00
15|25|Las Gaviotas|4326|1506504|6504|2026-09-29 02:50:00
15|25|San Martin Tepetlixpan|4326|1506505|6505|2026-09-29 02:50:00
15|25|Los Pajaros|4326|1506506|6506|2026-09-29 02:50:00
15|25|Ejidal San Isidro|4326|1506507|6507|2026-09-29 02:50:00
15|25|Luis Echeverria|4326|1506508|6508|2026-09-29 02:50:00
15|25|Plan De Guadalupe|4326|1506509|6509|2026-09-29 02:50:00
15|25|Granjas Lomas De Guadalupe|4326|1506510|6510|2026-09-29 02:50:00
15|25|Tikal|4326|1506513|6513|2026-09-29 02:50:00
15|25|El Roble|4326|1506517|6517|2026-09-29 02:50:00
15|25|Plaza Tepeyac|4326|1506519|6519|2026-09-29 02:50:00
15|25|Valle De San Lucas|4326|1506521|6521|2026-09-29 02:50:00
15|25|Plan De Guadalupe|4326|1506523|6523|2026-09-29 02:50:00
15|25|Valle De Las Flores|4326|1506525|6525|2026-09-29 02:50:00
15|25|Campo Uno|4326|1506531|6531|2026-09-29 02:50:00
15|25|Cumbria|4326|1506535|6535|2026-09-29 02:50:00
15|13|Lomas De Monte Maria|4326|1506604|6604|2026-09-29 02:50:00
15|13|Hacienda Del Pedregal|4326|1506605|6605|2026-09-29 02:50:00
15|13|Sagitario Ii|4326|1506606|6606|2026-09-29 02:50:00
15|13|El Capulin|4326|1506607|6607|2026-09-29 02:50:00
15|25|Fuentes Del Tepeyac|4326|1506613|6613|2026-09-29 02:50:00
15|25|Bosques Del Alba Ii|4326|1506615|6615|2026-09-29 02:50:00
15|25|Real De San Juan|4326|1506653|6653|2026-09-29 02:50:00
15|25|Cal Y Canto|4326|1506654|6654|2026-09-29 02:50:00
15|25|Bellavista|4326|1506655|6655|2026-09-29 02:50:00
15|25|Bosques De Roma|4326|1506656|6656|2026-09-29 02:50:00
15|25|Tulipanes|4326|1506657|6657|2026-09-29 02:50:00
15|25|Los Sauces|4326|1506658|6658|2026-09-29 02:50:00
15|25|La Santisima|4326|1506659|6659|2026-09-29 02:50:00
15|25|Circonia|4326|1506665|6665|2026-09-29 02:50:00
15|25|Las Carmelitas|4326|1506667|6667|2026-09-29 02:50:00
15|25|San Jose|4326|1506668|6668|2026-09-29 02:50:00
15|25|La Maria|4326|1506669|6669|2026-09-29 02:50:00
15|25|Loma Vista|4326|1506672|6672|2026-09-29 02:50:00
15|110|Las Cruces|4326|1506679|6679|2026-09-29 02:50:00
15|110|P Ind Central De Abastos|4326|1506682|6682|2026-09-29 02:50:00
15|25|Granjas Lomas De Guadalupe|4326|1506684|6684|2026-09-29 02:50:00
15|25|Puente Escondido|4326|1506685|6685|2026-09-29 02:50:00
15|25|Hacienda Los Olivos|4326|1506686|6686|2026-09-29 02:50:00
15|25|Galaxia|4326|1506687|6687|2026-09-29 02:50:00
15|25|Hacienda Guadalupe|4326|1506688|6688|2026-09-29 02:50:00
15|25|Eucalipto|4326|1506689|6689|2026-09-29 02:50:00
15|25|Rincon Del Bosque|4326|1506690|6690|2026-09-29 02:50:00
15|25|Eucaliptos|4326|1506691|6691|2026-09-29 02:50:00
15|25|Parques Del Lago|4326|1506692|6692|2026-09-29 02:50:00
15|25|Real Del Lago|4326|1506693|6693|2026-09-29 02:50:00
15|25|Villas Del Lago|4326|1506694|6694|2026-09-29 02:50:00
15|25|El Mirador|4326|1506695|6695|2026-09-29 02:50:00
15|25|Garzas|4326|1506696|6696|2026-09-29 02:50:00
15|25|Flamingos|4326|1506697|6697|2026-09-29 02:50:00
15|25|Villas Del Bosque|4326|1506698|6698|2026-09-29 02:50:00
15|25|Aires Del Bosque|4326|1506699|6699|2026-09-29 02:50:00
15|25|Lomas De Guadalupe|4326|1506700|6700|2026-09-29 02:50:00
15|25|Villas Del Bosque|4326|1506701|6701|2026-09-29 02:50:00
15|25|Bosques De San Andres|4326|1506702|6702|2026-09-29 02:50:00
15|25|Bosques Izcalli|4326|1506703|6703|2026-09-29 02:50:00
15|25|Rincon Del Lago|4326|1506704|6704|2026-09-29 02:50:00
15|25|Diamante|4326|1506705|6705|2026-09-29 02:50:00
15|25|Del Bosque|4326|1506706|6706|2026-09-29 02:50:00
15|25|Los Arcos|4326|1506707|6707|2026-09-29 02:50:00
15|25|Hacienda Del Parque|4326|1506711|6711|2026-09-29 02:50:00
15|110|La Loma Ii|4326|1506715|6715|2026-09-29 02:50:00
15|25|Colonial Taxco|4326|1506717|6717|2026-09-29 02:50:00
15|25|Los Pirules|4326|1506718|6718|2026-09-29 02:50:00
15|25|Tepalcalli|4326|1506736|6736|2026-09-29 02:50:00
15|25|Los Porticos|4326|1506737|6737|2026-09-29 02:50:00
15|25|Torre Esmeralda Y Torre Diamante|4326|1506738|6738|2026-09-29 02:50:00
15|25|Chopos|4326|1506739|6739|2026-09-29 02:50:00
15|25|Jardines De La Hacienda|4326|1506749|6749|2026-09-29 02:50:00
15|25|Bosques De La Hacienda|4326|1506750|6750|2026-09-29 02:50:00
15|25|Ex-hacienda San Miguel  Ii|4326|1506755|6755|2026-09-29 02:50:00
15|25|Bosques De La Hacienda|4326|1506756|6756|2026-09-29 02:50:00
15|25|Santa Rosa De Lima|4326|1506760|6760|2026-09-29 02:50:00
15|110|Los Sauces|4326|1506791|6791|2026-09-29 02:50:00
15|25|Villas Del Arbol|4326|1506792|6792|2026-09-29 02:50:00
15|25|Arboledas De Tepotzotlan|4326|1506796|6796|2026-09-29 02:50:00
15|110|Mariano Escobedo|4326|1506797|6797|2026-09-29 02:50:00
15|110|P Ind Lecheria|4326|1506799|6799|2026-09-29 02:50:00
15|25|Jardines De La Hacienda|4326|1506800|6800|2026-09-29 02:50:00
15|25|Los Ailes|4326|1506813|6813|2026-09-29 02:50:00
15|110|Conjunto San Pablo|4326|1506814|6814|2026-09-29 02:50:00
15|110|Real De Tultitlan|4326|1506815|6815|2026-09-29 02:50:00
15|110|San Pablo|4326|1506816|6816|2026-09-29 02:50:00
15|25|Centro Urbano|4326|1506821|6821|2026-09-29 02:50:00
15|25|Urbi Hacienda Balboa|4326|1506826|6826|2026-09-29 02:50:00
15|25|San Pablo De Los Gallos|4326|1506830|6830|2026-09-29 02:50:00
15|25|Granjas Lomas De Guadalupe|4326|1506833|6833|2026-09-29 02:50:00
15|110|Porto Isabel|4326|1506834|6834|2026-09-29 02:50:00
15|110|Porto Alegre|4326|1506835|6835|2026-09-29 02:50:00
15|25|Talavera|4326|1506837|6837|2026-09-29 02:50:00
15|25|Infonavit Norte Sevilla La Paz|4326|1506844|6844|2026-09-29 02:50:00
15|25|Infonavit Norte La Fortuna Ii|4326|1506845|6845|2026-09-29 02:50:00
15|25|Infonavit Norte Viveros I|4326|1506846|6846|2026-09-29 02:50:00
15|25|Parque Norte|4326|1506847|6847|2026-09-29 02:50:00
15|25|La Presa|4326|1506848|6848|2026-09-29 02:50:00
15|25|Green Town Houses|4326|1506852|6852|2026-09-29 02:50:00
15|25|Villas La Esperanza|4326|1506854|6854|2026-09-29 02:50:00
15|25|La Jolla|4326|1506864|6864|2026-09-29 02:50:00
15|25|Fuentes De Santa Elena|4326|1506865|6865|2026-09-29 02:50:00
15|25|La Jolla|4326|1506866|6866|2026-09-29 02:50:00
15|25|Santa Elena|4326|1506867|6867|2026-09-29 02:50:00
15|25|Terrazas De La Hacienda|4326|1506868|6868|2026-09-29 02:50:00
15|25|Villas Perinorte|4326|1506869|6869|2026-09-29 02:50:00
15|25|Torres Argos|4326|1506870|6870|2026-09-29 02:50:00
15|25|El Campanario|4326|1506871|6871|2026-09-29 02:50:00
15|25|La Gavia|4326|1506872|6872|2026-09-29 02:50:00
15|25|Torres Aljibe Ii|4326|1506873|6873|2026-09-29 02:50:00
15|25|Vistas Del Sol|4326|1506874|6874|2026-09-29 02:50:00
15|25|Torres Aljibe I|4326|1506875|6875|2026-09-29 02:50:00
15|25|Vista Hermosa I|4326|1506876|6876|2026-09-29 02:50:00
15|25|Alta Vista|4326|1506877|6877|2026-09-29 02:50:00
15|110|Ex Hda  La Mariscala|4326|1506878|6878|2026-09-29 02:50:00
15|25|Las Bridas|4326|1506879|6879|2026-09-29 02:50:00
15|25|Town Hause|4326|1506880|6880|2026-09-29 02:50:00
15|25|El Sauz|4326|1506881|6881|2026-09-29 02:50:00
15|25|Primavera|4326|1506883|6883|2026-09-29 02:50:00
15|25|Las Golondrinas|4326|1506884|6884|2026-09-29 02:50:00
15|25|Los Cipreses|4326|1506885|6885|2026-09-29 02:50:00
15|25|Rincon Bellavista|4326|1506890|6890|2026-09-29 02:50:00
15|25|San Jos|4326|1506893|6893|2026-09-29 02:50:00
15|25|Alamos|4326|1506903|6903|2026-09-29 02:50:00
15|25|Conjurbano La Piedad|4326|1506904|6904|2026-09-29 02:50:00
15|25|La Loma|4326|1506908|6908|2026-09-29 02:50:00
15|25|Jardines Del Lago|4326|1506910|6910|2026-09-29 02:50:00
15|110|Residencial La Ponderosa|4326|1506911|6911|2026-09-29 02:50:00
15|25|Vista Hermosa Iii|4326|1506916|6916|2026-09-29 02:50:00
15|25|Jacarandas|4326|1506917|6917|2026-09-29 02:50:00
15|25|Vista Hermosa Ii|4326|1506918|6918|2026-09-29 02:50:00
15|25|Antares|4326|1506919|6919|2026-09-29 02:50:00
15|25|Monte Cristo|4326|1506920|6920|2026-09-29 02:50:00
15|25|Grullas|4326|1506922|6922|2026-09-29 02:50:00
15|25|La Reserva|4326|1506923|6923|2026-09-29 02:50:00
15|110|San Marcos|4326|1506924|6924|2026-09-29 02:50:00
15|110|Villas De San Francisco Ii|4326|1506925|6925|2026-09-29 02:50:00
15|110|Quinta El Angel|4326|1506926|6926|2026-09-29 02:50:00
15|25|Lomas Del Rosario|4326|1506932|6932|2026-09-29 02:50:00
15|25|San Juan|4326|1506934|6934|2026-09-29 02:50:00
15|110|Lomas Del Parque 2-(lomas De Cartagena Ii)|4326|1506948|6948|2026-09-29 02:50:00
15|25|Conjunto Sittia|4326|1506950|6950|2026-09-29 02:50:00
15|25|Santiago Tepalcapa|4326|1506951|6951|2026-09-29 02:50:00
15|110|Residencial El Golfo|4326|1506956|6956|2026-09-29 02:50:00
15|110|Arbolada La Loma|4326|1506957|6957|2026-09-29 02:50:00
15|13|Emiliano Zapata|4326|1506990|6990|2026-09-29 02:50:00
15|25|Loma De Los Angeles Segunda Seccion|4326|1506996|6996|2026-09-29 02:50:00
15|25|Las Tinajas|4326|1506997|6997|2026-09-29 02:50:00
15|25|Lomas Del Rosario|4326|1507001|7001|2026-09-29 02:50:00
15|106|Salitre Ojo Deagua|4326|1507003|7003|2026-09-29 02:50:00
15|77|Acantto Urban Living|4326|1507004|7004|2026-09-29 02:50:00
15|111|Unidad Habitacional Del Issfam|4326|1507005|7005|2026-09-29 02:50:00
15|112|Sabana De Taborda 1ra Secion|4326|1507006|7006|2026-09-29 02:50:00
15|121|Jardines De La Laguna|4326|1507008|7008|2026-09-29 02:50:00
15|86|Ahuacatitlan Segundo Cuartel|4326|1507009|7009|2026-09-29 02:50:00
15|25|La Libertad|4326|1507010|7010|2026-09-29 02:50:00
15|107|Conj U Puerta Arboleda - Conj U Aurea|4326|1507011|7011|2026-09-29 02:50:00
15|100|Candelapa|4326|1507013|7013|2026-09-29 02:50:00
15|121|Villas De La Laguna|4326|1507016|7016|2026-09-29 02:50:00
15|86|Colonia Del Socorro|4326|1507017|7017|2026-09-29 02:50:00
15|107|San Francisco Totoltepec|4326|1507018|7018|2026-09-29 02:50:00
15|77|Alborada 4|4326|1507019|7019|2026-09-29 02:50:00
15|77|Real De Mina|4326|1507020|7020|2026-09-29 02:50:00
15|77|Los Cedros|4326|1507021|7021|2026-09-29 02:50:00
15|77|Cumbres|4326|1507022|7022|2026-09-29 02:50:00
15|77|Npoles|4326|1507023|7023|2026-09-29 02:50:00
15|82|Golondrinas Ampliacin San Pedro Atzompa|4326|1507024|7024|2026-09-29 02:50:00
15|77|San Giminiano|4326|1507025|7025|2026-09-29 02:50:00
15|77|Don Eloy Ii|4326|1507026|7026|2026-09-29 02:50:00
15|119|Deportiva|4326|1507027|7027|2026-09-29 02:50:00
15|115|Potrero De San Diego|4326|1507028|7028|2026-09-29 02:50:00
15|18|Pedregal Del Bosque|4326|1507029|7029|2026-09-29 02:50:00
15|55|Arezzo|4326|1507030|7030|2026-09-29 02:50:00
15|55|Habitat Ii|4326|1507031|7031|2026-09-29 02:50:00
15|71|Paraiso|4326|1507032|7032|2026-09-29 02:50:00
15|88|Molino Abajo|4326|1507033|7033|2026-09-29 02:50:00
15|100|Bugambilias|4326|1507035|7035|2026-09-29 02:50:00
15|107|La Esperanza|4326|1507036|7036|2026-09-29 02:50:00
15|112|Santa Teresa|4326|1507037|7037|2026-09-29 02:50:00
15|77|Casa Magna 2|4326|1507038|7038|2026-09-29 02:50:00
15|77|Murano|4326|1507039|7039|2026-09-29 02:50:00
15|77|Quntas|4326|1507040|7040|2026-09-29 02:50:00
15|77|La Magdalena 6|4326|1507041|7041|2026-09-29 02:50:00
15|77|Los Ciruelos|4326|1507042|7042|2026-09-29 02:50:00
15|77|Marsella|4326|1507043|7043|2026-09-29 02:50:00
15|77|Santa Maria|4326|1507044|7044|2026-09-29 02:50:00
15|77|Alcazar|4326|1507045|7045|2026-09-29 02:50:00
15|77|Fenix 5|4326|1507046|7046|2026-09-29 02:50:00
15|77|Vistalagua|4326|1507047|7047|2026-09-29 02:50:00
15|77|Concepto 1102|4326|1507048|7048|2026-09-29 02:50:00
15|77|Jade|4326|1507049|7049|2026-09-29 02:50:00
15|77|Real De San Miguel|4326|1507050|7050|2026-09-29 02:50:00
15|77|Meridean|4326|1507051|7051|2026-09-29 02:50:00
15|77|Bosques Botuna|4326|1507052|7052|2026-09-29 02:50:00
15|77|Atentli|4326|1507053|7053|2026-09-29 02:50:00
15|77|Florencia I|4326|1507054|7054|2026-09-29 02:50:00
15|77|Florencia Ii|4326|1507055|7055|2026-09-29 02:50:00
15|77|Chapultepec|4326|1507056|7056|2026-09-29 02:50:00
15|77|Aqua|4326|1507057|7057|2026-09-29 02:50:00
15|77|Santa Fe 2|4326|1507058|7058|2026-09-29 02:50:00
15|77|Santa Fe|4326|1507059|7059|2026-09-29 02:50:00
15|77|Santa Fe 3|4326|1507060|7060|2026-09-29 02:50:00
15|77|Pi?ones|4326|1507061|7061|2026-09-29 02:50:00
15|77|Sin Nombre (en Construccion)|4326|1507062|7062|2026-09-29 02:50:00
15|77|Jardines De Santa Maria|4326|1507063|7063|2026-09-29 02:50:00
15|77|Il Punto|4326|1507064|7064|2026-09-29 02:50:00
15|77|Leno|4326|1507065|7065|2026-09-29 02:50:00
15|73|Los Cerritos|4326|1507066|7066|2026-09-29 02:50:00
15|12|El Llanito|4326|1507067|7067|2026-09-29 02:50:00
15|12|Centro|4326|1507068|7068|2026-09-29 02:50:00
15|114|15 De Mayo|4326|1507069|7069|2026-09-29 02:50:00
15|5|Santa Juana 2a Seccion|4326|1507070|7070|2026-09-29 02:50:00
15|107|San Daniel|4326|1507071|7071|2026-09-29 02:50:00
15|55|Alpes|4326|1507072|7072|2026-09-29 02:50:00
15|55|San Fernando|4326|1507073|7073|2026-09-29 02:50:00
15|107|Santiago Tlacotepec|4326|1507074|7074|2026-09-29 02:50:00
15|33|Barrio De Arriba De San Juan Xoconusco|4326|1507075|7075|2026-09-29 02:50:00
15|33|El Capulin|4326|1507076|7076|2026-09-29 02:50:00
15|33|Macheros|4326|1507077|7077|2026-09-29 02:50:00
15|33|Llano Redondo De Zaragoza|4326|1507078|7078|2026-09-29 02:50:00
15|14|Dolores La Joya|4326|1507079|7079|2026-09-29 02:50:00
15|55|Real Altavista|4326|1507080|7080|2026-09-29 02:50:00
15|96|Paraje El Capiro|4326|1507081|7081|2026-09-29 02:50:00
15|49|San Miguel Tenochtitlan|4326|1507082|7082|2026-09-29 02:50:00
15|25|Privada El Rosario 1|4326|1507083|7083|2026-09-29 02:50:00
15|104|De La Pe?a|4326|1507084|7084|2026-09-29 02:50:00
15|49|San Marcos Coajomulco|4326|1507085|7085|2026-09-29 02:50:00
15|54|San Francisco Tenopalco|4326|1507086|7086|2026-09-29 02:50:00
15|82|Ojo De Agua|4326|1507087|7087|2026-09-29 02:50:00
15|43|San Joaquin El Junco|4326|1507088|7088|2026-09-29 02:50:00
15|107|San Marcos Yachihuacaltepec|4326|1507089|7089|2026-09-29 02:50:00
15|120|La Ascencion|4326|1507090|7090|2026-09-29 02:50:00
15|86|San Francisco Tepeolulco Colonia Lazaro Cardenas|4326|1507091|7091|2026-09-29 02:50:00
15|55|El Chacon|4326|1507092|7092|2026-09-29 02:50:00
15|55|Alteza|4326|1507093|7093|2026-09-29 02:50:00
15|55|Guadalupe|4326|1507094|7094|2026-09-29 02:50:00
15|76|San Diego|4326|1507095|7095|2026-09-29 02:50:00
15|55|Los Cerezos|4326|1507096|7096|2026-09-29 02:50:00
15|61|Bosques De La Colmena|4326|1507097|7097|2026-09-29 02:50:00
15|109|La Aurora|4326|1507098|7098|2026-09-29 02:50:00
15|27|Primero Seccion La Vega|4326|1507099|7099|2026-09-29 02:50:00
15|27|Barrio El Tejocote|4326|1507100|7100|2026-09-29 02:50:00
15|27|Barrio La Manga|4326|1507101|7101|2026-09-29 02:50:00
15|63|El Pirame|4326|1507102|7102|2026-09-29 02:50:00
15|27|Barrio Santa Barbara|4326|1507103|7103|2026-09-29 02:50:00
15|27|Barrio Camacho|4326|1507104|7104|2026-09-29 02:50:00
15|27|Barrio Tierra Blanca|4326|1507105|7105|2026-09-29 02:50:00
15|27|Barrio Tianguizolco|4326|1507106|7106|2026-09-29 02:50:00
15|27|Barrio La Loma|4326|1507107|7107|2026-09-29 02:50:00
15|27|Barrio El Xido|4326|1507108|7108|2026-09-29 02:50:00
15|27|Barrio El Membrillo|4326|1507109|7109|2026-09-29 02:50:00
15|27|Barrio La Cruz|4326|1507110|7110|2026-09-29 02:50:00
15|27|Barrio La Colonia|4326|1507111|7111|2026-09-29 02:50:00
15|27|Barrio Centro|4326|1507112|7112|2026-09-29 02:50:00
15|27|Barrio El Lindero|4326|1507113|7113|2026-09-29 02:50:00
15|27|Barrio La Clinica|4326|1507114|7114|2026-09-29 02:50:00
15|27|Barrio El Madro?o|4326|1507115|7115|2026-09-29 02:50:00
15|27|Barrio San Antonio|4326|1507116|7116|2026-09-29 02:50:00
15|106|Coatepec|4326|1507118|7118|2026-09-29 02:50:00
15|55|Lucianna|4326|1507119|7119|2026-09-29 02:50:00
15|25|Rinconada De San Jos|4326|1507120|7120|2026-09-29 02:50:00
15|52|San Nicolas Peralta|4326|1507121|7121|2026-09-29 02:50:00
15|120|San Pedro|4326|1507122|7122|2026-09-29 02:50:00
15|100|San Jeronimo Amanalco|4326|1507123|7123|2026-09-29 02:50:00
15|112|Santa Maria De Las Delicias|4326|1507124|7124|2026-09-29 02:50:00
15|71|Reyes Iii|4326|1507125|7125|2026-09-29 02:50:00
15|71|Mariel|4326|1507126|7126|2026-09-29 02:50:00
15|112|El Jacal|4326|1507127|7127|2026-09-29 02:50:00
15|119|Arona|4326|1507128|7128|2026-09-29 02:50:00
15|24|La Laguna|4326|1507129|7129|2026-09-29 02:50:00
15|55|Reforma|4326|1507130|7130|2026-09-29 02:50:00
15|55|Maria Josefa Ortiz De Dominguez|4326|1507131|7131|2026-09-29 02:50:00
15|55|Finca Real Ii|4326|1507132|7132|2026-09-29 02:50:00
15|55|Entre Arboles|4326|1507133|7133|2026-09-29 02:50:00
15|55|El Encanto|4326|1507134|7134|2026-09-29 02:50:00
15|77|Villanova|4326|1507140|7140|2026-09-29 02:50:00
15|113|El Terrero|4326|1507141|7141|2026-09-29 02:50:00
15|48|Barrio La Purisima|4326|1507142|7142|2026-09-29 02:50:00
15|25|Bosques De Los Pinos|4326|1507143|7143|2026-09-29 02:50:00
15|25|Bosques De Los Pinos-los Pinos|4326|1507144|7144|2026-09-29 02:50:00
15|25|Bosques De Los Pinos-los Pinos|4326|1507145|7145|2026-09-29 02:50:00
15|75|Villa De San Pedro El Alto|4326|1507146|7146|2026-09-29 02:50:00
15|75|San Pedro El Chico|4326|1507147|7147|2026-09-29 02:50:00
15|75|San Agustin Mextepec|4326|1507148|7148|2026-09-29 02:50:00
15|75|Villa De Emilio Portes Gil|4326|1507149|7149|2026-09-29 02:50:00
15|75|Barrio La Loma, Ejido De San Pedro El Alto|4326|1507150|7150|2026-09-29 02:50:00
15|75|Barrio Tierra Blanca, Ejido San Pedro El Alto|4326|1507151|7151|2026-09-29 02:50:00
15|75|Barrio Las Animas, Ejido De San Pedro El Alto|4326|1507152|7152|2026-09-29 02:50:00
15|75|Barrio San Jose, Ejido De San Pedro El Alto|4326|1507153|7153|2026-09-29 02:50:00
15|34|Ejidos De San Cristobal|4326|1507154|7154|2026-09-29 02:50:00
15|119|San Bartolo Del Llano|4326|1507155|7155|2026-09-29 02:50:00
15|119|San Bartolo El Viejo|4326|1507156|7156|2026-09-29 02:50:00
15|119|Loma De Pote|4326|1507157|7157|2026-09-29 02:50:00
15|119|Loma De Gonzalez|4326|1507158|7158|2026-09-29 02:50:00
15|119|Santa Maria Del Monte|4326|1507159|7159|2026-09-29 02:50:00
15|119|Barrio De Mexico|4326|1507160|7160|2026-09-29 02:50:00
15|119|El Coporo|4326|1507161|7161|2026-09-29 02:50:00
15|119|San Miguel Hojas Anchas|4326|1507162|7162|2026-09-29 02:50:00
15|119|De La Rosa|4326|1507163|7163|2026-09-29 02:50:00
15|107|San Francisco|4326|1507164|7164|2026-09-29 02:50:00
15|49|Boyecha|4326|1507165|7165|2026-09-29 02:50:00
15|34|Villas Esmeralda|4326|1507166|7166|2026-09-29 02:50:00
15|41|Centro|4326|1507167|7167|2026-09-29 02:50:00
15|41|Santa Ana|4326|1507168|7168|2026-09-29 02:50:00
15|41|Gran Reserva Golf Resort Country Club|4326|1507169|7169|2026-09-29 02:50:00
15|107|Torres De San Isidro|4326|1507170|7170|2026-09-29 02:50:00
15|25|La Escondida|4326|1507171|7171|2026-09-29 02:50:00
15|25|Lomas De Ayotecatl|4326|1507172|7172|2026-09-29 02:50:00
15|119|El Curtidor|4326|1507173|7173|2026-09-29 02:50:00
15|82|Del Castillo|4326|1507174|7174|2026-09-29 02:50:00
15|89|Plan De San Martin|4326|1507175|7175|2026-09-29 02:50:00
15|1|Residencial Pe?ascos|4326|1507176|7176|2026-09-29 02:50:00
15|109|Ampliacion La Piedad|4326|1507177|7177|2026-09-29 02:50:00
15|83|Los Colorines Colorines|4326|1507178|7178|2026-09-29 02:50:00
15|109|El Quemado|4326|1507179|7179|2026-09-29 02:50:00
15|25|Conjurbano La Piedad|4326|1507180|7180|2026-09-29 02:50:00
15|34|Izcalli Jardines|4326|1507181|7181|2026-09-29 02:50:00
15|55|San Jorge|4326|1507182|7182|2026-09-29 02:50:00
15|19|Valle De Los Sauces|4326|1507183|7183|2026-09-29 02:50:00
15|12|Eltepiolol|4326|1507184|7184|2026-09-29 02:50:00
15|48|Primero De Buenos Aires|4326|1507185|7185|2026-09-29 02:50:00
15|82|San Miguel|4326|1507186|7186|2026-09-29 02:50:00
15|5|San Jose La Gavia|4326|1507187|7187|2026-09-29 02:50:00
15|25|Loma Diamante|4326|1507188|7188|2026-09-29 02:50:00
15|25|Lomas Del Mirador|4326|1507189|7189|2026-09-29 02:50:00
15|5|Santiaguito|4326|1507190|7190|2026-09-29 02:50:00
15|109|Tultepec|4326|1507191|7191|2026-09-29 02:50:00
15|55|La Rinconada|4326|1507192|7192|2026-09-29 02:50:00
15|82|El Potrero|4326|1507193|7193|2026-09-29 02:50:00
15|55|San Angelin Ii|4326|1507194|7194|2026-09-29 02:50:00
15|32|Melchor Ocampo|4326|1507195|7195|2026-09-29 02:50:00
15|40|El Chililico|4326|1507196|7196|2026-09-29 02:50:00
15|107|Villas Andes|4326|1507197|7197|2026-09-29 02:50:00
15|107|Villas Opalo|4326|1507198|7198|2026-09-29 02:50:00
15|107|Villas Tamarindo|4326|1507199|7199|2026-09-29 02:50:00
15|107|Villas Limoneros|4326|1507200|7200|2026-09-29 02:50:00
15|107|Villas Naranjos|4326|1507201|7201|2026-09-29 02:50:00
15|107|Villas Rubi|4326|1507202|7202|2026-09-29 02:50:00
15|107|Cientificos|4326|1507203|7203|2026-09-29 02:50:00
15|77|Nuvo|4326|1507204|7204|2026-09-29 02:50:00
15|77|Real Del Sol|4326|1507205|7205|2026-09-29 02:50:00
15|77|San Miguel|4326|1507206|7206|2026-09-29 02:50:00
15|77|Catania|4326|1507207|7207|2026-09-29 02:50:00
15|77|Madero|4326|1507208|7208|2026-09-29 02:50:00
15|77|Buenavista|4326|1507209|7209|2026-09-29 02:50:00
15|77|Nu Haus|4326|1507210|7210|2026-09-29 02:50:00
15|77|Espacio Ii|4326|1507211|7211|2026-09-29 02:50:00
15|5|Paredon Norte|4326|1507212|7212|2026-09-29 02:50:00
15|5|Barrio Del Carmen|4326|1507213|7213|2026-09-29 02:50:00
15|5|Cieneguillas De Ma?ones|4326|1507214|7214|2026-09-29 02:50:00
15|52|San Isidro|4326|1507215|7215|2026-09-29 02:50:00
15|55|Real De San Jeronimo|4326|1507258|7258|2026-09-29 02:50:00
15|55|Puerta Del Sol|4326|1507259|7259|2026-09-29 02:50:00
15|107|Lorient|4326|1507260|7260|2026-09-29 02:50:00
15|25|San Fernando|4326|1507261|7261|2026-09-29 02:50:00
15|110|Alcazar|4326|1507262|7262|2026-09-29 02:50:00
15|107|Crespa Town|4326|1507263|7263|2026-09-29 02:50:00
15|107|La Crespa|4326|1507264|7264|2026-09-29 02:50:00
15|20|H 24|4326|1507265|7265|2026-09-29 02:50:00
15|20|Tlatoscac|4326|1507266|7266|2026-09-29 02:50:00
15|49|La Pera|4326|1507267|7267|2026-09-29 02:50:00
15|49|Juarez|4326|1507268|7268|2026-09-29 02:50:00
15|49|Santa Rita|4326|1507269|7269|2026-09-29 02:50:00
15|49|Soledad|4326|1507270|7270|2026-09-29 02:50:00
15|49|San Jose|4326|1507271|7271|2026-09-29 02:50:00
15|49|Dolores|4326|1507272|7272|2026-09-29 02:50:00
15|49|Santa Cruz Chico|4326|1507273|7273|2026-09-29 02:50:00
15|49|Santa Cruz Grande|4326|1507274|7274|2026-09-29 02:50:00
15|61|Ampliacion Morelos|4326|1507275|7275|2026-09-29 02:50:00
15|122|Ampliacion Cerro Del Marques|4326|1507276|7276|2026-09-29 02:50:00
15|119|Living Natura|4326|1507277|7277|2026-09-29 02:50:00
15|119|Idilica Reserva Serraton Ii|4326|1507278|7278|2026-09-29 02:50:00
15|49|San Jose Boqui|4326|1507279|7279|2026-09-29 02:50:00
15|49|Meje|4326|1507280|7280|2026-09-29 02:50:00
15|82|Paseos Del Bosque 2|4326|1507281|7281|2026-09-29 02:50:00
15|61|Morelos|4326|1507284|7284|2026-09-29 02:50:00
15|110|Bonito Tultitlan|4326|1507285|7285|2026-09-29 02:50:00
15|110|Villas De Santa Teresita|4326|1507286|7286|2026-09-29 02:50:00
15|32|Manuel Lopez Chavez|4326|1507288|7288|2026-09-29 02:50:00
15|102|San Pedro Tlaltizapan|4326|1507290|7290|2026-09-29 02:50:00
15|18|San Andres Ocotlan|4326|1507291|7291|2026-09-29 02:50:00
15|55|Antares Metepec|4326|1507292|7292|2026-09-29 02:50:00
15|52|El Porvenir 2 Segunda Seccion|4326|1507293|7293|2026-09-29 02:50:00
15|55|Loreto|4326|1507294|7294|2026-09-29 02:50:00
15|55|Botaniko|4326|1507295|7295|2026-09-29 02:50:00
15|55|Santa Lucia|4326|1507296|7296|2026-09-29 02:50:00
15|55|Escandinavia|4326|1507297|7297|2026-09-29 02:50:00
15|55|Normandia|4326|1507298|7298|2026-09-29 02:50:00
15|55|Ballester|4326|1507299|7299|2026-09-29 02:50:00
15|55|Pedregal Asuncion|4326|1507300|7300|2026-09-29 02:50:00
15|21|Zacatones|4326|1507301|7301|2026-09-29 02:50:00
15|21|Piedras Anchas|4326|1507302|7302|2026-09-29 02:50:00
15|119|Progreso|4326|1507303|7303|2026-09-29 02:50:00
15|55|San Miguel Regla|4326|1507304|7304|2026-09-29 02:50:00
15|61|Balcones De Santa Ana|4326|1507305|7305|2026-09-29 02:50:00
15|61|Benito Juarez Barron|4326|1507306|7306|2026-09-29 02:50:00
15|40|Cuatro Vientos|4326|1507308|7308|2026-09-29 02:50:00
15|40|San Jeronimo Cuatro Vientos|4326|1507309|7309|2026-09-29 02:50:00
15|40|San Jeronimo Cuatro Vientos|4326|1507310|7310|2026-09-29 02:50:00
15|40|Margarita Moran|4326|1507311|7311|2026-09-29 02:50:00
15|40|Paraje Juquilita|4326|1507312|7312|2026-09-29 02:50:00
15|40|Paraje Revolucin|4326|1507313|7313|2026-09-29 02:50:00
15|40|Paraje Las Peras|4326|1507314|7314|2026-09-29 02:50:00
15|19|Lomas De San Juan|4326|1507333|7333|2026-09-29 02:50:00
15|19|Agua Blanca|4326|1507334|7334|2026-09-29 02:50:00
15|19|Centro|4326|1507335|7335|2026-09-29 02:50:00
15|19|La Cruz|4326|1507336|7336|2026-09-29 02:50:00
15|19|Capulhuac De Mirafuentes|4326|1507337|7337|2026-09-29 02:50:00
15|19|San Isidro|4326|1507338|7338|2026-09-29 02:50:00
15|19|Santa Maria Coaxuxco|4326|1507339|7339|2026-09-29 02:50:00
15|19|San Miguelito|4326|1507340|7340|2026-09-29 02:50:00
15|43|Guadalupe Cachi|4326|1507341|7341|2026-09-29 02:50:00
15|43|San Juan De Las Manzanas|4326|1507342|7342|2026-09-29 02:50:00
15|43|La Concepcion Enyege|4326|1507343|7343|2026-09-29 02:50:00
15|43|Dolores Enyege|4326|1507344|7344|2026-09-29 02:50:00
15|43|San Miguel Enyege|4326|1507345|7345|2026-09-29 02:50:00
15|43|Santa Ana Ixtlahuaca|4326|1507346|7346|2026-09-29 02:50:00
15|43|San Ignacio Del Pedregal|4326|1507347|7347|2026-09-29 02:50:00
15|43|Santa Ana La Ladera 4|4326|1507348|7348|2026-09-29 02:50:00
15|43|El Tecomate|4326|1507349|7349|2026-09-29 02:50:00
15|43|San Isidro Boxipe|4326|1507350|7350|2026-09-29 02:50:00
15|43|San Mateo Ixtlahuaca|4326|1507351|7351|2026-09-29 02:50:00
15|43|Jalpa De Dolores|4326|1507352|7352|2026-09-29 02:50:00
15|43|San Pablo De Los Remedios|4326|1507353|7353|2026-09-29 02:50:00
22|14|Las Teresas|4326|2200001|1|2026-09-29 02:50:00
22|14|Jose Maria Arteaga|4326|2200002|2|2026-09-29 02:50:00
22|14|Ferrocarrilera|4326|2200003|3|2026-09-29 02:50:00
22|14|5 De Febrero|4326|2200004|4|2026-09-29 02:50:00
22|14|La Piedad|4326|2200005|5|2026-09-29 02:50:00
22|14|La Florida|4326|2200006|6|2026-09-29 02:50:00
22|14|Fovissste Constituyentes|4326|2200007|7|2026-09-29 02:50:00
22|5|Arboledas Del Sur|4326|2200008|8|2026-09-29 02:50:00
22|5|Lomas De Balvanera|4326|2200009|9|2026-09-29 02:50:00
22|5|El Milagrito|4326|2200010|10|2026-09-29 02:50:00
22|16|La Valla|4326|2200011|11|2026-09-29 02:50:00
22|7|El Salto|4326|2200012|12|2026-09-29 02:50:00
22|16|Las Flores|4326|2200013|13|2026-09-29 02:50:00
22|16|Valle De Oro|4326|2200014|14|2026-09-29 02:50:00
22|6|Los Velazquez|4326|2200015|15|2026-09-29 02:50:00
22|6|El Toro Pinto|4326|2200016|16|2026-09-29 02:50:00
22|6|El Milagro|4326|2200017|17|2026-09-29 02:50:00
22|6|Santa Elena|4326|2200018|18|2026-09-29 02:50:00
22|6|Magisterial|4326|2200019|19|2026-09-29 02:50:00
22|6|La Providencia|4326|2200020|20|2026-09-29 02:50:00
22|16|Infonavit San Isidro|4326|2200021|21|2026-09-29 02:50:00
22|16|Estacion Vieja Del Ferrocarril|4326|2200022|22|2026-09-29 02:50:00
22|16|Las Flores|4326|2200023|23|2026-09-29 02:50:00
22|16|Santa Fe|4326|2200024|24|2026-09-29 02:50:00
22|16|San Isidro|4326|2200025|25|2026-09-29 02:50:00
22|16|Santa Cruz|4326|2200026|26|2026-09-29 02:50:00
22|16|La Paz 3a Seccion|4326|2200027|27|2026-09-29 02:50:00
22|16|La Paz 2a Seccion|4326|2200028|28|2026-09-29 02:50:00
22|14|Frida Kahlo|4326|2200029|29|2026-09-29 02:50:00
22|16|Las Haciendas|4326|2200030|30|2026-09-29 02:50:00
22|16|Villas Del Pedregal|4326|2200031|31|2026-09-29 02:50:00
22|16|Villas Del Pedregal 1a Seccion|4326|2200032|32|2026-09-29 02:50:00
22|14|El Rosario|4326|2200033|33|2026-09-29 02:50:00
22|16|Lomas De San Juan 2a Seccion|4326|2200034|34|2026-09-29 02:50:00
22|14|Prados De La Capilla|4326|2200035|35|2026-09-29 02:50:00
22|14|Los Virreyes|4326|2200036|36|2026-09-29 02:50:00
22|14|Eucaliptos|4326|2200037|37|2026-09-29 02:50:00
22|14|La Sandia|4326|2200038|38|2026-09-29 02:50:00
22|14|La Reja|4326|2200039|39|2026-09-29 02:50:00
22|14|Ensue?o|4326|2200040|40|2026-09-29 02:50:00
22|14|Santiago|4326|2200041|41|2026-09-29 02:50:00
22|14|Las Campanas|4326|2200042|42|2026-09-29 02:50:00
22|14|Ni?os Heroes|4326|2200043|43|2026-09-29 02:50:00
22|14|El Prado|4326|2200044|44|2026-09-29 02:50:00
22|14|San Angel|4326|2200045|45|2026-09-29 02:50:00
22|14|Las Fuentes|4326|2200046|46|2026-09-29 02:50:00
22|14|El Carrizal|4326|2200047|47|2026-09-29 02:50:00
22|14|Cimatario|4326|2200048|48|2026-09-29 02:50:00
22|14|Las Misiones|4326|2200049|49|2026-09-29 02:50:00
22|14|La Estrella|4326|2200050|50|2026-09-29 02:50:00
22|14|Colonial El Sol|4326|2200051|51|2026-09-29 02:50:00
22|14|Jurica El Pinar|4326|2200052|52|2026-09-29 02:50:00
22|5|Rincon Colonial|4326|2200053|53|2026-09-29 02:50:00
22|5|Los Vergeles|4326|2200054|54|2026-09-29 02:50:00
22|14|San Sebastian|4326|2200055|55|2026-09-29 02:50:00
22|14|Primavera|4326|2200056|56|2026-09-29 02:50:00
22|14|Los Claustros|4326|2200057|57|2026-09-29 02:50:00
22|14|Margaritas|4326|2200058|58|2026-09-29 02:50:00
22|5|El Zorzal|4326|2200059|59|2026-09-29 02:50:00
22|14|Jacarandas|4326|2200060|60|2026-09-29 02:50:00
22|14|Los Cedros|4326|2200061|61|2026-09-29 02:50:00
22|5|Bellavista|4326|2200062|62|2026-09-29 02:50:00
22|5|Catalina|4326|2200063|63|2026-09-29 02:50:00
22|14|Las Brujas|4326|2200064|64|2026-09-29 02:50:00
22|5|Don Bosco|4326|2200065|65|2026-09-29 02:50:00
22|14|Las Brujas|4326|2200066|66|2026-09-29 02:50:00
22|14|Alamos 1a Seccion|4326|2200067|67|2026-09-29 02:50:00
22|14|San Javier|4326|2200068|68|2026-09-29 02:50:00
22|14|Pathe|4326|2200069|69|2026-09-29 02:50:00
22|14|Diligencias|4326|2200070|70|2026-09-29 02:50:00
22|5|Don Gregorio|4326|2200071|71|2026-09-29 02:50:00
22|5|Villas Schoenstatt|4326|2200072|72|2026-09-29 02:50:00
22|14|Guadalupe Victoria|4326|2200073|73|2026-09-29 02:50:00
22|16|Jardines Del Pedregal|4326|2200074|74|2026-09-29 02:50:00
22|14|Universidad|4326|2200075|75|2026-09-29 02:50:00
22|5|Club Maravillas|4326|2200076|76|2026-09-29 02:50:00
22|14|Arboledas Del Rio|4326|2200077|77|2026-09-29 02:50:00
22|16|Ferrocarrilera 1a Seccion|4326|2200078|78|2026-09-29 02:50:00
22|14|La Cruz|4326|2200079|79|2026-09-29 02:50:00
22|14|La Pastora|4326|2200080|80|2026-09-29 02:50:00
22|14|Jardines De Queretaro|4326|2200081|81|2026-09-29 02:50:00
22|14|El Marques|4326|2200082|82|2026-09-29 02:50:00
22|14|Panoramico|4326|2200083|83|2026-09-29 02:50:00
22|14|Panamericano|4326|2200084|84|2026-09-29 02:50:00
22|5|La Isla (las Delicias)|4326|2200085|85|2026-09-29 02:50:00
22|14|El Laurel|4326|2200086|86|2026-09-29 02:50:00
22|14|Villas Del Sol|4326|2200087|87|2026-09-29 02:50:00
22|14|Valle Alameda|4326|2200088|88|2026-09-29 02:50:00
22|5|Villas Campestre|4326|2200089|89|2026-09-29 02:50:00
22|14|Aragon|4326|2200090|90|2026-09-29 02:50:00
22|14|Villas Del Sur|4326|2200091|91|2026-09-29 02:50:00
22|14|La Pe?a|4326|2200092|92|2026-09-29 02:50:00
22|5|Los Pinos|4326|2200093|93|2026-09-29 02:50:00
22|14|Miguel Hidalgo|4326|2200094|94|2026-09-29 02:50:00
22|5|Valle De Los Olivos|4326|2200095|95|2026-09-29 02:50:00
22|14|Hidalgo|4326|2200096|96|2026-09-29 02:50:00
22|14|Francisco Villa 2a Seccion|4326|2200097|97|2026-09-29 02:50:00
22|14|San Francisquito|4326|2200098|98|2026-09-29 02:50:00
22|16|Los Prados|4326|2200099|99|2026-09-29 02:50:00
22|14|Observatorio|4326|2200100|100|2026-09-29 02:50:00
22|5|El Portico|4326|2200101|101|2026-09-29 02:50:00
22|14|Morelos|4326|2200102|102|2026-09-29 02:50:00
22|5|El Fortin|4326|2200103|103|2026-09-29 02:50:00
22|5|El Batan|4326|2200104|104|2026-09-29 02:50:00
22|16|El Campanario|4326|2200105|105|2026-09-29 02:50:00
22|5|El Roble|4326|2200106|106|2026-09-29 02:50:00
22|5|Camelinas|4326|2200107|107|2026-09-29 02:50:00
22|16|Villas Las Fuentes|4326|2200108|108|2026-09-29 02:50:00
22|16|Las Fuentes|4326|2200109|109|2026-09-29 02:50:00
22|14|Francisco Villa 1a Seccion|4326|2200110|110|2026-09-29 02:50:00
22|16|Jardines De San Juan|4326|2200111|111|2026-09-29 02:50:00
22|16|Los Alamos|4326|2200112|112|2026-09-29 02:50:00
22|16|Los Nogales|4326|2200113|113|2026-09-29 02:50:00
22|14|Centro Universitario|4326|2200114|114|2026-09-29 02:50:00
22|16|Los Cipreses|4326|2200115|115|2026-09-29 02:50:00
22|16|Los Encinos|4326|2200116|116|2026-09-29 02:50:00
22|14|Villas De Guadalupe|4326|2200117|117|2026-09-29 02:50:00
22|14|San Pedrito Los Arcos|4326|2200118|118|2026-09-29 02:50:00
22|14|Los Manzanos|4326|2200119|119|2026-09-29 02:50:00
22|14|Libertad|4326|2200120|120|2026-09-29 02:50:00
22|14|La Cordillera|4326|2200121|121|2026-09-29 02:50:00
22|14|Querena|4326|2200122|122|2026-09-29 02:50:00
22|14|Santana Vistas Del Valle|4326|2200123|123|2026-09-29 02:50:00
22|16|Fatima|4326|2200124|124|2026-09-29 02:50:00
22|14|Condominios Satelite|4326|2200125|125|2026-09-29 02:50:00
22|16|El Riel|4326|2200126|126|2026-09-29 02:50:00
22|16|Infonavit San Cayetano|4326|2200127|127|2026-09-29 02:50:00
22|14|Los Padilla (unidad Nacional 3ra Seccion)|4326|2200128|128|2026-09-29 02:50:00
22|14|Heberto Castillo|4326|2200129|129|2026-09-29 02:50:00
22|10|El Marques De Jaguey|4326|2200130|130|2026-09-29 02:50:00
22|16|Los Azahares|4326|2200131|131|2026-09-29 02:50:00
22|14|Privada Jurica|4326|2200132|132|2026-09-29 02:50:00
22|14|San Miguel 2a Seccion|4326|2200133|133|2026-09-29 02:50:00
22|14|San Miguel 1a Seccion|4326|2200134|134|2026-09-29 02:50:00
22|14|Las Quintas 3a Seccion|4326|2200135|135|2026-09-29 02:50:00
22|14|Privada Arboledas|4326|2200136|136|2026-09-29 02:50:00
22|16|San Isidro|4326|2200137|137|2026-09-29 02:50:00
22|14|Valle De San Pedro|4326|2200138|138|2026-09-29 02:50:00
22|16|Vista Del Valle|4326|2200139|139|2026-09-29 02:50:00
22|7|Cumbres Del Cimatario|4326|2200140|140|2026-09-29 02:50:00
22|14|Tejas|4326|2200141|141|2026-09-29 02:50:00
22|14|La Nueva Realidad|4326|2200142|142|2026-09-29 02:50:00
22|14|Nacional|4326|2200143|143|2026-09-29 02:50:00
22|16|Betania|4326|2200144|144|2026-09-29 02:50:00
22|14|Reforma Agraria Radical|4326|2200145|145|2026-09-29 02:50:00
22|14|Bugambilias (contemporaneo)|4326|2200146|146|2026-09-29 02:50:00
22|14|Del Rio|4326|2200147|147|2026-09-29 02:50:00
22|14|Karina|4326|2200148|148|2026-09-29 02:50:00
22|14|Satelite|4326|2200149|149|2026-09-29 02:50:00
22|16|De San Juan|4326|2200150|150|2026-09-29 02:50:00
22|14|Lomas De San Pedrito Seccion Portales|4326|2200151|151|2026-09-29 02:50:00
22|14|Insurgentes|4326|2200152|152|2026-09-29 02:50:00
22|14|Las Glorias|4326|2200153|153|2026-09-29 02:50:00
22|14|Villas De Santiago|4326|2200154|154|2026-09-29 02:50:00
22|14|Josefa Ortiz De Dominguez 2a Seccion|4326|2200155|155|2026-09-29 02:50:00
22|16|Ramos Millan|4326|2200156|156|2026-09-29 02:50:00
22|14|Sergio Villase?or|4326|2200157|157|2026-09-29 02:50:00
22|14|Sauces|4326|2200158|158|2026-09-29 02:50:00
22|16|El Molino|4326|2200159|159|2026-09-29 02:50:00
22|14|Josefa Ortiz De Dominguez|4326|2200160|160|2026-09-29 02:50:00
22|16|La Vi?a|4326|2200161|161|2026-09-29 02:50:00
22|14|Francisco Javier Mina|4326|2200162|162|2026-09-29 02:50:00
22|16|Las Alamedas|4326|2200163|163|2026-09-29 02:50:00
22|14|Balcones De San Pablo|4326|2200164|164|2026-09-29 02:50:00
22|14|El Tintero|4326|2200165|165|2026-09-29 02:50:00
22|14|Condominio Habitacional Carrillo 1|4326|2200166|166|2026-09-29 02:50:00
22|14|Med 100|4326|2200167|167|2026-09-29 02:50:00
22|14|Puerta Del Sol Ii|4326|2200168|168|2026-09-29 02:50:00
22|16|Los Laureles|4326|2200169|169|2026-09-29 02:50:00
22|14|Del Bosque|4326|2200170|170|2026-09-29 02:50:00
22|14|Don Manuel|4326|2200171|171|2026-09-29 02:50:00
22|14|Calesa 2a Seccion|4326|2200172|172|2026-09-29 02:50:00
22|14|La Huerta|4326|2200173|173|2026-09-29 02:50:00
22|14|El Cortijo 2a Seccion|4326|2200174|174|2026-09-29 02:50:00
22|14|Garambullo|4326|2200175|175|2026-09-29 02:50:00
22|14|El Cortijo 1a Seccion|4326|2200176|176|2026-09-29 02:50:00
22|14|Puesta Del Sol|4326|2200177|177|2026-09-29 02:50:00
22|14|Puesta Del Sol|4326|2200178|178|2026-09-29 02:50:00
22|14|San Pablo 2a Seccion|4326|2200179|179|2026-09-29 02:50:00
22|14|Los Fresnos|4326|2200180|180|2026-09-29 02:50:00
22|14|Fovissste San Pablo 1a Seccion|4326|2200181|181|2026-09-29 02:50:00
22|16|Los Arrayanes|4326|2200182|182|2026-09-29 02:50:00
22|16|Benito Juarez|4326|2200183|183|2026-09-29 02:50:00
22|5|Popular Ecologica Valle De Oro|4326|2200184|184|2026-09-29 02:50:00
22|16|Villas Los Robles|4326|2200185|185|2026-09-29 02:50:00
22|14|Conjunto Seminario|4326|2200186|186|2026-09-29 02:50:00
22|14|Villas De Santa Monica|4326|2200187|187|2026-09-29 02:50:00
22|5|Purisima De La Cueva|4326|2200188|188|2026-09-29 02:50:00
22|6|El Puerto|4326|2200189|189|2026-09-29 02:50:00
22|6|La Fuente|4326|2200190|190|2026-09-29 02:50:00
22|5|De La Virgen|4326|2200191|191|2026-09-29 02:50:00
22|5|Mision La Esperanza|4326|2200192|192|2026-09-29 02:50:00
22|14|Quinta Alicia|4326|2200193|193|2026-09-29 02:50:00
22|16|Senegal De Las Palomas|4326|2200194|194|2026-09-29 02:50:00
22|14|Las Palomas|4326|2200196|196|2026-09-29 02:50:00
22|14|Las Bugambilias|4326|2200197|197|2026-09-29 02:50:00
22|14|Tecnologico|4326|2200198|198|2026-09-29 02:50:00
22|14|Pedregal De Buenos Aires|4326|2200199|199|2026-09-29 02:50:00
22|16|Tomasita|4326|2200200|200|2026-09-29 02:50:00
22|14|Plaza De Las Nubes|4326|2200201|201|2026-09-29 02:50:00
22|14|Plaza Del Viento|4326|2200202|202|2026-09-29 02:50:00
22|11|Santiago Atepetlac|4326|2200203|203|2026-09-29 02:50:00
22|11|Dolores De Ajuchitlancito|4326|2200204|204|2026-09-29 02:50:00
22|17|El Tejocote|4326|2200205|205|2026-09-29 02:50:00
22|14|El Jardin Residencial|4326|2200206|206|2026-09-29 02:50:00
22|14|Cedros Tulipanes|4326|2200207|207|2026-09-29 02:50:00
22|14|Cedros Alcatraces|4326|2200208|208|2026-09-29 02:50:00
22|14|Senderos De La Luna|4326|2200209|209|2026-09-29 02:50:00
22|14|Unidad Condominal Las Plazas|4326|2200210|210|2026-09-29 02:50:00
22|14|Rinconada De Las Fuentes (fuente De Verona)|4326|2200211|211|2026-09-29 02:50:00
22|14|Rinconada De Las Fuentes (fuente De Las Cibeles)|4326|2200212|212|2026-09-29 02:50:00
22|14|Libertadores Residencial|4326|2200213|213|2026-09-29 02:50:00
22|14|Rinconada De Las Fuentes (fuente De Trevi)|4326|2200214|214|2026-09-29 02:50:00
22|14|Rinconada De Las Fuentes (fuente De Creta)|4326|2200215|215|2026-09-29 02:50:00
22|14|Rinconada De Las Fuentes (fuente De Pisa)|4326|2200216|216|2026-09-29 02:50:00
22|14|Rinconada De Las Fuentes (fuente De Troya)|4326|2200217|217|2026-09-29 02:50:00
22|14|Colinas De Santa Cruz 2a Seccion|4326|2200218|218|2026-09-29 02:50:00
22|14|Nuevo Plan De Santa Maria|4326|2200219|219|2026-09-29 02:50:00
22|14|Santa Isabel|4326|2200220|220|2026-09-29 02:50:00
22|14|La Esmeralda|4326|2200221|221|2026-09-29 02:50:00
22|14|Ruben Jaramillo|4326|2200222|222|2026-09-29 02:50:00
22|14|Comevi|4326|2200223|223|2026-09-29 02:50:00
22|14|Centenario|4326|2200224|224|2026-09-29 02:50:00
22|14|San Pedro Martir|4326|2200225|225|2026-09-29 02:50:00
22|16|Las Margaritas|4326|2200226|226|2026-09-29 02:50:00
22|16|Agua Rica|4326|2200227|227|2026-09-29 02:50:00
22|16|Villas Del Centro|4326|2200228|228|2026-09-29 02:50:00
22|16|Conca|4326|2200229|229|2026-09-29 02:50:00
22|6|Las Rosas|4326|2200230|230|2026-09-29 02:50:00
22|14|La Haciendita|4326|2200231|231|2026-09-29 02:50:00
22|14|Privada Bugambilias|4326|2200232|232|2026-09-29 02:50:00
22|14|Los Cedros|4326|2200233|233|2026-09-29 02:50:00
22|14|San Jose|4326|2200234|234|2026-09-29 02:50:00
22|14|Azteca|4326|2200235|235|2026-09-29 02:50:00
22|14|Tabachines|4326|2200236|236|2026-09-29 02:50:00
22|14|Real Del Parque|4326|2200237|237|2026-09-29 02:50:00
22|14|San Roque|4326|2200238|238|2026-09-29 02:50:00
22|14|Los Eucaliptos|4326|2200239|239|2026-09-29 02:50:00
22|14|Departamental Parques|4326|2200240|240|2026-09-29 02:50:00
22|14|Los Fresnos|4326|2200241|241|2026-09-29 02:50:00
22|14|Parques|4326|2200242|242|2026-09-29 02:50:00
22|14|San Roque|4326|2200243|243|2026-09-29 02:50:00
22|14|Santa Catarina|4326|2200244|244|2026-09-29 02:50:00
22|14|Los Pirules|4326|2200245|245|2026-09-29 02:50:00
22|14|Los Molinos 2a Seccion|4326|2200246|246|2026-09-29 02:50:00
22|14|Victoria|4326|2200247|247|2026-09-29 02:50:00
22|14|San Gregorio|4326|2200248|248|2026-09-29 02:50:00
22|14|Los Faroles|4326|2200249|249|2026-09-29 02:50:00
22|14|Prados Del Tecnologico|4326|2200250|250|2026-09-29 02:50:00
22|14|El Porvenir|4326|2200251|251|2026-09-29 02:50:00
22|14|Espa?a|4326|2200252|252|2026-09-29 02:50:00
22|14|Las Pe?itas|4326|2200253|253|2026-09-29 02:50:00
22|14|Indeco La Popular|4326|2200254|254|2026-09-29 02:50:00
22|14|La Monta?a|4326|2200255|255|2026-09-29 02:50:00
22|14|Prados Del Campestre|4326|2200256|256|2026-09-29 02:50:00
22|14|Villas Las Hadas|4326|2200257|257|2026-09-29 02:50:00
22|14|Romi|4326|2200258|258|2026-09-29 02:50:00
22|14|Marte|4326|2200259|259|2026-09-29 02:50:00
22|14|Colonial San Pablo|4326|2200260|260|2026-09-29 02:50:00
22|14|El Rocio|4326|2200261|261|2026-09-29 02:50:00
22|16|Bernal|4326|2200262|262|2026-09-29 02:50:00
22|14|Balaustradas|4326|2200263|263|2026-09-29 02:50:00
22|14|Obrera|4326|2200264|264|2026-09-29 02:50:00
22|14|Ex-hacienda El Tintero|4326|2200265|265|2026-09-29 02:50:00
22|14|Lomas De Casa Blanca|4326|2200266|266|2026-09-29 02:50:00
22|14|Alamos 2a Seccion|4326|2200267|267|2026-09-29 02:50:00
22|14|Prados Del Mirador|4326|2200268|268|2026-09-29 02:50:00
22|14|Marques Queretano|4326|2200269|269|2026-09-29 02:50:00
22|14|Arte Mexicano|4326|2200270|270|2026-09-29 02:50:00
22|14|El Mirador|4326|2200271|271|2026-09-29 02:50:00
22|14|La Capilla|4326|2200272|272|2026-09-29 02:50:00
22|14|Loma Linda|4326|2200273|273|2026-09-29 02:50:00
22|14|Burocrata|4326|2200274|274|2026-09-29 02:50:00
22|14|El Progreso|4326|2200275|275|2026-09-29 02:50:00
22|14|Plazas Del Sol 2a Seccion|4326|2200276|276|2026-09-29 02:50:00
22|14|Los Toritos|4326|2200277|277|2026-09-29 02:50:00
22|14|Azteca|4326|2200278|278|2026-09-29 02:50:00
22|14|Santa Monica|4326|2200279|279|2026-09-29 02:50:00
22|14|Vista Alegre 2a Seccion|4326|2200280|280|2026-09-29 02:50:00
22|14|Comerciantes|4326|2200281|281|2026-09-29 02:50:00
22|14|Ampolletas|4326|2200282|282|2026-09-29 02:50:00
22|14|Presidentes|4326|2200283|283|2026-09-29 02:50:00
22|14|Viva|4326|2200284|284|2026-09-29 02:50:00
22|14|Villas Las Arboledas|4326|2200285|285|2026-09-29 02:50:00
22|14|La Alhambra|4326|2200286|286|2026-09-29 02:50:00
22|14|Terranova 4a Seccion|4326|2200287|287|2026-09-29 02:50:00
22|14|Terranova 3a Seccion|4326|2200288|288|2026-09-29 02:50:00
22|14|Casa Hermosa|4326|2200289|289|2026-09-29 02:50:00
22|14|Terranova 2a Seccion|4326|2200290|290|2026-09-29 02:50:00
22|14|Terranova 1a Seccion|4326|2200291|291|2026-09-29 02:50:00
22|14|La Providencia|4326|2200292|292|2026-09-29 02:50:00
22|14|Andalucia (conjunto Sevilla)|4326|2200293|293|2026-09-29 02:50:00
22|14|Viveros De Queretaro|4326|2200294|294|2026-09-29 02:50:00
22|14|Mariano Escobedo|4326|2200295|295|2026-09-29 02:50:00
22|14|Villas De Valle Alameda|4326|2200296|296|2026-09-29 02:50:00
22|14|Vicente Guerrero|4326|2200297|297|2026-09-29 02:50:00
22|14|Santa Anita|4326|2200298|298|2026-09-29 02:50:00
22|14|Santa Ana|4326|2200299|299|2026-09-29 02:50:00
22|14|Centro|4326|2200300|300|2026-09-29 02:50:00
22|14|Panamericano Villas De San Joaquin|4326|2200301|301|2026-09-29 02:50:00
22|14|San Jose De La Monta?a|4326|2200302|302|2026-09-29 02:50:00
22|17|Granjas Residenciales|4326|2200303|303|2026-09-29 02:50:00
22|9|Otates|4326|2200304|304|2026-09-29 02:50:00
22|7|La Florida|4326|2200305|305|2026-09-29 02:50:00
22|4|Galeras|4326|2200306|306|2026-09-29 02:50:00
22|7|La Ceja (centro)|4326|2200307|307|2026-09-29 02:50:00
22|4|Piedras Negras|4326|2200308|308|2026-09-29 02:50:00
22|1|San Antonio La Labor|4326|2200309|309|2026-09-29 02:50:00
22|7|Santa Teresa|4326|2200310|310|2026-09-29 02:50:00
22|7|Guadalupe 1a Seccion|4326|2200311|311|2026-09-29 02:50:00
22|16|Loma De La Valla (buenavista De La Valla)|4326|2200312|312|2026-09-29 02:50:00
22|14|San Antonio|4326|2200313|313|2026-09-29 02:50:00
22|16|Villas De La Hacienda|4326|2200314|314|2026-09-29 02:50:00
22|16|Las Teresas|4326|2200315|315|2026-09-29 02:50:00
22|16|Hacienda Las Nueces|4326|2200316|316|2026-09-29 02:50:00
22|16|San Isidro 2a Seccion|4326|2200317|317|2026-09-29 02:50:00
22|17|Nautha|4326|2200318|318|2026-09-29 02:50:00
22|17|Rincon Del Marques|4326|2200319|319|2026-09-29 02:50:00
22|17|Serena|4326|2200320|320|2026-09-29 02:50:00
22|17|El Caserio|4326|2200321|321|2026-09-29 02:50:00
22|17|Quinta Seccion Del Club De Golf|4326|2200322|322|2026-09-29 02:50:00
22|17|Fray Junipero Serra|4326|2200323|323|2026-09-29 02:50:00
22|17|Villas Campestres|4326|2200324|324|2026-09-29 02:50:00
22|14|El Palomar Del Rey|4326|2200325|325|2026-09-29 02:50:00
22|16|La Paz|4326|2200326|326|2026-09-29 02:50:00
22|16|Los Pirules|4326|2200327|327|2026-09-29 02:50:00
22|16|Villas Del Jardin|4326|2200328|328|2026-09-29 02:50:00
22|14|Marrakech|4326|2200329|329|2026-09-29 02:50:00
22|14|Las Americas 3a Seccion|4326|2200330|330|2026-09-29 02:50:00
22|14|Martires De La Libertad 3a Seccion|4326|2200331|331|2026-09-29 02:50:00
22|14|Martires De La Libertad 2a Seccion|4326|2200332|332|2026-09-29 02:50:00
22|14|Desarrollo San Angel|4326|2200333|333|2026-09-29 02:50:00
22|14|Felipe Angeles|4326|2200334|334|2026-09-29 02:50:00
22|14|Margaritas|4326|2200335|335|2026-09-29 02:50:00
22|14|Jose Maria Bustamante|4326|2200336|336|2026-09-29 02:50:00
22|14|Jardines De La Alborada|4326|2200337|337|2026-09-29 02:50:00
22|16|La Providencia (oriental San Pedro)|4326|2200338|338|2026-09-29 02:50:00
22|16|Los Compadres (las Margaritas)|4326|2200339|339|2026-09-29 02:50:00
22|16|Villas Del Sol|4326|2200340|340|2026-09-29 02:50:00
22|16|La Arboleda|4326|2200341|341|2026-09-29 02:50:00
22|14|Los Encinos|4326|2200342|342|2026-09-29 02:50:00
22|14|Terrazas De San Pablo|4326|2200343|343|2026-09-29 02:50:00
22|14|Las Quintas|4326|2200344|344|2026-09-29 02:50:00
22|14|Las Plazas|4326|2200345|345|2026-09-29 02:50:00
22|14|Claustros De La Loma|4326|2200346|346|2026-09-29 02:50:00
22|14|Balcones Campestre|4326|2200347|347|2026-09-29 02:50:00
22|14|La Cima|4326|2200348|348|2026-09-29 02:50:00
22|14|San Joaquin|4326|2200349|349|2026-09-29 02:50:00
22|14|Los Girasoles|4326|2200350|350|2026-09-29 02:50:00
22|14|Monte Blanco 1a Seccion|4326|2200351|351|2026-09-29 02:50:00
22|14|Villas Del Rincon|4326|2200352|352|2026-09-29 02:50:00
22|14|Bellavista|4326|2200353|353|2026-09-29 02:50:00
22|14|Zapata Vive|4326|2200354|354|2026-09-29 02:50:00
22|14|Las Quintas 2a Seccion|4326|2200355|355|2026-09-29 02:50:00
22|14|Constelacion|4326|2200356|356|2026-09-29 02:50:00
22|14|Del Valle|4326|2200357|357|2026-09-29 02:50:00
22|14|Bugambilias|4326|2200358|358|2026-09-29 02:50:00
22|14|Vista 2000|4326|2200359|359|2026-09-29 02:50:00
22|14|Habitacional Los Vitrales|4326|2200360|360|2026-09-29 02:50:00
22|14|Villas Tecnologico|4326|2200361|361|2026-09-29 02:50:00
22|5|Rincon Campestre De Queretaro|4326|2200362|362|2026-09-29 02:50:00
22|14|Cerrito Colorado|4326|2200363|363|2026-09-29 02:50:00
22|14|Geovillas|4326|2200364|364|2026-09-29 02:50:00
22|5|Lomas Del Campestre|4326|2200365|365|2026-09-29 02:50:00
22|5|Francisco Villa|4326|2200366|366|2026-09-29 02:50:00
22|14|Centro Deportivo I T Q|4326|2200367|367|2026-09-29 02:50:00
22|14|Cuauhtemoc|4326|2200368|368|2026-09-29 02:50:00
22|14|Lomas De Queretaro|4326|2200369|369|2026-09-29 02:50:00
22|14|Orquideas|4326|2200370|370|2026-09-29 02:50:00
22|14|Arboledas Del Parque|4326|2200371|371|2026-09-29 02:50:00
22|14|Real De Quevedo|4326|2200372|372|2026-09-29 02:50:00
22|14|Flamboyanes|4326|2200373|373|2026-09-29 02:50:00
22|14|La Granja|4326|2200374|374|2026-09-29 02:50:00
22|14|Bosques Del Sol|4326|2200375|375|2026-09-29 02:50:00
22|14|Los Pilares|4326|2200376|376|2026-09-29 02:50:00
22|14|Jurica|4326|2200377|377|2026-09-29 02:50:00
22|14|Industrial|4326|2200378|378|2026-09-29 02:50:00
22|14|Balcones|4326|2200379|379|2026-09-29 02:50:00
22|14|La Pe?a Y Queretano|4326|2200380|380|2026-09-29 02:50:00
22|14|Lomas Altas 2a Seccion|4326|2200381|381|2026-09-29 02:50:00
22|14|Lomas Altas 1a Seccion|4326|2200382|382|2026-09-29 02:50:00
22|14|Las Fuentes|4326|2200383|383|2026-09-29 02:50:00
22|14|Constituyentes|4326|2200384|384|2026-09-29 02:50:00
22|14|Del Arco|4326|2200385|385|2026-09-29 02:50:00
22|14|Felipe Carrillo Puerto|4326|2200386|386|2026-09-29 02:50:00
22|14|Laureles (fraccionamiento San Diego)|4326|2200387|387|2026-09-29 02:50:00
22|10|Misiones|4326|2200388|388|2026-09-29 02:50:00
22|10|Las Villas|4326|2200389|389|2026-09-29 02:50:00
22|14|Tecnologico 3a Seccion|4326|2200390|390|2026-09-29 02:50:00
22|14|Nuevo Carrillo|4326|2200391|391|2026-09-29 02:50:00
22|14|San Pedrito Pe?uelas|4326|2200392|392|2026-09-29 02:50:00
22|14|Cosmos Satelite|4326|2200393|393|2026-09-29 02:50:00
22|14|Satelite|4326|2200394|394|2026-09-29 02:50:00
22|14|Josefa Ortiz De Dominguez 4a Seccion|4326|2200395|395|2026-09-29 02:50:00
22|14|Josefa Ortiz De Dominguez 1a Seccion|4326|2200396|396|2026-09-29 02:50:00
22|14|Andadores Satelite|4326|2200397|397|2026-09-29 02:50:00
22|14|El Rocio 2a Seccion|4326|2200398|398|2026-09-29 02:50:00
22|14|Cerrito Colorado 7a Seccion|4326|2200399|399|2026-09-29 02:50:00
22|14|Cerrito Colorado 1a Seccion|4326|2200400|400|2026-09-29 02:50:00
22|14|Cerrito Colorado 5a Seccion|4326|2200401|401|2026-09-29 02:50:00
22|14|Las Flores|4326|2200402|402|2026-09-29 02:50:00
22|14|San Antonio Del Maurel|4326|2200403|403|2026-09-29 02:50:00
22|14|Las Fuentes|4326|2200404|404|2026-09-29 02:50:00
22|14|Magisterial|4326|2200405|405|2026-09-29 02:50:00
22|14|Eucaliptos 2a Seccion|4326|2200406|406|2026-09-29 02:50:00
22|14|Jardines De La Hacienda|4326|2200407|407|2026-09-29 02:50:00
22|14|Fidel Velazquez|4326|2200408|408|2026-09-29 02:50:00
22|14|Moderna|4326|2200409|409|2026-09-29 02:50:00
22|14|Frondoso|4326|2200410|410|2026-09-29 02:50:00
22|14|La Carambada|4326|2200411|411|2026-09-29 02:50:00
22|14|La Estacada|4326|2200412|412|2026-09-29 02:50:00
22|16|Villas Tabachines|4326|2200413|413|2026-09-29 02:50:00
22|16|Juarez|4326|2200414|414|2026-09-29 02:50:00
22|3|Rinconada|4326|2200415|415|2026-09-29 02:50:00
22|16|San Juan Bosco|4326|2200416|416|2026-09-29 02:50:00
22|3|Los Amolitos|4326|2200417|417|2026-09-29 02:50:00
22|3|San Javier|4326|2200418|418|2026-09-29 02:50:00
22|6|La Purisima|4326|2200419|419|2026-09-29 02:50:00
22|14|San Jose Buenavista|4326|2200420|420|2026-09-29 02:50:00
22|3|Los Rios|4326|2200421|421|2026-09-29 02:50:00
22|3|Santa Barbara|4326|2200422|422|2026-09-29 02:50:00
22|16|Palma De Romero|4326|2200423|423|2026-09-29 02:50:00
22|16|Buenavista (la Loma)|4326|2200424|424|2026-09-29 02:50:00
22|17|Santillan|4326|2200425|425|2026-09-29 02:50:00
22|16|Revolucion|4326|2200426|426|2026-09-29 02:50:00
22|5|Filosofal|4326|2200427|427|2026-09-29 02:50:00
22|5|Claustro|4326|2200428|428|2026-09-29 02:50:00
22|5|La Vista|4326|2200429|429|2026-09-29 02:50:00
22|5|Los Capullos|4326|2200430|430|2026-09-29 02:50:00
22|5|Maravillas|4326|2200431|431|2026-09-29 02:50:00
22|5|Lomas Del Mirador|4326|2200432|432|2026-09-29 02:50:00
22|14|La Purisima|4326|2200433|433|2026-09-29 02:50:00
22|5|Villas Fontana|4326|2200434|434|2026-09-29 02:50:00
22|5|Los Candiles|4326|2200435|435|2026-09-29 02:50:00
22|14|Huertas La Joya|4326|2200436|436|2026-09-29 02:50:00
22|5|Amanecer Balvanera (nuevo Amanecer De Balvanera)|4326|2200437|437|2026-09-29 02:50:00
22|11|Las Postas|4326|2200438|438|2026-09-29 02:50:00
22|10|La Loma|4326|2200439|439|2026-09-29 02:50:00
22|11|San Fandila|4326|2200440|440|2026-09-29 02:50:00
22|11|Epigmenio Gonzalez (el Ahorcado)|4326|2200441|441|2026-09-29 02:50:00
22|11|Noria Nueva|4326|2200442|442|2026-09-29 02:50:00
22|11|La Purisima|4326|2200443|443|2026-09-29 02:50:00
22|16|El Pedregal|4326|2200444|444|2026-09-29 02:50:00
22|16|Infonavit Fatima|4326|2200445|445|2026-09-29 02:50:00
22|3|Rancho Nuevo|4326|2200446|446|2026-09-29 02:50:00
22|3|La Vega|4326|2200447|447|2026-09-29 02:50:00
22|3|Vista Hermosa|4326|2200448|448|2026-09-29 02:50:00
22|11|Santa Barbara|4326|2200449|449|2026-09-29 02:50:00
22|11|Chalmita|4326|2200450|450|2026-09-29 02:50:00
22|11|La Presa|4326|2200451|451|2026-09-29 02:50:00
22|14|Tonatiuh 4a Seccion|4326|2200452|452|2026-09-29 02:50:00
22|14|La Luna (olivos)|4326|2200453|453|2026-09-29 02:50:00
22|14|La Luna (encinos)|4326|2200454|454|2026-09-29 02:50:00
22|14|La Luna (nogales)|4326|2200455|455|2026-09-29 02:50:00
22|14|La Luna (fresnos)|4326|2200456|456|2026-09-29 02:50:00
22|14|La Luna (naranjos)|4326|2200457|457|2026-09-29 02:50:00
22|14|La Luna (cedros)|4326|2200458|458|2026-09-29 02:50:00
22|16|Los Llanitos|4326|2200459|459|2026-09-29 02:50:00
22|14|Rinconada De La Cuesta|4326|2200460|460|2026-09-29 02:50:00
22|5|Los Olivos|4326|2200461|461|2026-09-29 02:50:00
22|5|Privada Campestre|4326|2200462|462|2026-09-29 02:50:00
22|5|San Jose De Los Olvera|4326|2200463|463|2026-09-29 02:50:00
22|14|Frida Kahlo Ii (anahuac)|4326|2200464|464|2026-09-29 02:50:00
22|5|El Pueblito|4326|2200465|465|2026-09-29 02:50:00
22|5|Mision De Santiago|4326|2200466|466|2026-09-29 02:50:00
22|5|Santa Lucia|4326|2200467|467|2026-09-29 02:50:00
22|5|Los Girasoles|4326|2200468|468|2026-09-29 02:50:00
22|5|San Marcos|4326|2200469|469|2026-09-29 02:50:00
22|5|Cerrada Villas Campestre|4326|2200470|470|2026-09-29 02:50:00
22|14|Monte Blanco Ii|4326|2200471|471|2026-09-29 02:50:00
22|14|Rinconada Zimapan Ii|4326|2200472|472|2026-09-29 02:50:00
22|5|Valle Diamante|4326|2200473|473|2026-09-29 02:50:00
22|5|Mision De San Carlos 4a Seccion|4326|2200474|474|2026-09-29 02:50:00
22|14|Carolina|4326|2200475|475|2026-09-29 02:50:00
22|5|Valle Dorado 2000|4326|2200476|476|2026-09-29 02:50:00
22|6|Mirape?a|4326|2200477|477|2026-09-29 02:50:00
22|16|San Isidro Club Residencial|4326|2200478|478|2026-09-29 02:50:00
22|16|San Rafael|4326|2200479|479|2026-09-29 02:50:00
22|14|Belen|4326|2200480|480|2026-09-29 02:50:00
22|14|El Vergel|4326|2200481|481|2026-09-29 02:50:00
22|14|Villas Fontana|4326|2200482|482|2026-09-29 02:50:00
22|14|Robles|4326|2200483|483|2026-09-29 02:50:00
22|14|Lomas De San Pedrito Pe?uelas|4326|2200484|484|2026-09-29 02:50:00
22|14|Jardines De Villas De Santiago|4326|2200485|485|2026-09-29 02:50:00
22|5|Acueducto Candiles|4326|2200486|486|2026-09-29 02:50:00
22|5|Mision De Santa Sofia|4326|2200487|487|2026-09-29 02:50:00
22|5|Encanto Hamsterdam|4326|2200488|488|2026-09-29 02:50:00
22|5|Claustros Del Campestre 2|4326|2200489|489|2026-09-29 02:50:00
22|5|Colinas Del Sur|4326|2200490|490|2026-09-29 02:50:00
22|5|Rinconada Campestre|4326|2200491|491|2026-09-29 02:50:00
22|5|Cumbres Del Roble I|4326|2200492|492|2026-09-29 02:50:00
22|5|Valle|4326|2200493|493|2026-09-29 02:50:00
22|5|Valle Real|4326|2200494|494|2026-09-29 02:50:00
22|5|Jacarandas|4326|2200495|495|2026-09-29 02:50:00
22|5|Bugambilias|4326|2200496|496|2026-09-29 02:50:00
22|5|Tulipanes|4326|2200497|497|2026-09-29 02:50:00
22|5|Colinas Del Sol|4326|2200498|498|2026-09-29 02:50:00
22|5|Villas Fontana Iii (residencial Los Vitrales)|4326|2200499|499|2026-09-29 02:50:00
22|5|Privada Los Rosales|4326|2200500|500|2026-09-29 02:50:00
22|5|Andrea|4326|2200501|501|2026-09-29 02:50:00
22|5|Ni?os Heroes|4326|2200502|502|2026-09-29 02:50:00
22|5|Colinas Del Sur|4326|2200503|503|2026-09-29 02:50:00
22|7|Carranza|4326|2200504|504|2026-09-29 02:50:00
22|7|Lagunillas (santa Adelaida)|4326|2200505|505|2026-09-29 02:50:00
22|7|Vegil|4326|2200506|506|2026-09-29 02:50:00
22|14|Mision Fundadores|4326|2200507|507|2026-09-29 02:50:00
22|10|San Rafael|4326|2200508|508|2026-09-29 02:50:00
22|10|El Lobo|4326|2200509|509|2026-09-29 02:50:00
22|10|Santa Cruz|4326|2200510|510|2026-09-29 02:50:00
22|10|Jesus Maria|4326|2200511|511|2026-09-29 02:50:00
22|14|Vista Habitacional|4326|2200512|512|2026-09-29 02:50:00
22|14|Villas Marina|4326|2200513|513|2026-09-29 02:50:00
22|14|Claustro De La Corregidora 1a Seccion|4326|2200514|514|2026-09-29 02:50:00
22|14|Claustro De Santiago|4326|2200515|515|2026-09-29 02:50:00
22|14|Claustro De La Corregidora 2a Seccion|4326|2200516|516|2026-09-29 02:50:00
22|14|Claustro Del Sur|4326|2200517|517|2026-09-29 02:50:00
22|14|Claustro Del Marques|4326|2200518|518|2026-09-29 02:50:00
22|14|El Madro?o|4326|2200519|519|2026-09-29 02:50:00
22|14|Valle De San Pedro 2a Seccion|4326|2200520|520|2026-09-29 02:50:00
22|11|20 De Enero 1a Seccion|4326|2200521|521|2026-09-29 02:50:00
22|11|Independencia|4326|2200522|522|2026-09-29 02:50:00
22|11|Los Girasoles|4326|2200523|523|2026-09-29 02:50:00
22|11|Unidad Social|4326|2200524|524|2026-09-29 02:50:00
22|11|Francisco Villa|4326|2200525|525|2026-09-29 02:50:00
22|11|20 De Enero 2a Seccion|4326|2200526|526|2026-09-29 02:50:00
22|11|Villas De Escobedo|4326|2200527|527|2026-09-29 02:50:00
22|11|Desarrollo Ciudadano|4326|2200528|528|2026-09-29 02:50:00
22|14|Villas De San Miguel|4326|2200529|529|2026-09-29 02:50:00
22|5|Sorgo|4326|2200530|530|2026-09-29 02:50:00
22|5|Portal Del Angel|4326|2200531|531|2026-09-29 02:50:00
22|5|Villas Camelina|4326|2200532|532|2026-09-29 02:50:00
22|16|La Calera|4326|2200533|533|2026-09-29 02:50:00
22|16|Prados De Cerro Gordo|4326|2200534|534|2026-09-29 02:50:00
22|16|Valle Dorado|4326|2200535|535|2026-09-29 02:50:00
22|11|Presidentes|4326|2200536|536|2026-09-29 02:50:00
22|11|Villa Escobedo|4326|2200537|537|2026-09-29 02:50:00
22|16|Del Palmar|4326|2200538|538|2026-09-29 02:50:00
22|4|El Zorrillo|4326|2200539|539|2026-09-29 02:50:00
22|4|Galeras (el Potrero)|4326|2200540|540|2026-09-29 02:50:00
22|14|Diana Laura Ii|4326|2200541|541|2026-09-29 02:50:00
22|14|Bosques De Bella Vista|4326|2200542|542|2026-09-29 02:50:00
22|14|Fraccionamiento Popular Maravillas|4326|2200543|543|2026-09-29 02:50:00
22|14|Latinoamericana|4326|2200544|544|2026-09-29 02:50:00
22|14|Tonatiuh 3a Seccion|4326|2200545|545|2026-09-29 02:50:00
22|14|Industrial El Fenix|4326|2200546|546|2026-09-29 02:50:00
22|2|La Loma|4326|2200547|547|2026-09-29 02:50:00
22|2|Centro|4326|2200548|548|2026-09-29 02:50:00
22|5|Desarrollo Hidalgo (desarrollo Zapata)|4326|2200549|549|2026-09-29 02:50:00
22|14|Comercial Papanoa|4326|2200550|550|2026-09-29 02:50:00
22|14|Residencial Muralto|4326|2200551|551|2026-09-29 02:50:00
22|10|Cumbres De Conin 3a Seccion|4326|2200552|552|2026-09-29 02:50:00
22|14|El Jacal|4326|2200553|553|2026-09-29 02:50:00
22|14|La Joya|4326|2200554|554|2026-09-29 02:50:00
22|14|Felipe Carrillo Puerto|4326|2200555|555|2026-09-29 02:50:00
22|5|El Pocito|4326|2200556|556|2026-09-29 02:50:00
22|5|Cumbres Del Roble Ii|4326|2200557|557|2026-09-29 02:50:00
22|14|Los Fresnos|4326|2200558|558|2026-09-29 02:50:00
22|14|Balcones Coloniales|4326|2200559|559|2026-09-29 02:50:00
22|5|Mision Mariana I|4326|2200560|560|2026-09-29 02:50:00
22|14|Claustro De Las Misiones I|4326|2200561|561|2026-09-29 02:50:00
22|14|Rinconada Del Sur|4326|2200562|562|2026-09-29 02:50:00
22|14|Centro Sur Condominio I|4326|2200563|563|2026-09-29 02:50:00
22|5|La Herradura|4326|2200564|564|2026-09-29 02:50:00
22|14|Los Angeles|4326|2200565|565|2026-09-29 02:50:00
22|14|Huertas Del Cimatario|4326|2200566|566|2026-09-29 02:50:00
22|5|Tabachines|4326|2200567|567|2026-09-29 02:50:00
22|14|Praderas Del Sol|4326|2200568|568|2026-09-29 02:50:00
22|14|Linderos Del Cimatario|4326|2200569|569|2026-09-29 02:50:00
22|16|Las Garzas|4326|2200570|570|2026-09-29 02:50:00
22|16|Privada San Isidro|4326|2200571|571|2026-09-29 02:50:00
22|16|Villa Del Huerto|4326|2200572|572|2026-09-29 02:50:00
22|16|Villa Los Olivos|4326|2200573|573|2026-09-29 02:50:00
22|14|Nuevo Plan De Santa Maria 2a Seccion|4326|2200574|574|2026-09-29 02:50:00
22|14|Cerrito Colorado|4326|2200575|575|2026-09-29 02:50:00
22|10|El Zapote|4326|2200576|576|2026-09-29 02:50:00
22|6|Conin|4326|2200577|577|2026-09-29 02:50:00
22|14|La Sierrita|4326|2200578|578|2026-09-29 02:50:00
22|14|Club Campestre|4326|2200579|579|2026-09-29 02:50:00
22|14|Plazas Del Sol|4326|2200580|580|2026-09-29 02:50:00
22|14|Claustro De Las Misiones Iii|4326|2200581|581|2026-09-29 02:50:00
22|10|Jesus Maria|4326|2200582|582|2026-09-29 02:50:00
22|14|San Pedro|4326|2200583|583|2026-09-29 02:50:00
22|16|Loma Linda 2a Seccion|4326|2200584|584|2026-09-29 02:50:00
22|16|Villas Raquet Club|4326|2200585|585|2026-09-29 02:50:00
22|16|Quintas Esmeralda|4326|2200586|586|2026-09-29 02:50:00
22|5|Los Mezquites|4326|2200587|587|2026-09-29 02:50:00
22|5|San Mateo|4326|2200588|588|2026-09-29 02:50:00
22|16|Villas De San Isidro|4326|2200589|589|2026-09-29 02:50:00
22|16|Paseos De San Isidro|4326|2200590|590|2026-09-29 02:50:00
22|14|Laderas Del Salitre|4326|2200591|591|2026-09-29 02:50:00
22|11|Del Sur|4326|2200592|592|2026-09-29 02:50:00
22|14|Villas San Antonio|4326|2200593|593|2026-09-29 02:50:00
22|14|Los Angeles Condominio 1|4326|2200594|594|2026-09-29 02:50:00
22|14|Villa Jardin|4326|2200595|595|2026-09-29 02:50:00
22|5|El Rocio|4326|2200596|596|2026-09-29 02:50:00
22|5|La Joya|4326|2200597|597|2026-09-29 02:50:00
22|5|Villa Ciruelos|4326|2200598|598|2026-09-29 02:50:00
22|5|Bosques De Viena|4326|2200599|599|2026-09-29 02:50:00
22|5|Villas De Tejeda|4326|2200600|600|2026-09-29 02:50:00
22|10|Del Sombrero|4326|2200601|601|2026-09-29 02:50:00
22|10|Santa Cruz De Los Dolores|4326|2200602|602|2026-09-29 02:50:00
22|14|Bosques De Iturbide|4326|2200603|603|2026-09-29 02:50:00
22|14|Colinas Del Poniente|4326|2200604|604|2026-09-29 02:50:00
22|6|San Felix|4326|2200605|605|2026-09-29 02:50:00
22|5|La Cascada|4326|2200606|606|2026-09-29 02:50:00
22|14|El Sol Residencial|4326|2200607|607|2026-09-29 02:50:00
22|16|San Pedro|4326|2200608|608|2026-09-29 02:50:00
22|16|Miguel Hidalgo|4326|2200609|609|2026-09-29 02:50:00
22|16|Ignacio Allende|4326|2200610|610|2026-09-29 02:50:00
22|16|Vicente Guerrero|4326|2200611|611|2026-09-29 02:50:00
22|17|El Sauz|4326|2200612|612|2026-09-29 02:50:00
22|14|Rincon De Los Alcanfores|4326|2200613|613|2026-09-29 02:50:00
22|3|Higuerillas|4326|2200614|614|2026-09-29 02:50:00
22|6|El Ciervo|4326|2200615|615|2026-09-29 02:50:00
22|14|Ejido Modelo|4326|2200616|616|2026-09-29 02:50:00
22|16|Santa Barbara La Cueva|4326|2200617|617|2026-09-29 02:50:00
22|11|Francisco Villa 2a Seccion|4326|2200618|618|2026-09-29 02:50:00
22|5|Colinas De Balvanera|4326|2200619|619|2026-09-29 02:50:00
22|5|El Risco|4326|2200620|620|2026-09-29 02:50:00
22|5|Amstel|4326|2200621|621|2026-09-29 02:50:00
22|16|Jardines Del Valle|4326|2200622|622|2026-09-29 02:50:00
22|11|Los Angeles|4326|2200623|623|2026-09-29 02:50:00
22|7|Valle Santa Teresa|4326|2200624|624|2026-09-29 02:50:00
22|16|Rincon De Aramil|4326|2200625|625|2026-09-29 02:50:00
22|7|Alegre|4326|2200626|626|2026-09-29 02:50:00
22|16|El Marfil|4326|2200627|627|2026-09-29 02:50:00
22|14|La Barreta|4326|2200628|628|2026-09-29 02:50:00
22|14|Villas Fontana Ii|4326|2200629|629|2026-09-29 02:50:00
22|14|Hojas|4326|2200630|630|2026-09-29 02:50:00
22|14|Flores|4326|2200631|631|2026-09-29 02:50:00
22|16|Villas De San Diego|4326|2200632|632|2026-09-29 02:50:00
22|16|Colinas De San Juan|4326|2200633|633|2026-09-29 02:50:00
22|10|Villas La Ca?ada|4326|2200634|634|2026-09-29 02:50:00
22|16|Villas La Herradura|4326|2200635|635|2026-09-29 02:50:00
22|16|Rinconada Del Rio|4326|2200636|636|2026-09-29 02:50:00
22|5|Bahamas|4326|2200637|637|2026-09-29 02:50:00
22|16|San Fernando|4326|2200638|638|2026-09-29 02:50:00
22|14|Loma Ix (condominio Pamplona)|4326|2200639|639|2026-09-29 02:50:00
22|14|Loma Ix (condominio Valladolid)|4326|2200640|640|2026-09-29 02:50:00
22|14|Loma Ix (condominio Madrid)|4326|2200641|641|2026-09-29 02:50:00
22|14|Loma Ix (condominio Barcelona)|4326|2200642|642|2026-09-29 02:50:00
22|14|El Pachonal|4326|2200643|643|2026-09-29 02:50:00
22|14|Raquet Club|4326|2200644|644|2026-09-29 02:50:00
22|14|Pie De Gallo|4326|2200645|645|2026-09-29 02:50:00
22|14|Rinconada Del Cerrito|4326|2200646|646|2026-09-29 02:50:00
22|14|Residencial Chulavista|4326|2200647|647|2026-09-29 02:50:00
22|14|Sur Diamante|4326|2200648|648|2026-09-29 02:50:00
22|14|Claustros De La Catedral|4326|2200649|649|2026-09-29 02:50:00
22|14|San Pablo|4326|2200650|650|2026-09-29 02:50:00
22|14|El Tepeyac|4326|2200651|651|2026-09-29 02:50:00
22|7|Centro|4326|2200652|652|2026-09-29 02:50:00
22|16|Villas Fundadores|4326|2200653|653|2026-09-29 02:50:00
22|16|Fundadores|4326|2200654|654|2026-09-29 02:50:00
22|16|Cerro Gordo|4326|2200655|655|2026-09-29 02:50:00
22|14|Lomas Del Carmen|4326|2200656|656|2026-09-29 02:50:00
22|14|Residencial Villa Del Rio|4326|2200657|657|2026-09-29 02:50:00
22|14|Cerrito Colorado 4a Seccion|4326|2200658|658|2026-09-29 02:50:00
22|16|Cerro De La Cruz (ejido San Sebastian)|4326|2200659|659|2026-09-29 02:50:00
22|5|Amstel V ( Privada Tulipanes)|4326|2200660|660|2026-09-29 02:50:00
22|5|Amstel Iv|4326|2200661|661|2026-09-29 02:50:00
22|5|Los Tejados|4326|2200662|662|2026-09-29 02:50:00
22|5|Amstel Ii|4326|2200663|663|2026-09-29 02:50:00
22|5|Amstel I|4326|2200664|664|2026-09-29 02:50:00
22|5|Mision Candiles|4326|2200665|665|2026-09-29 02:50:00
22|5|Mision Mariana Iii|4326|2200666|666|2026-09-29 02:50:00
22|14|La Higuera|4326|2200667|667|2026-09-29 02:50:00
22|14|Estancia De La Rochera|4326|2200668|668|2026-09-29 02:50:00
22|16|Real De Jalpan|4326|2200669|669|2026-09-29 02:50:00
22|14|La Toscana|4326|2200670|670|2026-09-29 02:50:00
22|2|Las Flores|4326|2200671|671|2026-09-29 02:50:00
22|14|Rinconada De Las Fuentes (fuente De Loreto)|4326|2200672|672|2026-09-29 02:50:00
22|5|Puerta Real (condominio Villa Del Rio)|4326|2200673|673|2026-09-29 02:50:00
22|5|Puerta Real (condominio Villa Del Mar)|4326|2200674|674|2026-09-29 02:50:00
22|5|Puerta Real (condominio Villas Del Sol)|4326|2200675|675|2026-09-29 02:50:00
22|5|Puerta Real (condominio Villa Agave)|4326|2200676|676|2026-09-29 02:50:00
22|5|Puerta Real (condominio Villa La Loma)|4326|2200677|677|2026-09-29 02:50:00
22|14|Mision De Carrillo|4326|2200678|678|2026-09-29 02:50:00
22|7|La Ceja (la Laguna)|4326|2200679|679|2026-09-29 02:50:00
22|7|La Ceja (de Las Cruces) (el Rincon)|4326|2200680|680|2026-09-29 02:50:00
22|14|Vista Alegre|4326|2200681|681|2026-09-29 02:50:00
22|7|La Ceja|4326|2200682|682|2026-09-29 02:50:00
22|3|La Nopalera|4326|2200683|683|2026-09-29 02:50:00
22|3|El Yonthe|4326|2200684|684|2026-09-29 02:50:00
22|16|Valle Dorado 2|4326|2200685|685|2026-09-29 02:50:00
22|14|Real De San Pablo|4326|2200686|686|2026-09-29 02:50:00
22|6|Los Sanchez|4326|2200687|687|2026-09-29 02:50:00
22|14|Morelos|4326|2200688|688|2026-09-29 02:50:00
22|14|Privada Colinas|4326|2200689|689|2026-09-29 02:50:00
22|5|Santa Cecilia|4326|2200690|690|2026-09-29 02:50:00
22|6|Jaguey Grande|4326|2200691|691|2026-09-29 02:50:00
22|16|El Rosal|4326|2200692|692|2026-09-29 02:50:00
22|14|Huertas De Jurica|4326|2200693|693|2026-09-29 02:50:00
22|14|Pirules|4326|2200694|694|2026-09-29 02:50:00
22|16|El Rincon|4326|2200695|695|2026-09-29 02:50:00
22|6|San Antonio|4326|2200696|696|2026-09-29 02:50:00
22|6|La Nueva Unidad|4326|2200697|697|2026-09-29 02:50:00
22|6|La Nueva Unidad|4326|2200698|698|2026-09-29 02:50:00
22|6|La Luna|4326|2200699|699|2026-09-29 02:50:00
22|6|San Isidro|4326|2200700|700|2026-09-29 02:50:00
22|14|Privada Residencial La Floresta|4326|2200701|701|2026-09-29 02:50:00
22|5|Clauster Pablo Picasso|4326|2200702|702|2026-09-29 02:50:00
22|16|Rinconada Santa Cruz|4326|2200703|703|2026-09-29 02:50:00
22|16|Ampliacion Vistha Oriente|4326|2200704|704|2026-09-29 02:50:00
22|16|Nueva Democracia|4326|2200705|705|2026-09-29 02:50:00
22|5|Mision Mariana Ii|4326|2200706|706|2026-09-29 02:50:00
22|5|Mision Mariana Iv|4326|2200707|707|2026-09-29 02:50:00
22|14|Pinto|4326|2200708|708|2026-09-29 02:50:00
22|4|Nogales|4326|2200709|709|2026-09-29 02:50:00
22|5|Rinconada Del Carmen|4326|2200710|710|2026-09-29 02:50:00
22|16|Hidalgo|4326|2200711|711|2026-09-29 02:50:00
22|14|La Monja (las Monjas)|4326|2200712|712|2026-09-29 02:50:00
22|10|Navajas|4326|2200713|713|2026-09-29 02:50:00
22|10|Cerrito Colorado|4326|2200714|714|2026-09-29 02:50:00
22|16|San Miguel Galindo|4326|2200715|715|2026-09-29 02:50:00
22|10|Agua Azul|4326|2200716|716|2026-09-29 02:50:00
22|4|Purisima De Cubos|4326|2200717|717|2026-09-29 02:50:00
22|4|San Francisco|4326|2200718|718|2026-09-29 02:50:00
22|14|Plaza De La Brisa|4326|2200719|719|2026-09-29 02:50:00
22|14|Plaza De La Niebla|4326|2200720|720|2026-09-29 02:50:00
22|14|Real De San Pedro|4326|2200721|721|2026-09-29 02:50:00
22|17|San Jose La Laja|4326|2200722|722|2026-09-29 02:50:00
22|14|La Alborada|4326|2200723|723|2026-09-29 02:50:00
22|14|Rancho Bellavista|4326|2200724|724|2026-09-29 02:50:00
22|6|La Lomita|4326|2200725|725|2026-09-29 02:50:00
22|14|Rinconada Santa Anita|4326|2200726|726|2026-09-29 02:50:00
22|14|Rinconada Santa Anita|4326|2200727|727|2026-09-29 02:50:00
22|5|Los Olvera|4326|2200728|728|2026-09-29 02:50:00
22|10|El Pozo|4326|2200729|729|2026-09-29 02:50:00
22|16|Jardines Del Valle 2|4326|2200730|730|2026-09-29 02:50:00
22|5|Los Pajaros|4326|2200731|731|2026-09-29 02:50:00
22|5|Las Fuentes|4326|2200732|732|2026-09-29 02:50:00
22|5|Granja La Saca|4326|2200733|733|2026-09-29 02:50:00
22|5|Porticos Del Callejon|4326|2200734|734|2026-09-29 02:50:00
22|5|Callejones|4326|2200735|735|2026-09-29 02:50:00
22|5|La Hacienda|4326|2200736|736|2026-09-29 02:50:00
22|5|De Alba|4326|2200737|737|2026-09-29 02:50:00
22|5|La Gavia|4326|2200738|738|2026-09-29 02:50:00
22|5|Hacienda San Gabriel|4326|2200739|739|2026-09-29 02:50:00
22|5|Hacienda Los Mendoza|4326|2200740|740|2026-09-29 02:50:00
22|5|Callejon De Los Mendoza|4326|2200741|741|2026-09-29 02:50:00
22|5|Puerta Real (condominio Villa Del Bosque)|4326|2200742|742|2026-09-29 02:50:00
22|16|Ampliacion La Loma (ejido Morelos)|4326|2200743|743|2026-09-29 02:50:00
22|14|Parque Santiago|4326|2200744|744|2026-09-29 02:50:00
22|4|San Martin|4326|2200745|745|2026-09-29 02:50:00
22|7|La Yuca|4326|2200746|746|2026-09-29 02:50:00
22|5|Tejeda Habitat|4326|2200747|747|2026-09-29 02:50:00
22|7|Alto|4326|2200748|748|2026-09-29 02:50:00
22|7|Seccion La Biznaga|4326|2200749|749|2026-09-29 02:50:00
22|5|San Agustin I|4326|2200750|750|2026-09-29 02:50:00
22|10|San Jose|4326|2200751|751|2026-09-29 02:50:00
22|5|Mision San Juan|4326|2200752|752|2026-09-29 02:50:00
22|14|Colinas De Santa Cruz 1a Seccion|4326|2200753|753|2026-09-29 02:50:00
22|5|Misiones De Corregidora|4326|2200754|754|2026-09-29 02:50:00
22|11|Quintanares|4326|2200755|755|2026-09-29 02:50:00
22|11|Quintanares|4326|2200756|756|2026-09-29 02:50:00
22|14|Callejon De San Joaquin|4326|2200757|757|2026-09-29 02:50:00
22|9|San Esteban|4326|2200758|758|2026-09-29 02:50:00
22|9|La Ortiga|4326|2200759|759|2026-09-29 02:50:00
22|9|Chacatlan|4326|2200760|760|2026-09-29 02:50:00
22|14|El Arcangel 1, 2|4326|2200761|761|2026-09-29 02:50:00
22|5|Linda Vista|4326|2200762|762|2026-09-29 02:50:00
22|5|Lomas Del Sur|4326|2200763|763|2026-09-29 02:50:00
22|14|La Carbonera|4326|2200764|764|2026-09-29 02:50:00
22|5|Colinas Del Sol Ii|4326|2200765|765|2026-09-29 02:50:00
22|5|Tabachines Condominio I|4326|2200766|766|2026-09-29 02:50:00
22|5|Tabachines Condominio Ii|4326|2200767|767|2026-09-29 02:50:00
22|14|Reforma Agraria|4326|2200768|768|2026-09-29 02:50:00
22|17|El Magueyal|4326|2200769|769|2026-09-29 02:50:00
22|14|Fundadores Del Sol|4326|2200770|770|2026-09-29 02:50:00
22|11|La Venta|4326|2200771|771|2026-09-29 02:50:00
22|14|Pamela|4326|2200772|772|2026-09-29 02:50:00
22|4|San Ildefonso|4326|2200773|773|2026-09-29 02:50:00
22|6|La Higuera|4326|2200774|774|2026-09-29 02:50:00
22|4|El Blanco|4326|2200775|775|2026-09-29 02:50:00
22|5|Mision San Joaquin|4326|2200776|776|2026-09-29 02:50:00
22|5|Hacienda Real Tejeda|4326|2200777|777|2026-09-29 02:50:00
22|5|Real De Schoenstatt|4326|2200778|778|2026-09-29 02:50:00
22|5|Luz Maria (villas Fontana)|4326|2200779|779|2026-09-29 02:50:00
22|5|Punta Del Este|4326|2200780|780|2026-09-29 02:50:00
22|5|Terranova|4326|2200781|781|2026-09-29 02:50:00
22|5|Ejido Del Retablo|4326|2200782|782|2026-09-29 02:50:00
22|5|Casa Magna|4326|2200783|783|2026-09-29 02:50:00
22|10|El Mirador Desarrollo Residencial (cielo Vista)|4326|2200784|784|2026-09-29 02:50:00
22|10|San Lorenzo 2|4326|2200785|785|2026-09-29 02:50:00
22|10|El Mirador Desarrollo Residencial (altamira)|4326|2200786|786|2026-09-29 02:50:00
22|3|Ctm|4326|2200787|787|2026-09-29 02:50:00
22|16|Villa La Noria|4326|2200788|788|2026-09-29 02:50:00
22|3|Rancho Nuevo|4326|2200789|789|2026-09-29 02:50:00
22|16|Hacienda San Juan|4326|2200790|790|2026-09-29 02:50:00
22|16|Arcos Del Sol|4326|2200791|791|2026-09-29 02:50:00
22|16|Loma Bonita|4326|2200792|792|2026-09-29 02:50:00
22|16|2a Seccion Cerro Gordo|4326|2200793|793|2026-09-29 02:50:00
22|5|Colinas Del Sur|4326|2200794|794|2026-09-29 02:50:00
22|14|Rancho San Pedro (la Muralla)|4326|2200795|795|2026-09-29 02:50:00
22|14|Rancho San Pedro (el Sauz)|4326|2200796|796|2026-09-29 02:50:00
22|14|La Zabila|4326|2200797|797|2026-09-29 02:50:00
22|10|El Mirador Desarrollo Residencial (cielo Vista 2)|4326|2200798|798|2026-09-29 02:50:00
22|11|El Encanto Ii|4326|2200799|799|2026-09-29 02:50:00
22|11|Las Canteras|4326|2200800|800|2026-09-29 02:50:00
22|8|Arboledas|4326|2200801|801|2026-09-29 02:50:00
22|8|Vivah|4326|2200802|802|2026-09-29 02:50:00
22|8|El Panteon|4326|2200803|803|2026-09-29 02:50:00
22|8|El Puente|4326|2200804|804|2026-09-29 02:50:00
22|8|Buenos Aires|4326|2200805|805|2026-09-29 02:50:00
22|8|El Platanito|4326|2200806|806|2026-09-29 02:50:00
22|8|La Ceiba|4326|2200807|807|2026-09-29 02:50:00
22|8|Magisterial|4326|2200808|808|2026-09-29 02:50:00
22|8|San Francisco|4326|2200809|809|2026-09-29 02:50:00
22|8|Los Cocos (cocos)|4326|2200810|810|2026-09-29 02:50:00
22|8|La Pedrera|4326|2200811|811|2026-09-29 02:50:00
22|8|Villas Jalpan|4326|2200812|812|2026-09-29 02:50:00
22|10|El Mirador Desarrollo Residencial (las Flores)|4326|2200813|813|2026-09-29 02:50:00
22|10|El Mirador Desarrollo Residencial (altamira 3)|4326|2200814|814|2026-09-29 02:50:00
22|14|Quintas De La Hacienda  (los Juncos)|4326|2200815|815|2026-09-29 02:50:00
22|16|Mision De Conca|4326|2200816|816|2026-09-29 02:50:00
22|16|Don Julian|4326|2200817|817|2026-09-29 02:50:00
22|16|Ferrocarrilera 2a Seccion|4326|2200818|818|2026-09-29 02:50:00
22|16|Ferrocarrilera 1a Seccion|4326|2200819|819|2026-09-29 02:50:00
22|16|Colibri|4326|2200820|820|2026-09-29 02:50:00
22|14|Lomas Del Mirador|4326|2200821|821|2026-09-29 02:50:00
22|14|Vistas De San Pablo|4326|2200822|822|2026-09-29 02:50:00
22|14|Bosques De San Pablo|4326|2200823|823|2026-09-29 02:50:00
22|16|Doroteo Arango|4326|2200824|824|2026-09-29 02:50:00
22|14|Terrazas Del Mirador|4326|2200825|825|2026-09-29 02:50:00
22|5|Diamante|4326|2200826|826|2026-09-29 02:50:00
22|16|Santa Cruz El Paraiso|4326|2200827|827|2026-09-29 02:50:00
22|16|Cuarto Centenario|4326|2200828|828|2026-09-29 02:50:00
22|14|1ra Cerrada Paseo Cuesta Bonita, Residencial Habitat|4326|2200829|829|2026-09-29 02:50:00
22|16|Banthi|4326|2200830|830|2026-09-29 02:50:00
22|11|Real De San Pedro|4326|2200831|831|2026-09-29 02:50:00
22|2|El Rodeo|4326|2200832|832|2026-09-29 02:50:00
22|2|Cieneguillas|4326|2200833|833|2026-09-29 02:50:00
22|2|Buenos Aires|4326|2200834|834|2026-09-29 02:50:00
22|2|Loma Alta|4326|2200835|835|2026-09-29 02:50:00
22|2|El Deposito|4326|2200836|836|2026-09-29 02:50:00
22|2|El Calvario|4326|2200837|837|2026-09-29 02:50:00
22|2|San Andres|4326|2200838|838|2026-09-29 02:50:00
22|2|Altavista|4326|2200839|839|2026-09-29 02:50:00
22|2|Cienega|4326|2200840|840|2026-09-29 02:50:00
22|2|El Panteon|4326|2200841|841|2026-09-29 02:50:00
22|8|La Deportiva|4326|2200842|842|2026-09-29 02:50:00
22|8|Del Ni?o Jesus|4326|2200843|843|2026-09-29 02:50:00
22|8|La Presa|4326|2200844|844|2026-09-29 02:50:00
22|14|Oasis|4326|2200845|845|2026-09-29 02:50:00
22|17|Acceso A Granjas Residenciales|4326|2200846|846|2026-09-29 02:50:00
22|14|Sendero Del Sol|4326|2200847|847|2026-09-29 02:50:00
22|5|El Retablo|4326|2200848|848|2026-09-29 02:50:00
22|14|Puerta De Belen|4326|2200849|849|2026-09-29 02:50:00
22|14|Mercurio|4326|2200850|850|2026-09-29 02:50:00
22|14|Andalucia (conjunto Cordoba)|4326|2200851|851|2026-09-29 02:50:00
22|14|Andalucia (conjunto Granada)|4326|2200852|852|2026-09-29 02:50:00
22|14|Real De La Loma (condominio Real De Catorce)|4326|2200853|853|2026-09-29 02:50:00
22|14|Real De La Loma (condominio Real De San Miguel)|4326|2200854|854|2026-09-29 02:50:00
22|14|Real De La Loma (condominio Real De Chapala)|4326|2200855|855|2026-09-29 02:50:00
22|14|Real De La Loma (condominio Real Del Monte)|4326|2200856|856|2026-09-29 02:50:00
22|14|Real De La Loma (condominio Real De Las Minas)|4326|2200857|857|2026-09-29 02:50:00
22|11|Magisterial|4326|2200858|858|2026-09-29 02:50:00
22|11|El Huizache|4326|2200859|859|2026-09-29 02:50:00
22|11|Bicentenario|4326|2200860|860|2026-09-29 02:50:00
22|11|Finca Puerta Del Cielo|4326|2200861|861|2026-09-29 02:50:00
22|14|Arcangel Iii|4326|2200862|862|2026-09-29 02:50:00
22|6|Santo Toribio|4326|2200863|863|2026-09-29 02:50:00
22|17|Club De Golf Tequisquiapan|4326|2200864|864|2026-09-29 02:50:00
22|17|Tierra Blanca|4326|2200865|865|2026-09-29 02:50:00
22|17|Los Pirules|4326|2200866|866|2026-09-29 02:50:00
22|17|Los Olivos|4326|2200867|867|2026-09-29 02:50:00
22|14|Mirador San Xavier|4326|2200868|868|2026-09-29 02:50:00
22|14|Las Josefinas|4326|2200869|869|2026-09-29 02:50:00
22|14|Condominios La Cruz|4326|2200870|870|2026-09-29 02:50:00
22|14|Condominio Habitacional Carrillo Ii|4326|2200871|871|2026-09-29 02:50:00
22|5|Ejido A Los Olvera (camino A Los Olvera)|4326|2200872|872|2026-09-29 02:50:00
22|14|Escobedo|4326|2200873|873|2026-09-29 02:50:00
22|14|Eduardo Loarca Castillo  (german Dehesa )|4326|2200874|874|2026-09-29 02:50:00
22|9|La Mision|4326|2200875|875|2026-09-29 02:50:00
22|5|Puerta Real (condominio Villa Campestre)|4326|2200876|876|2026-09-29 02:50:00
22|5|El Mirador|4326|2200877|877|2026-09-29 02:50:00
22|10|Zen House Habitat|4326|2200878|878|2026-09-29 02:50:00
22|12|Presidentes De Mexico|4326|2200879|879|2026-09-29 02:50:00
22|12|Centro|4326|2200880|880|2026-09-29 02:50:00
22|12|La Ermita|4326|2200881|881|2026-09-29 02:50:00
22|12|San Marcos|4326|2200882|882|2026-09-29 02:50:00
22|12|Deportiva|4326|2200883|883|2026-09-29 02:50:00
22|12|Villas De Guadalupe|4326|2200884|884|2026-09-29 02:50:00
22|12|San Francisco|4326|2200885|885|2026-09-29 02:50:00
22|12|Las Flores|4326|2200886|886|2026-09-29 02:50:00
22|14|Fraccionamiento La Vista Residencial (vista Bella)|4326|2200887|887|2026-09-29 02:50:00
22|10|La Palma|4326|2200888|888|2026-09-29 02:50:00
22|10|Coyotillos|4326|2200889|889|2026-09-29 02:50:00
22|10|La Palma|4326|2200890|890|2026-09-29 02:50:00
22|14|La Ermita|4326|2200891|891|2026-09-29 02:50:00
22|14|Puerto De Aguirre|4326|2200892|892|2026-09-29 02:50:00
22|10|Paseos Del Marques|4326|2200893|893|2026-09-29 02:50:00
22|14|El Refugio Residencial (torres Oasis)|4326|2200894|894|2026-09-29 02:50:00
22|7|Rancho La Pe?a De Cristo|4326|2200895|895|2026-09-29 02:50:00
22|14|Villas Tlaloc|4326|2200896|896|2026-09-29 02:50:00
22|14|Punta San Carlos|4326|2200897|897|2026-09-29 02:50:00
22|14|Punta Palermo|4326|2200898|898|2026-09-29 02:50:00
22|14|Marques Queretano|4326|2200899|899|2026-09-29 02:50:00
22|14|Quintas De La Hacienda (puerta De Encino 121)|4326|2200900|900|2026-09-29 02:50:00
22|14|Quintas De La Hacienda (puerta De Encino)|4326|2200901|901|2026-09-29 02:50:00
22|14|Quintas De La Hacienda (puerta De Encino 201)|4326|2200902|902|2026-09-29 02:50:00
22|5|Villas El Roble|4326|2200903|903|2026-09-29 02:50:00
22|14|Misiones De Jurica|4326|2200904|904|2026-09-29 02:50:00
22|14|Rinconada Jurica|4326|2200905|905|2026-09-29 02:50:00
22|14|Villas Regency|4326|2200906|906|2026-09-29 02:50:00
22|14|Ecologico La Rica|4326|2200907|907|2026-09-29 02:50:00
22|14|Paseo Del Piropo|4326|2200908|908|2026-09-29 02:50:00
22|14|Gran Puerta Paraiso|4326|2200909|909|2026-09-29 02:50:00
22|14|Jurica Misiones|4326|2200910|910|2026-09-29 02:50:00
22|14|Alta Rica|4326|2200911|911|2026-09-29 02:50:00
22|14|Fuentes De La Villa Rica|4326|2200912|912|2026-09-29 02:50:00
22|14|Paraiso Diamante|4326|2200913|913|2026-09-29 02:50:00
22|14|Villas La Solana|4326|2200914|914|2026-09-29 02:50:00
22|14|Nuevo Paraiso|4326|2200915|915|2026-09-29 02:50:00
22|14|Jardines De Juriquilla|4326|2200916|916|2026-09-29 02:50:00
22|14|Mayoral 2|4326|2200917|917|2026-09-29 02:50:00
22|14|Mayoral 1|4326|2200918|918|2026-09-29 02:50:00
22|14|Paraiso|4326|2200919|919|2026-09-29 02:50:00
22|14|Los Naranjos I|4326|2200920|920|2026-09-29 02:50:00
22|14|Puerta Paraiso|4326|2200921|921|2026-09-29 02:50:00
22|14|Los Naranjos Ii|4326|2200922|922|2026-09-29 02:50:00
22|14|Juriquilla Santa Fe (jardines Santa Fe)|4326|2200923|923|2026-09-29 02:50:00
22|14|Juriquilla Santa Fe (paseo Florencia)|4326|2200924|924|2026-09-29 02:50:00
22|14|Juriquilla Santa Fe (puerta Santa Fe Ii)|4326|2200925|925|2026-09-29 02:50:00
22|14|Juriquilla Santa Fe (las Lunas)|4326|2200926|926|2026-09-29 02:50:00
22|14|Juriquilla Santa Fe (lomas De Santa Fe)|4326|2200927|927|2026-09-29 02:50:00
22|14|Jockey Club|4326|2200928|928|2026-09-29 02:50:00
22|14|La Rica|4326|2200929|929|2026-09-29 02:50:00
22|14|Club Residencial Los Encinos|4326|2200930|930|2026-09-29 02:50:00
22|14|Rincon Del Angel|4326|2200931|931|2026-09-29 02:50:00
22|6|Los Palacios|4326|2200932|932|2026-09-29 02:50:00
22|6|Centro|4326|2200933|933|2026-09-29 02:50:00
22|6|La Capilla|4326|2200934|934|2026-09-29 02:50:00
22|6|Rincon De Bernal|4326|2200935|935|2026-09-29 02:50:00
22|6|Nuevo|4326|2200936|936|2026-09-29 02:50:00
22|6|El Cuartel|4326|2200937|937|2026-09-29 02:50:00
22|6|San Jose (san Jose Del Jaguey)|4326|2200938|938|2026-09-29 02:50:00
22|6|Vergel De La Pe?a|4326|2200939|939|2026-09-29 02:50:00
22|6|La Bodega|4326|2200940|940|2026-09-29 02:50:00
22|6|Vista Hermosa|4326|2200941|941|2026-09-29 02:50:00
22|6|La Mesa|4326|2200942|942|2026-09-29 02:50:00
22|14|El Retablo|4326|2200943|943|2026-09-29 02:50:00
22|14|Patio Del Ferrocarril|4326|2200944|944|2026-09-29 02:50:00
22|14|Las Rosas|4326|2200945|945|2026-09-29 02:50:00
22|14|Primavera|4326|2200946|946|2026-09-29 02:50:00
22|14|Los Alcanfores|4326|2200947|947|2026-09-29 02:50:00
22|14|Molinos De La Era|4326|2200948|948|2026-09-29 02:50:00
22|14|La Era|4326|2200949|949|2026-09-29 02:50:00
22|3|Tzibanza|4326|2200950|950|2026-09-29 02:50:00
22|3|Xodhe|4326|2200951|951|2026-09-29 02:50:00
22|16|Pedregal De San Juan|4326|2200952|952|2026-09-29 02:50:00
22|16|San Cayetano 3a Seccion|4326|2200953|953|2026-09-29 02:50:00
22|16|Centro Urbano De San Juan|4326|2200954|954|2026-09-29 02:50:00
22|16|San Cayetano|4326|2200955|955|2026-09-29 02:50:00
22|9|Acatitlan De Zaragoza|4326|2200956|956|2026-09-29 02:50:00
22|3|Puerta De San Pedro|4326|2200957|957|2026-09-29 02:50:00
22|3|San Martin Florida|4326|2200958|958|2026-09-29 02:50:00
22|5|Praderas De Lourdes|4326|2200959|959|2026-09-29 02:50:00
22|5|Constituyentes|4326|2200960|960|2026-09-29 02:50:00
22|5|Paisajes De Lourdes|4326|2200961|961|2026-09-29 02:50:00
22|5|Ejido De Lourdes|4326|2200962|962|2026-09-29 02:50:00
22|5|Los Garcia|4326|2200963|963|2026-09-29 02:50:00
22|5|Las Torres|4326|2200964|964|2026-09-29 02:50:00
22|5|Cumbres De Lourdes Ii|4326|2200965|965|2026-09-29 02:50:00
22|5|Benito Juarez|4326|2200966|966|2026-09-29 02:50:00
22|5|Prado De Lourdes 2da Seccion|4326|2200967|967|2026-09-29 02:50:00
22|5|Prado De Lourdes 1ra Seccion|4326|2200968|968|2026-09-29 02:50:00
22|4|Esperanza (nueva Esperanza)|4326|2200969|969|2026-09-29 02:50:00
22|4|Campestre La Esperanza|4326|2200970|970|2026-09-29 02:50:00
22|8|Saucillo|4326|2200971|971|2026-09-29 02:50:00
22|16|Pitsa|4326|2200972|972|2026-09-29 02:50:00
22|16|Claustros Del Rio|4326|2200973|973|2026-09-29 02:50:00
22|16|Vegas Del Rio|4326|2200974|974|2026-09-29 02:50:00
22|16|Comision Federal De Electricidad|4326|2200975|975|2026-09-29 02:50:00
22|10|Cerro Colorado|4326|2200976|976|2026-09-29 02:50:00
22|10|Lago Xochimilco|4326|2200977|977|2026-09-29 02:50:00
22|10|Lago Patzcuaro|4326|2200978|978|2026-09-29 02:50:00
22|10|Lago Zumpango|4326|2200979|979|2026-09-29 02:50:00
22|10|Pirul|4326|2200980|980|2026-09-29 02:50:00
22|10|Cerro Del Cimatario|4326|2200981|981|2026-09-29 02:50:00
22|10|Cerro De La Cruz|4326|2200982|982|2026-09-29 02:50:00
22|10|Cerro Zamorano|4326|2200983|983|2026-09-29 02:50:00
22|10|Lago Texcoco|4326|2200984|984|2026-09-29 02:50:00
22|10|Lago Chapala|4326|2200985|985|2026-09-29 02:50:00
22|10|Lago Cuitzeo|4326|2200986|986|2026-09-29 02:50:00
22|10|Lago Parras|4326|2200987|987|2026-09-29 02:50:00
22|10|Gerbera|4326|2200988|988|2026-09-29 02:50:00
22|10|Jazmin|4326|2200989|989|2026-09-29 02:50:00
22|10|Girasol|4326|2200990|990|2026-09-29 02:50:00
22|10|Alcatraz|4326|2200991|991|2026-09-29 02:50:00
22|10|Fresno|4326|2200992|992|2026-09-29 02:50:00
22|10|Nogal|4326|2200993|993|2026-09-29 02:50:00
22|10|Eucalipto|4326|2200994|994|2026-09-29 02:50:00
22|10|Alamo|4326|2200995|995|2026-09-29 02:50:00
22|10|Cipres|4326|2200996|996|2026-09-29 02:50:00
22|10|Amplicacion La Piedad|4326|2200997|997|2026-09-29 02:50:00
22|10|Independencia|4326|2200998|998|2026-09-29 02:50:00
22|10|Laguna De Zempoala|4326|2200999|999|2026-09-29 02:50:00
22|10|Laguna De Servin|4326|2201000|1000|2026-09-29 02:50:00
22|10|Lago De Bacalar|4326|2201001|1001|2026-09-29 02:50:00
22|10|Condominio Sauce|4326|2201002|1002|2026-09-29 02:50:00
22|10|Condominio Acacia|4326|2201003|1003|2026-09-29 02:50:00
22|10|Las Sendas (condominio Rocallosas)|4326|2201004|1004|2026-09-29 02:50:00
22|10|Las Sendas (condominio Katahdin)|4326|2201005|1005|2026-09-29 02:50:00
22|10|Las Sendas (condominio Desierto)|4326|2201006|1006|2026-09-29 02:50:00
22|10|Las Sendas (condominio Pirenaica)|4326|2201007|1007|2026-09-29 02:50:00
22|10|Las Sendas (condominio Basilea)|4326|2201008|1008|2026-09-29 02:50:00
22|10|Las Sendas (condominio Apalaches)|4326|2201009|1009|2026-09-29 02:50:00
22|10|Las Sendas (condominio Cresta)|4326|2201010|1010|2026-09-29 02:50:00
22|10|Las Sendas (condominio Marangu)|4326|2201011|1011|2026-09-29 02:50:00
22|10|Valencia Residencial|4326|2201012|1012|2026-09-29 02:50:00
22|10|Antella|4326|2201013|1013|2026-09-29 02:50:00
22|10|Nero|4326|2201014|1014|2026-09-29 02:50:00
22|10|Privada Maderas|4326|2201015|1015|2026-09-29 02:50:00
22|10|Sin Nombre|4326|2201016|1016|2026-09-29 02:50:00
22|10|De La Campana|4326|2201017|1017|2026-09-29 02:50:00
22|10|La Providencia|4326|2201018|1018|2026-09-29 02:50:00
22|14|Quintas De La Hacienda (puerta De Tabachin )|4326|2201019|1019|2026-09-29 02:50:00
22|14|Lomas De Satelite|4326|2201020|1020|2026-09-29 02:50:00
22|7|Seccion Mezquitillo 2|4326|2201021|1021|2026-09-29 02:50:00
22|11|El Membrillo|4326|2201022|1022|2026-09-29 02:50:00
22|4|El Arroyito|4326|2201023|1023|2026-09-29 02:50:00
22|4|Los Laureanos|4326|2201024|1024|2026-09-29 02:50:00
22|4|El Puertecito|4326|2201025|1025|2026-09-29 02:50:00
22|4|Centro|4326|2201026|1026|2026-09-29 02:50:00
22|4|La Guanajuato|4326|2201027|1027|2026-09-29 02:50:00
22|4|Las Fronteras|4326|2201028|1028|2026-09-29 02:50:00
22|4|Camino Real|4326|2201029|1029|2026-09-29 02:50:00
22|4|San Antonio|4326|2201030|1030|2026-09-29 02:50:00
22|4|El Tepetate|4326|2201031|1031|2026-09-29 02:50:00
22|4|La Ca?adita|4326|2201032|1032|2026-09-29 02:50:00
22|4|El Salitre|4326|2201033|1033|2026-09-29 02:50:00
22|4|La Ermita|4326|2201034|1034|2026-09-29 02:50:00
22|4|El Cerrito|4326|2201035|1035|2026-09-29 02:50:00
22|4|Soriano|4326|2201036|1036|2026-09-29 02:50:00
22|4|Las Cruces (las Crucitas)|4326|2201037|1037|2026-09-29 02:50:00
22|4|Los Naranjos|4326|2201038|1038|2026-09-29 02:50:00
22|4|Milpillas|4326|2201039|1039|2026-09-29 02:50:00
22|14|Centro Sur Condominio Ii|4326|2201040|1040|2026-09-29 02:50:00
22|14|Centro Sur Condominio Iii|4326|2201041|1041|2026-09-29 02:50:00
22|11|Rincon De Las Canteras|4326|2201042|1042|2026-09-29 02:50:00
22|14|Claustros Del Campestre|4326|2201043|1043|2026-09-29 02:50:00
22|4|Los Quiotes|4326|2201044|1044|2026-09-29 02:50:00
22|9|Encino Solo|4326|2201045|1045|2026-09-29 02:50:00
22|16|Casa Blanca|4326|2201046|1046|2026-09-29 02:50:00
22|9|Puerto Cortes|4326|2201047|1047|2026-09-29 02:50:00
22|9|Rancho Nuevo|4326|2201048|1048|2026-09-29 02:50:00
22|9|Nueva Reforma|4326|2201049|1049|2026-09-29 02:50:00
22|9|El Sabino|4326|2201050|1050|2026-09-29 02:50:00
22|9|Centro|4326|2201051|1051|2026-09-29 02:50:00
22|10|Bosque De Los Encinos (condominio I)|4326|2201052|1052|2026-09-29 02:50:00
22|10|Bosque De Los Encinos (condominio Ii)|4326|2201053|1053|2026-09-29 02:50:00
22|2|Rio Del  Carrizal|4326|2201054|1054|2026-09-29 02:50:00
22|2|El Riachuelo|4326|2201055|1055|2026-09-29 02:50:00
22|2|La Ceja|4326|2201056|1056|2026-09-29 02:50:00
22|2|El Salto|4326|2201057|1057|2026-09-29 02:50:00
22|2|El Centro|4326|2201058|1058|2026-09-29 02:50:00
22|2|La Laguna|4326|2201059|1059|2026-09-29 02:50:00
22|10|Dos Deseos|4326|2201060|1060|2026-09-29 02:50:00
22|10|San Lorenzo Paseo Los Encinos|4326|2201061|1061|2026-09-29 02:50:00
22|10|Santa Monica I|4326|2201062|1062|2026-09-29 02:50:00
22|10|Santa Monica Ii|4326|2201063|1063|2026-09-29 02:50:00
22|10|El Mirador Desarrollo Residencial (las Nubes 2)|4326|2201064|1064|2026-09-29 02:50:00
22|10|Cielo Vista 4|4326|2201065|1065|2026-09-29 02:50:00
22|10|Cielo Vista 3|4326|2201066|1066|2026-09-29 02:50:00
22|10|Puesta Del Sol I|4326|2201067|1067|2026-09-29 02:50:00
22|9|El Mirador|4326|2201068|1068|2026-09-29 02:50:00
22|9|El Panteon|4326|2201069|1069|2026-09-29 02:50:00
22|9|La Pila|4326|2201070|1070|2026-09-29 02:50:00
22|9|Centro|4326|2201071|1071|2026-09-29 02:50:00
22|4|San Vicente El Alto|4326|2201072|1072|2026-09-29 02:50:00
22|14|Quintas De La Hacienda (puerta De Oyamel Regimen  8)|4326|2201073|1073|2026-09-29 02:50:00
22|14|Quintas De La Hacienda (puerta De Bambu) Regimen 11|4326|2201074|1074|2026-09-29 02:50:00
22|14|Quintas De La Hacienda (puerta De Oyamel Regimen 9)|4326|2201075|1075|2026-09-29 02:50:00
22|16|Nueva Esperanza|4326|2201076|1076|2026-09-29 02:50:00
22|16|Buenavista (lindavista)|4326|2201077|1077|2026-09-29 02:50:00
22|10|El Mirador Desarrollo Residencial (altamira Iv)|4326|2201078|1078|2026-09-29 02:50:00
22|14|Palmas V (condominio Yatay)|4326|2201079|1079|2026-09-29 02:50:00
22|14|Palmas V (condominio Asahi)|4326|2201080|1080|2026-09-29 02:50:00
22|4|La Zorra|4326|2201081|1081|2026-09-29 02:50:00
22|4|Vista Hermosa|4326|2201082|1082|2026-09-29 02:50:00
22|5|Misiones De La Cueva|4326|2201112|1112|2026-09-29 02:50:00
22|5|Villas Del Faisan|4326|2201113|1113|2026-09-29 02:50:00
22|5|Cumbres Del Campestre|4326|2201114|1114|2026-09-29 02:50:00
22|5|Residencial Los Ciruelos|4326|2201115|1115|2026-09-29 02:50:00
22|14|Portal De Samaniego|4326|2201116|1116|2026-09-29 02:50:00
22|14|Rancho San Pedro (cobarrubias)|4326|2201117|1117|2026-09-29 02:50:00
22|14|Rancho San Pedro (cabrera)|4326|2201118|1118|2026-09-29 02:50:00
22|14|Rancho San Pedro (velasco)|4326|2201119|1119|2026-09-29 02:50:00
22|4|El Gallo|4326|2201120|1120|2026-09-29 02:50:00
22|4|Palo Seco|4326|2201121|1121|2026-09-29 02:50:00
22|4|Urecho|4326|2201122|1122|2026-09-29 02:50:00
22|14|Rinconada Pirules 2|4326|2201123|1123|2026-09-29 02:50:00
22|14|Rivera Del Rio|4326|2201124|1124|2026-09-29 02:50:00
22|14|Los Molinos|4326|2201125|1125|2026-09-29 02:50:00
22|14|Las Palmas|4326|2201126|1126|2026-09-29 02:50:00
22|14|Bosques Del Cimatario 2a Seccion|4326|2201127|1127|2026-09-29 02:50:00
22|6|La Arboleda|4326|2201128|1128|2026-09-29 02:50:00
22|6|La Providencia|4326|2201129|1129|2026-09-29 02:50:00
22|2|El Barrito|4326|2201130|1130|2026-09-29 02:50:00
22|2|San Juan Buenaventura|4326|2201131|1131|2026-09-29 02:50:00
22|2|El Lienzo|4326|2201132|1132|2026-09-29 02:50:00
22|14|Mision La Joya|4326|2201133|1133|2026-09-29 02:50:00
22|4|El Lindero|4326|2201134|1134|2026-09-29 02:50:00
22|4|El Nuevo Rumbo|4326|2201135|1135|2026-09-29 02:50:00
22|4|El Nuevo Progreso|4326|2201136|1136|2026-09-29 02:50:00
22|4|Tierra Y Libertad|4326|2201137|1137|2026-09-29 02:50:00
22|3|Mintehe|4326|2201138|1138|2026-09-29 02:50:00
22|3|Mesa De Leon|4326|2201139|1139|2026-09-29 02:50:00
22|10|Villa Catania|4326|2201140|1140|2026-09-29 02:50:00
22|16|El Rosario|4326|2201141|1141|2026-09-29 02:50:00
22|14|Colinas Del Lago|4326|2201142|1142|2026-09-29 02:50:00
22|14|Cerrito Colorado|4326|2201143|1143|2026-09-29 02:50:00
22|16|Laguna De Vaquerias|4326|2201144|1144|2026-09-29 02:50:00
22|10|El Mirador Desarrollo Residencial (altamira 3)|4326|2201145|1145|2026-09-29 02:50:00
22|14|Mariano De Las Casas|4326|2201146|1146|2026-09-29 02:50:00
22|14|Casa Blanca|4326|2201147|1147|2026-09-29 02:50:00
22|14|Rincon De San Antonio|4326|2201148|1148|2026-09-29 02:50:00
22|14|Siglo Xxi|4326|2201149|1149|2026-09-29 02:50:00
22|14|Loreto|4326|2201150|1150|2026-09-29 02:50:00
22|14|Guadalajara|4326|2201151|1151|2026-09-29 02:50:00
22|14|Diamante|4326|2201152|1152|2026-09-29 02:50:00
22|14|Claustros Del Campestre 2|4326|2201153|1153|2026-09-29 02:50:00
22|14|Industrial San Pedrito Pe?uelas|4326|2201154|1154|2026-09-29 02:50:00
22|14|Portal De Santiago|4326|2201155|1155|2026-09-29 02:50:00
22|16|Nuevo Loma Linda|4326|2201156|1156|2026-09-29 02:50:00
22|10|El Mirador Desarrollo Residencial (el Deseo)|4326|2201157|1157|2026-09-29 02:50:00
22|10|El Mirador Desarrollo Residencial (san Lorenzo Paseo Los Ala|4326|2201158|1158|2026-09-29 02:50:00
22|10|El Mirador Desarrollo Residencial (privada Ciruelos)|4326|2201159|1159|2026-09-29 02:50:00
22|14|Misiones Ii|4326|2201160|1160|2026-09-29 02:50:00
22|11|La Palma|4326|2201161|1161|2026-09-29 02:50:00
22|4|La Canoa|4326|2201162|1162|2026-09-29 02:50:00
22|5|Bellavista Mirador|4326|2201163|1163|2026-09-29 02:50:00
22|12|San Antonio|4326|2201164|1164|2026-09-29 02:50:00
22|12|Villa Emiliano Zapata (extoraz)|4326|2201165|1165|2026-09-29 02:50:00
22|10|Villa Catania|4326|2201166|1166|2026-09-29 02:50:00
22|4|Viborillas|4326|2201167|1167|2026-09-29 02:50:00
22|4|El Potrero|4326|2201168|1168|2026-09-29 02:50:00
22|4|Aereoespacial De Queretaro|4326|2201169|1169|2026-09-29 02:50:00
22|4|El Blanco|4326|2201170|1170|2026-09-29 02:50:00
22|10|San Lorenzo (los Olivos)|4326|2201171|1171|2026-09-29 02:50:00
22|10|Puesta Del Sol 2|4326|2201172|1172|2026-09-29 02:50:00
22|10|El Baldaquin Residencial|4326|2201173|1173|2026-09-29 02:50:00
22|16|El Carmen|4326|2201174|1174|2026-09-29 02:50:00
22|14|Granjas Las Torres|4326|2201175|1175|2026-09-29 02:50:00
22|14|La Gotera|4326|2201176|1176|2026-09-29 02:50:00
22|16|Ex-hacienda Banthi|4326|2201177|1177|2026-09-29 02:50:00
22|16|20 De Noviembre|4326|2201178|1178|2026-09-29 02:50:00
22|16|De Santa Cruz Escandon|4326|2201179|1179|2026-09-29 02:50:00
22|16|El Pedregal|4326|2201180|1180|2026-09-29 02:50:00
22|16|El Rocio Iii|4326|2201181|1181|2026-09-29 02:50:00
22|16|Aquiles Serdan Seccion Libertad|4326|2201182|1182|2026-09-29 02:50:00
22|16|Aquiles Serdan|4326|2201183|1183|2026-09-29 02:50:00
22|16|Las Torres|4326|2201184|1184|2026-09-29 02:50:00
22|16|El Colibri De Banthi|4326|2201185|1185|2026-09-29 02:50:00
22|16|Aquiles Serdan|4326|2201186|1186|2026-09-29 02:50:00
22|16|El Rocio Iv|4326|2201187|1187|2026-09-29 02:50:00
22|16|El Rocio Ii|4326|2201188|1188|2026-09-29 02:50:00
22|16|El Rocio|4326|2201189|1189|2026-09-29 02:50:00
22|16|Quintas Banthi|4326|2201190|1190|2026-09-29 02:50:00
22|16|San Jose|4326|2201191|1191|2026-09-29 02:50:00
22|16|El Rosal|4326|2201192|1192|2026-09-29 02:50:00
22|16|Las Estrellas|4326|2201193|1193|2026-09-29 02:50:00
22|16|Francisco Villa (emiliano Zapata)|4326|2201194|1194|2026-09-29 02:50:00
22|16|Banthi El Alto|4326|2201195|1195|2026-09-29 02:50:00
22|16|Lagunillas|4326|2201196|1196|2026-09-29 02:50:00
22|14|Jardines De La Floresta Ii|4326|2201197|1197|2026-09-29 02:50:00
22|10|San Vicente Ferrer|4326|2201198|1198|2026-09-29 02:50:00
22|16|Francisco Villa|4326|2201199|1199|2026-09-29 02:50:00
22|16|Jacarandas De Banthi (club Residencial Jacarandas)|4326|2201200|1200|2026-09-29 02:50:00
22|16|Las Aguilas 3a Seccion|4326|2201201|1201|2026-09-29 02:50:00
22|16|El Capricho|4326|2201202|1202|2026-09-29 02:50:00
22|16|Heraclio Bernal|4326|2201203|1203|2026-09-29 02:50:00
22|16|Las Aguilas 2a Seccion|4326|2201204|1204|2026-09-29 02:50:00
22|16|El Dorado|4326|2201205|1205|2026-09-29 02:50:00
22|16|Insurgentes|4326|2201206|1206|2026-09-29 02:50:00
22|14|Rinconada Del Salitre Segunda Etapa|4326|2201207|1207|2026-09-29 02:50:00
22|14|Palmas (la Condesa)|4326|2201208|1208|2026-09-29 02:50:00
22|7|El Milagro|4326|2201209|1209|2026-09-29 02:50:00
22|10|Zen House Habitat Ii|4326|2201210|1210|2026-09-29 02:50:00
22|16|Hacienda Fundadores Ii|4326|2201211|1211|2026-09-29 02:50:00
22|14|Real Del Marques (marques De Quintanar )|4326|2201212|1212|2026-09-29 02:50:00
22|14|Real De La Loma|4326|2201213|1213|2026-09-29 02:50:00
22|11|Guadalupe Septien|4326|2201214|1214|2026-09-29 02:50:00
22|11|Loma Bonita|4326|2201215|1215|2026-09-29 02:50:00
22|11|Ignacio Perez (el Muerto)|4326|2201216|1216|2026-09-29 02:50:00
22|11|Nueva|4326|2201217|1217|2026-09-29 02:50:00
22|11|La Palma|4326|2201218|1218|2026-09-29 02:50:00
22|11|Buenos Aires|4326|2201219|1219|2026-09-29 02:50:00
22|4|Mexico Lindo|4326|2201220|1220|2026-09-29 02:50:00
22|17|La Borrega|4326|2201221|1221|2026-09-29 02:50:00
22|14|La Vista Residencial|4326|2201222|1222|2026-09-29 02:50:00
22|14|Gema|4326|2201223|1223|2026-09-29 02:50:00
22|11|Los Jazmines|4326|2201224|1224|2026-09-29 02:50:00
22|14|San Juan|4326|2201225|1225|2026-09-29 02:50:00
22|5|Pedregal De Schoenstatt (condominio San Francisco)|4326|2201226|1226|2026-09-29 02:50:00
22|5|Pedregal De Schoenstatt (condominio San Miguel)|4326|2201227|1227|2026-09-29 02:50:00
22|5|Colinas Del Santuario (condominio Bolton)|4326|2201228|1228|2026-09-29 02:50:00
22|5|Colinas Del Santuario (condominio Constantia)|4326|2201229|1229|2026-09-29 02:50:00
22|5|Colinas Del Santuario (condominio Lisboa)|4326|2201230|1230|2026-09-29 02:50:00
22|5|Colinas Del Santuario (condominio Sidney)|4326|2201231|1231|2026-09-29 02:50:00
22|5|Colinas Del Santuario|4326|2201232|1232|2026-09-29 02:50:00
22|17|Residencial Haciendas De Tequisquiapan Seccion A|4326|2201233|1233|2026-09-29 02:50:00
22|17|Residencial Haciendas De Tequisquiapan Seccion B|4326|2201234|1234|2026-09-29 02:50:00
22|5|Pedregal De Schoenstatt (condominio Santiago)|4326|2201235|1235|2026-09-29 02:50:00
22|5|Pedregal De Schoenstatt (condominio San Antonio)|4326|2201236|1236|2026-09-29 02:50:00
22|5|Pedregal De Schoenstatt (condominio San Gabriel)|4326|2201237|1237|2026-09-29 02:50:00
22|17|El Sauz|4326|2201238|1238|2026-09-29 02:50:00
22|5|San Jeronimo (condominio A)|4326|2201239|1239|2026-09-29 02:50:00
22|5|San Jeronimo (condominio B)|4326|2201240|1240|2026-09-29 02:50:00
22|5|San Jeronimo (condominio C)|4326|2201241|1241|2026-09-29 02:50:00
22|14|Lomas Del Tepeyac|4326|2201242|1242|2026-09-29 02:50:00
22|14|Mision Guadalupe|4326|2201243|1243|2026-09-29 02:50:00
22|3|El Rincon|4326|2201244|1244|2026-09-29 02:50:00
22|3|Las Animas|4326|2201245|1245|2026-09-29 02:50:00
22|3|Carricillo|4326|2201246|1246|2026-09-29 02:50:00
22|3|Los Mateo|4326|2201247|1247|2026-09-29 02:50:00
22|3|San Juan De La Rosa|4326|2201248|1248|2026-09-29 02:50:00
22|3|La Puerta|4326|2201249|1249|2026-09-29 02:50:00
22|14|Quintas De La Hacienda (puerta De Oyamel Regimen 10)|4326|2201250|1250|2026-09-29 02:50:00
22|14|Quintas De La Hacienda (puerta De Oyamel 113)|4326|2201251|1251|2026-09-29 02:50:00
22|14|Quintas De La Hacienda (puerta De Oyamel 103)|4326|2201252|1252|2026-09-29 02:50:00
22|14|Quintas De La Hacienda (puerta De Oyamel 104)|4326|2201253|1253|2026-09-29 02:50:00
22|3|Guadalupe|4326|2201254|1254|2026-09-29 02:50:00
22|3|Santiago|4326|2201255|1255|2026-09-29 02:50:00
22|6|San Jose De Los Trejo|4326|2201256|1256|2026-09-29 02:50:00
22|6|El Coyote|4326|2201257|1257|2026-09-29 02:50:00
22|17|Quintas Rojas|4326|2201258|1258|2026-09-29 02:50:00
22|5|Mision Marbella|4326|2201259|1259|2026-09-29 02:50:00
22|10|Santa Maria Bego?a|4326|2201260|1260|2026-09-29 02:50:00
22|5|Paseos De Santa Fe I|4326|2201261|1261|2026-09-29 02:50:00
22|4|El Mezote|4326|2201262|1262|2026-09-29 02:50:00
22|10|Atongo|4326|2201263|1263|2026-09-29 02:50:00
22|5|Los Olvera|4326|2201264|1264|2026-09-29 02:50:00
22|5|San Javier Ii|4326|2201265|1265|2026-09-29 02:50:00
22|5|Pedregal De Schoenstatt (condominio San Rafael)|4326|2201266|1266|2026-09-29 02:50:00
22|14|Provincia Santa Elena (alborada)|4326|2201267|1267|2026-09-29 02:50:00
22|6|Loberas|4326|2201268|1268|2026-09-29 02:50:00
22|6|El Bondotal|4326|2201269|1269|2026-09-29 02:50:00
22|6|Sombrerete|4326|2201270|1270|2026-09-29 02:50:00
22|14|Da Rosa|4326|2201271|1271|2026-09-29 02:50:00
22|5|La Cantera|4326|2201272|1272|2026-09-29 02:50:00
22|14|Quintas De La Hacienda (puerta De Oyamel 114)|4326|2201273|1273|2026-09-29 02:50:00
22|16|Loma Bonita (arenal)|4326|2201274|1274|2026-09-29 02:50:00
22|16|El Arenal 1|4326|2201275|1275|2026-09-29 02:50:00
22|16|Las Esmeraldas|4326|2201276|1276|2026-09-29 02:50:00
22|16|El Bordo|4326|2201277|1277|2026-09-29 02:50:00
22|14|Real Del Marques (marques De Oristan )|4326|2201278|1278|2026-09-29 02:50:00
22|8|San Jose|4326|2201279|1279|2026-09-29 02:50:00
22|9|Rancho Nuevo|4326|2201280|1280|2026-09-29 02:50:00
22|14|Hacienda Galindo (parque Galindo)|4326|2201281|1281|2026-09-29 02:50:00
22|14|Hacienda Galindo (parque La Gloria)|4326|2201282|1282|2026-09-29 02:50:00
22|14|Hacienda Galindo (parque La Llave)|4326|2201283|1283|2026-09-29 02:50:00
22|14|Hacienda Galindo (amazcala)|4326|2201284|1284|2026-09-29 02:50:00
22|7|Seccion Norte|4326|2201285|1285|2026-09-29 02:50:00
22|7|Seccion Sur|4326|2201286|1286|2026-09-29 02:50:00
22|7|Loma Del Picacho|4326|2201287|1287|2026-09-29 02:50:00
22|7|Bosques Del Sur|4326|2201288|1288|2026-09-29 02:50:00
22|17|La Laja|4326|2201289|1289|2026-09-29 02:50:00
22|18|De Eucaliptos (san Pedro De Los Eucaliptos)|4326|2201290|1290|2026-09-29 02:50:00
22|18|El Tequesquite|4326|2201291|1291|2026-09-29 02:50:00
22|18|Casas Viejas|4326|2201292|1292|2026-09-29 02:50:00
22|18|La Loma|4326|2201293|1293|2026-09-29 02:50:00
22|18|Horno De Cal|4326|2201294|1294|2026-09-29 02:50:00
22|18|El Molino|4326|2201295|1295|2026-09-29 02:50:00
22|18|El Granjeno|4326|2201296|1296|2026-09-29 02:50:00
22|18|Centro|4326|2201297|1297|2026-09-29 02:50:00
22|4|Ajuchitlan|4326|2201298|1298|2026-09-29 02:50:00
22|18|San Miguel (san Miguel Toliman)|4326|2201299|1299|2026-09-29 02:50:00
22|8|Zoyapilca|4326|2201300|1300|2026-09-29 02:50:00
22|8|Tancoyol|4326|2201301|1301|2026-09-29 02:50:00
22|8|El Pedregal|4326|2201302|1302|2026-09-29 02:50:00
22|3|Los Llanitos|4326|2201303|1303|2026-09-29 02:50:00
22|3|Ojo De Agua|4326|2201304|1304|2026-09-29 02:50:00
22|3|Magisterial|4326|2201305|1305|2026-09-29 02:50:00
22|3|San Diego|4326|2201306|1306|2026-09-29 02:50:00
22|3|Chiquihuite (el Puerto Del Chiquihuite)|4326|2201307|1307|2026-09-29 02:50:00
22|3|Zituni|4326|2201308|1308|2026-09-29 02:50:00
22|3|El Demi?o (barrio Del Demi?o)|4326|2201309|1309|2026-09-29 02:50:00
22|3|La Magdalena|4326|2201310|1310|2026-09-29 02:50:00
22|3|San Diego|4326|2201311|1311|2026-09-29 02:50:00
22|3|La Meseta|4326|2201312|1312|2026-09-29 02:50:00
22|3|Villa Nueva|4326|2201313|1313|2026-09-29 02:50:00
22|3|Fuentes Y Pueblo Nuevo|4326|2201314|1314|2026-09-29 02:50:00
22|3|Llano Blanco|4326|2201315|1315|2026-09-29 02:50:00
22|3|Los Vazquez|4326|2201316|1316|2026-09-29 02:50:00
22|3|La Fuente|4326|2201317|1317|2026-09-29 02:50:00
22|3|San Gaspar|4326|2201318|1318|2026-09-29 02:50:00
22|3|Las Fuentes|4326|2201319|1319|2026-09-29 02:50:00
22|3|El Paraiso|4326|2201320|1320|2026-09-29 02:50:00
22|3|Centro|4326|2201321|1321|2026-09-29 02:50:00
22|3|El Refugio|4326|2201322|1322|2026-09-29 02:50:00
22|3|Zituni|4326|2201323|1323|2026-09-29 02:50:00
22|3|Arroyo De Zituni|4326|2201324|1324|2026-09-29 02:50:00
22|6|Santa Maria|4326|2201325|1325|2026-09-29 02:50:00
22|6|La Boveda|4326|2201326|1326|2026-09-29 02:50:00
22|6|San Miguel|4326|2201327|1327|2026-09-29 02:50:00
22|6|Centro|4326|2201328|1328|2026-09-29 02:50:00
22|6|Las Canteras|4326|2201329|1329|2026-09-29 02:50:00
22|6|Guanajuatito|4326|2201330|1330|2026-09-29 02:50:00
22|6|Barreras|4326|2201331|1331|2026-09-29 02:50:00
22|10|Cerrada Brescia|4326|2201332|1332|2026-09-29 02:50:00
22|10|Cerrada Ferrara|4326|2201333|1333|2026-09-29 02:50:00
22|14|Fundadores|4326|2201334|1334|2026-09-29 02:50:00
22|7|La Noria|4326|2201335|1335|2026-09-29 02:50:00
22|6|El Tablado|4326|2201336|1336|2026-09-29 02:50:00
22|5|Magisterial ( Unidad Habitacional Magisterio)|4326|2201337|1337|2026-09-29 02:50:00
22|5|Club Campestre|4326|2201338|1338|2026-09-29 02:50:00
22|3|Los Martinez|4326|2201339|1339|2026-09-29 02:50:00
22|3|De Los Sanchez|4326|2201340|1340|2026-09-29 02:50:00
22|3|De Las Cruces|4326|2201341|1341|2026-09-29 02:50:00
22|3|Centro|4326|2201342|1342|2026-09-29 02:50:00
22|14|Pintillo|4326|2201343|1343|2026-09-29 02:50:00
22|16|El Mirador|4326|2201344|1344|2026-09-29 02:50:00
22|3|Puerto Del Salitre|4326|2201345|1345|2026-09-29 02:50:00
22|3|El Ranchito (el Ranchito Del Palmar)|4326|2201346|1346|2026-09-29 02:50:00
22|3|San Antonio De La Ca?ada|4326|2201347|1347|2026-09-29 02:50:00
22|5|Pedregal De Schoenstatt|4326|2201348|1348|2026-09-29 02:50:00
22|5|Pradera Del Bosque|4326|2201349|1349|2026-09-29 02:50:00
22|14|Mompani|4326|2201350|1350|2026-09-29 02:50:00
22|14|Tlacote El Alto|4326|2201351|1351|2026-09-29 02:50:00
22|12|San Miguel Palmas|4326|2201352|1352|2026-09-29 02:50:00
22|12|Villa Emiliano Zapata (extoraz) 2a Seccion|4326|2201353|1353|2026-09-29 02:50:00
22|12|La Vega|4326|2201354|1354|2026-09-29 02:50:00
22|12|Centro|4326|2201356|1356|2026-09-29 02:50:00
22|12|La Ladera|4326|2201357|1357|2026-09-29 02:50:00
22|12|El Alamo|4326|2201358|1358|2026-09-29 02:50:00
22|12|La Joya|4326|2201359|1359|2026-09-29 02:50:00
22|12|El Crucero|4326|2201360|1360|2026-09-29 02:50:00
22|12|El Mirador|4326|2201361|1361|2026-09-29 02:50:00
22|12|El Puerto|4326|2201362|1362|2026-09-29 02:50:00
22|12|El Paraje|4326|2201363|1363|2026-09-29 02:50:00
22|12|El Chopo|4326|2201364|1364|2026-09-29 02:50:00
22|12|Vista Alegre|4326|2201365|1365|2026-09-29 02:50:00
22|3|La Esperanza|4326|2201366|1366|2026-09-29 02:50:00
22|16|El Sitio|4326|2201367|1367|2026-09-29 02:50:00
22|16|Nueva Esperanza|4326|2201368|1368|2026-09-29 02:50:00
22|3|El Aguacate|4326|2201369|1369|2026-09-29 02:50:00
22|3|Villa Guerrero|4326|2201370|1370|2026-09-29 02:50:00
22|3|Centro|4326|2201371|1371|2026-09-29 02:50:00
22|3|La Pe?a|4326|2201372|1372|2026-09-29 02:50:00
22|3|De San Rafael Dethiga|4326|2201373|1373|2026-09-29 02:50:00
22|3|Dovilo|4326|2201374|1374|2026-09-29 02:50:00
22|5|El Calichar|4326|2201375|1375|2026-09-29 02:50:00
22|14|Quintas De La Hacienda (puerta De Oyamel 151)|4326|2201376|1376|2026-09-29 02:50:00
22|14|Quintas De La Hacienda (puerta De Oyamel 142)|4326|2201377|1377|2026-09-29 02:50:00
22|14|Quintas De La Hacienda (puerta De Oyamel 152)|4326|2201378|1378|2026-09-29 02:50:00
22|14|Quintas De La Hacienda (puerta De Oyamel 141)|4326|2201379|1379|2026-09-29 02:50:00
22|14|Mision De Santiago|4326|2201380|1380|2026-09-29 02:50:00
22|16|Manuel Serrano Vallejo|4326|2201381|1381|2026-09-29 02:50:00
22|13|Piedra Grande|4326|2201382|1382|2026-09-29 02:50:00
22|13|5 Pinos|4326|2201383|1383|2026-09-29 02:50:00
22|13|La Escondida|4326|2201384|1384|2026-09-29 02:50:00
22|13|El Calvario|4326|2201385|1385|2026-09-29 02:50:00
22|13|Curva Colorada|4326|2201386|1386|2026-09-29 02:50:00
22|13|Centro|4326|2201387|1387|2026-09-29 02:50:00
22|13|Bondojito|4326|2201388|1388|2026-09-29 02:50:00
22|13|Puerto De Amoles|4326|2201389|1389|2026-09-29 02:50:00
22|13|Ojo De Agua|4326|2201390|1390|2026-09-29 02:50:00
22|13|La Loma|4326|2201391|1391|2026-09-29 02:50:00
22|14|Santa Maria De Los Reyes|4326|2201392|1392|2026-09-29 02:50:00
22|15|Centro|4326|2201393|1393|2026-09-29 02:50:00
22|15|El Camposanto|4326|2201394|1394|2026-09-29 02:50:00
22|15|La Laderita|4326|2201395|1395|2026-09-29 02:50:00
22|15|Campo Alegre (las Caba?as)|4326|2201396|1396|2026-09-29 02:50:00
22|15|La Loma|4326|2201397|1397|2026-09-29 02:50:00
22|15|La Laguna|4326|2201398|1398|2026-09-29 02:50:00
22|15|Cfe|4326|2201399|1399|2026-09-29 02:50:00
22|15|Puerto Las Pilas|4326|2201400|1400|2026-09-29 02:50:00
22|15|La Crucita|4326|2201401|1401|2026-09-29 02:50:00
22|11|Chintepec|4326|2201402|1402|2026-09-29 02:50:00
22|14|Rincones Del Parque (condominio Rinconada Del Bosque)|4326|2201403|1403|2026-09-29 02:50:00
22|5|San Agustin|4326|2201404|1404|2026-09-29 02:50:00
22|14|Alamos Del Lago (condominio C Lago Covadonga)|4326|2201405|1405|2026-09-29 02:50:00
22|14|Alamos Del Lago (condominio B Lago De Pirineos)|4326|2201406|1406|2026-09-29 02:50:00
22|14|Alamos Del Lago (condominio A Lago Cantabria)|4326|2201407|1407|2026-09-29 02:50:00
22|16|Santa Lucia|4326|2201408|1408|2026-09-29 02:50:00
22|6|Colonia Sindical|4326|2201409|1409|2026-09-29 02:50:00
22|6|Colonia Las Flores|4326|2201410|1410|2026-09-29 02:50:00
22|6|Colonia Valle Colorado|4326|2201411|1411|2026-09-29 02:50:00
22|6|Santa Lucia|4326|2201412|1412|2026-09-29 02:50:00
22|6|Colonia Villanueva|4326|2201413|1413|2026-09-29 02:50:00
22|6|Colonia Nueva Unidad Cardenista|4326|2201414|1414|2026-09-29 02:50:00
22|10|Fraccionamiento Mallorca Residencial|4326|2201415|1415|2026-09-29 02:50:00
22|11|Escolasticas|4326|2201416|1416|2026-09-29 02:50:00
22|11|San Cirilo|4326|2201417|1417|2026-09-29 02:50:00
22|11|Artesanal|4326|2201418|1418|2026-09-29 02:50:00
22|11|San Cirilo|4326|2201419|1419|2026-09-29 02:50:00
22|6|Palo Seco|4326|2201420|1420|2026-09-29 02:50:00
22|3|Pathe|4326|2201421|1421|2026-09-29 02:50:00
22|3|Hospadha|4326|2201422|1422|2026-09-29 02:50:00
22|3|La Cruz|4326|2201423|1423|2026-09-29 02:50:00
22|6|De Guadalupe|4326|2201424|1424|2026-09-29 02:50:00
22|6|El Porvenir|4326|2201425|1425|2026-09-29 02:50:00
22|6|El Deposito|4326|2201426|1426|2026-09-29 02:50:00
22|6|La Divina Ilusion|4326|2201427|1427|2026-09-29 02:50:00
22|10|Encinos (condominio Majalca)|4326|2201428|1428|2026-09-29 02:50:00
22|10|Encinos (condominio Amazonas)|4326|2201429|1429|2026-09-29 02:50:00
22|10|Encinos (condominio Nixcongo)|4326|2201430|1430|2026-09-29 02:50:00
22|10|Encinos (condominio Tachira)|4326|2201431|1431|2026-09-29 02:50:00
22|10|Encinos (condominio Barinas)|4326|2201432|1432|2026-09-29 02:50:00
22|10|Encinos (condominio Aragua)|4326|2201433|1433|2026-09-29 02:50:00
22|10|Encinos (condominio Lago De Crater)|4326|2201434|1434|2026-09-29 02:50:00
22|10|Encinos (condominio Monagas)|4326|2201435|1435|2026-09-29 02:50:00
22|10|Encinos (condominio Ca?on Del Sumidero)|4326|2201436|1436|2026-09-29 02:50:00
22|10|Encinos (condominio Gran Ca?on)|4326|2201437|1437|2026-09-29 02:50:00
22|10|Encinos (condominio Tucumano)|4326|2201438|1438|2026-09-29 02:50:00
22|10|Encinos (condominio La Candona)|4326|2201439|1439|2026-09-29 02:50:00
22|10|Encinos (condominio Selva Negra)|4326|2201440|1440|2026-09-29 02:50:00
22|10|Encinos (condominio Valdiviana)|4326|2201441|1441|2026-09-29 02:50:00
22|10|Encinos (condominio Peten)|4326|2201442|1442|2026-09-29 02:50:00
22|10|Encinos (condominio Misiones)|4326|2201443|1443|2026-09-29 02:50:00
22|10|Encinos (condominio Madagascar)|4326|2201444|1444|2026-09-29 02:50:00
22|10|Encinos (condominio Borneo)|4326|2201445|1445|2026-09-29 02:50:00
22|10|Encinos (condominio Ca?on Del Rio)|4326|2201446|1446|2026-09-29 02:50:00
22|10|Encinos (condominio Tulum)|4326|2201447|1447|2026-09-29 02:50:00
22|10|Encinos (condominio Congo)|4326|2201448|1448|2026-09-29 02:50:00
22|10|Encinos (condominio Papua)|4326|2201449|1449|2026-09-29 02:50:00
22|10|Encinos (condominio Talampaya)|4326|2201450|1450|2026-09-29 02:50:00
22|10|Encinos (condominio Alerces)|4326|2201451|1451|2026-09-29 02:50:00
22|10|Encinos (condominio Glaciares)|4326|2201452|1452|2026-09-29 02:50:00
22|10|Encinos (condominio Copo)|4326|2201453|1453|2026-09-29 02:50:00
22|10|Encinos (condominio Baritu)|4326|2201454|1454|2026-09-29 02:50:00
22|10|Encinos (condominio Macuira)|4326|2201455|1455|2026-09-29 02:50:00
22|10|Encinos (condominio Sucre)|4326|2201456|1456|2026-09-29 02:50:00
22|10|Encinos (condominio Samoa)|4326|2201457|1457|2026-09-29 02:50:00
22|10|Encinos (condominio Zion)|4326|2201458|1458|2026-09-29 02:50:00
22|10|Encinos (condominio Tierra De Fuego)|4326|2201459|1459|2026-09-29 02:50:00
22|10|Encinos (condominio Falcon)|4326|2201460|1460|2026-09-29 02:50:00
22|10|Encinos (condominio Saguaro)|4326|2201461|1461|2026-09-29 02:50:00
22|10|Encinos (condominio Selva Humeda)|4326|2201462|1462|2026-09-29 02:50:00
22|10|Encinos (condominio Montebello)|4326|2201463|1463|2026-09-29 02:50:00
22|10|Encinos (condominio Iguazu)|4326|2201464|1464|2026-09-29 02:50:00
22|10|Encinos (condominio Galeras)|4326|2201465|1465|2026-09-29 02:50:00
22|10|Encinos (condominio Gorgona)|4326|2201466|1466|2026-09-29 02:50:00
22|10|Encinos (condominio Estoraque)|4326|2201467|1467|2026-09-29 02:50:00
22|10|Encinos (condominio Cutervo)|4326|2201468|1468|2026-09-29 02:50:00
22|10|Encinos (condominio Rio Abiseo)|4326|2201469|1469|2026-09-29 02:50:00
22|10|Encinos (condominio Cocuy)|4326|2201470|1470|2026-09-29 02:50:00
22|10|Encinos (condominio Cordillera Azul)|4326|2201471|1471|2026-09-29 02:50:00
22|10|Encinos (condominio Galapagos)|4326|2201472|1472|2026-09-29 02:50:00
22|10|Encinos (condominio Serengueti)|4326|2201473|1473|2026-09-29 02:50:00
22|10|Encinos (condominio Kilimanjaro)|4326|2201474|1474|2026-09-29 02:50:00
22|10|Encinos (condominio Katmai)|4326|2201475|1475|2026-09-29 02:50:00
22|5|Paseos De Santa Fe Ii|4326|2201476|1476|2026-09-29 02:50:00
22|11|San Antonio La D|4326|2201477|1477|2026-09-29 02:50:00
22|16|Santa Rosa Xajay|4326|2201478|1478|2026-09-29 02:50:00
22|6|La Catalana|4326|2201479|1479|2026-09-29 02:50:00
22|14|La Luna|4326|2201480|1480|2026-09-29 02:50:00
22|14|La Luna|4326|2201481|1481|2026-09-29 02:50:00
22|16|La Paz 4a Seccion|4326|2201482|1482|2026-09-29 02:50:00
22|14|El Frances|4326|2201483|1483|2026-09-29 02:50:00
22|14|Quintas Las Bugambilias|4326|2201484|1484|2026-09-29 02:50:00
22|4|Fraccionamiento La Ponderosa|4326|2201485|1485|2026-09-29 02:50:00
22|5|Vista Azul|4326|2201486|1486|2026-09-29 02:50:00
22|5|Colinas Del Santuario (condominio Villa Del Mar)|4326|2201487|1487|2026-09-29 02:50:00
22|5|Ibiza Residencial|4326|2201488|1488|2026-09-29 02:50:00
22|14|Santana|4326|2201489|1489|2026-09-29 02:50:00
22|11|Villas De Escobedo|4326|2201490|1490|2026-09-29 02:50:00
22|4|Tierra Dura|4326|2201491|1491|2026-09-29 02:50:00
22|14|Geoplazas|4326|2201492|1492|2026-09-29 02:50:00
22|3|Fraccionamiento Revolucion|4326|2201493|1493|2026-09-29 02:50:00
22|14|Real Del Marques (marques De Almazan)|4326|2201494|1494|2026-09-29 02:50:00
22|14|Eduardo Loarca Castillo  (jose Guadalupe Velazquez Pedraza|4326|2201495|1495|2026-09-29 02:50:00
22|14|Eduardo Loarca Castillo 2|4326|2201496|1496|2026-09-29 02:50:00
22|14|Jardines De La Floresta I,ii,iii,iv|4326|2201497|1497|2026-09-29 02:50:00
22|14|Eduardo Loarca Castillo  (alejo Altamirano)|4326|2201498|1498|2026-09-29 02:50:00
22|14|Eduardo Loarca Castillo  (hugo Gutierrez)|4326|2201499|1499|2026-09-29 02:50:00
22|14|Eduardo Loarca Castillo  (marcelo Hernandez)|4326|2201500|1500|2026-09-29 02:50:00
22|14|Eduardo Loarca Castillo  (j Antonio Servin L)|4326|2201501|1501|2026-09-29 02:50:00
22|14|Hacienda Mompani (bromelia)|4326|2201502|1502|2026-09-29 02:50:00
22|5|Vista Campestre|4326|2201503|1503|2026-09-29 02:50:00
22|14|Quintas De La Hacienda (puerta De Encino 202)|4326|2201504|1504|2026-09-29 02:50:00
22|18|El Vivero|4326|2201505|1505|2026-09-29 02:50:00
22|18|Panales|4326|2201506|1506|2026-09-29 02:50:00
22|18|La Mesita|4326|2201507|1507|2026-09-29 02:50:00
22|18|La Era|4326|2201508|1508|2026-09-29 02:50:00
22|18|El Nogalito|4326|2201509|1509|2026-09-29 02:50:00
22|16|San Isidro Labrador|4326|2201510|1510|2026-09-29 02:50:00
22|16|San Juan De Dios|4326|2201511|1511|2026-09-29 02:50:00
22|16|Cristo Rey|4326|2201512|1512|2026-09-29 02:50:00
22|16|San Juan De Dios|4326|2201513|1513|2026-09-29 02:50:00
22|16|Dolores Cuadrilla|4326|2201514|1514|2026-09-29 02:50:00
22|14|Trento 1|4326|2201515|1515|2026-09-29 02:50:00
22|14|La Escondida|4326|2201516|1516|2026-09-29 02:50:00
22|14|Trento Ii|4326|2201517|1517|2026-09-29 02:50:00
22|14|Palazzo|4326|2201518|1518|2026-09-29 02:50:00
22|10|Guadalupe De La Venta|4326|2201519|1519|2026-09-29 02:50:00
22|10|Zibata (zona Agave)|4326|2201520|1520|2026-09-29 02:50:00
22|7|El Encino|4326|2201521|1521|2026-09-29 02:50:00
22|11|El Suspiro|4326|2201522|1522|2026-09-29 02:50:00
22|11|San Ignacio|4326|2201523|1523|2026-09-29 02:50:00
22|14|Jofrito|4326|2201524|1524|2026-09-29 02:50:00
22|10|Samare|4326|2201525|1525|2026-09-29 02:50:00
22|10|Altamira Diamante|4326|2201526|1526|2026-09-29 02:50:00
22|18|Los Cerritos|4326|2201527|1527|2026-09-29 02:50:00
22|18|El Pueblito|4326|2201528|1528|2026-09-29 02:50:00
22|18|San Ramon|4326|2201529|1529|2026-09-29 02:50:00
22|18|El Rincon|4326|2201530|1530|2026-09-29 02:50:00
22|18|San Pablo Centro|4326|2201531|1531|2026-09-29 02:50:00
22|18|La Villita|4326|2201532|1532|2026-09-29 02:50:00
22|18|Campesina|4326|2201533|1533|2026-09-29 02:50:00
22|18|Lomas Bonitas|4326|2201534|1534|2026-09-29 02:50:00
22|18|Villas De Guadalupe|4326|2201535|1535|2026-09-29 02:50:00
22|18|El Orrio|4326|2201536|1536|2026-09-29 02:50:00
22|13|San Isidro|4326|2201537|1537|2026-09-29 02:50:00
22|13|La Cruz|4326|2201538|1538|2026-09-29 02:50:00
22|13|San Juan Diego|4326|2201539|1539|2026-09-29 02:50:00
22|13|San Jose|4326|2201540|1540|2026-09-29 02:50:00
22|13|Centro|4326|2201541|1541|2026-09-29 02:50:00
22|13|Santa Cecilia|4326|2201542|1542|2026-09-29 02:50:00
22|13|Cristo Rey|4326|2201543|1543|2026-09-29 02:50:00
22|14|La Vista 9|4326|2201544|1544|2026-09-29 02:50:00
22|10|Natura Residencial Ii|4326|2201545|1545|2026-09-29 02:50:00
22|10|Sule|4326|2201546|1546|2026-09-29 02:50:00
22|10|Bianco|4326|2201547|1547|2026-09-29 02:50:00
22|5|Quintas Las Jacarandas|4326|2201548|1548|2026-09-29 02:50:00
22|5|Monte Alban|4326|2201549|1549|2026-09-29 02:50:00
22|10|Cardon|4326|2201550|1550|2026-09-29 02:50:00
22|10|Antalia|4326|2201551|1551|2026-09-29 02:50:00
22|5|Biznaga (residencial Condesa Cimatario)|4326|2201552|1552|2026-09-29 02:50:00
22|10|Acantha|4326|2201553|1553|2026-09-29 02:50:00
22|14|Quintas De La Hacienda (puerta De Encino 180 )|4326|2201554|1554|2026-09-29 02:50:00
22|14|Quintas De La Hacienda (puerta De Encino)|4326|2201555|1555|2026-09-29 02:50:00
22|14|Quintas De La Hacienda (puerta De Encino 102)|4326|2201556|1556|2026-09-29 02:50:00
22|14|Quintas De La Hacienda (puerta De Encino 101)|4326|2201557|1557|2026-09-29 02:50:00
22|14|Quintas De La Hacienda (puerta De Encino 120)|4326|2201558|1558|2026-09-29 02:50:00
22|14|Quintas De La Hacienda (puerta De Encino 181)|4326|2201559|1559|2026-09-29 02:50:00
22|14|Quintas De La Hacienda (puerta De Encino 161)|4326|2201560|1560|2026-09-29 02:50:00
22|14|Tito Juncos|4326|2201561|1561|2026-09-29 02:50:00
22|14|Loma Ix (condominio Toledo)|4326|2201562|1562|2026-09-29 02:50:00
22|11|Lomas Altas|4326|2201563|1563|2026-09-29 02:50:00
22|16|Vaquerias|4326|2201564|1564|2026-09-29 02:50:00
22|16|Prados De San Juan|4326|2201565|1565|2026-09-29 02:50:00
22|11|San Fandila|4326|2201566|1566|2026-09-29 02:50:00
22|11|La Luz|4326|2201567|1567|2026-09-29 02:50:00
22|11|Privada Del Valle|4326|2201568|1568|2026-09-29 02:50:00
22|4|El Puertecito Las Cruces|4326|2201569|1569|2026-09-29 02:50:00
22|14|La Cima|4326|2201570|1570|2026-09-29 02:50:00
22|14|Fraccionamiento La Vista Residencial (rinconada La Condesa)|4326|2201571|1571|2026-09-29 02:50:00
22|14|Fraccionamiento La Vista Residencial (vista Real)|4326|2201572|1572|2026-09-29 02:50:00
22|14|El Refugio Residencial ( Villa Romana- Paseo Rafael)|4326|2201573|1573|2026-09-29 02:50:00
22|14|El Refugio Residencial (villa Romana- Paseo Miguel Angel)|4326|2201574|1574|2026-09-29 02:50:00
22|14|Montemayor Residencial|4326|2201575|1575|2026-09-29 02:50:00
22|14|Fraccionamiento La Vista Residencial (vista Hermosa)|4326|2201576|1576|2026-09-29 02:50:00
22|14|Diamante|4326|2201577|1577|2026-09-29 02:50:00
22|14|Torre De Piedra El Refugio|4326|2201578|1578|2026-09-29 02:50:00
22|14|La Palma Residencial|4326|2201579|1579|2026-09-29 02:50:00
22|14|Quintas Los Robles|4326|2201580|1580|2026-09-29 02:50:00
22|14|El Refugio Residencial (el Recuerdo G)|4326|2201581|1581|2026-09-29 02:50:00
22|14|El Refugio Residencial (el Recuerdo F)|4326|2201582|1582|2026-09-29 02:50:00
22|14|El Refugio Residencial (el Recuerdo E)|4326|2201583|1583|2026-09-29 02:50:00
22|14|El Refugio Residencial (el Recuerdo D)|4326|2201584|1584|2026-09-29 02:50:00
22|14|El Refugio Residencial (el Recuerdo C)|4326|2201585|1585|2026-09-29 02:50:00
22|14|El Refugio Residencial (ikuna)|4326|2201586|1586|2026-09-29 02:50:00
22|14|Paseo Sicilia|4326|2201587|1587|2026-09-29 02:50:00
22|14|Dolce Provvidenza|4326|2201588|1588|2026-09-29 02:50:00
22|5|Pedregal De Schoenstatt (condominio San Pablo)|4326|2201589|1589|2026-09-29 02:50:00
22|5|Pedregal De Schoenstatt (condominio San Pedro)|4326|2201590|1590|2026-09-29 02:50:00
22|5|Pedregal De Schoenstatt (condominio San Juan)|4326|2201591|1591|2026-09-29 02:50:00
22|5|Pedregal De Schoenstatt (condominio Santo Tomas)|4326|2201592|1592|2026-09-29 02:50:00
22|14|Chulavista Iii|4326|2201593|1593|2026-09-29 02:50:00
22|14|Ampliacion Patria Nueva|4326|2201594|1594|2026-09-29 02:50:00
22|5|Puerta Real Ii|4326|2201595|1595|2026-09-29 02:50:00
22|14|Alterra Towers|4326|2201596|1596|2026-09-29 02:50:00
22|14|Torres Marbella|4326|2201597|1597|2026-09-29 02:50:00
22|14|Los Naranjos|4326|2201598|1598|2026-09-29 02:50:00
22|14|San Pablo|4326|2201599|1599|2026-09-29 02:50:00
22|14|La Pe?a|4326|2201600|1600|2026-09-29 02:50:00
22|14|La Raya|4326|2201601|1601|2026-09-29 02:50:00
22|14|San Pablo Tecnologico|4326|2201602|1602|2026-09-29 02:50:00
22|16|Santa Cruz Escandon|4326|2201603|1603|2026-09-29 02:50:00
22|16|Huerto De Los Olivos|4326|2201604|1604|2026-09-29 02:50:00
22|16|Privada Cipreses|4326|2201605|1605|2026-09-29 02:50:00
22|16|El Lindero|4326|2201606|1606|2026-09-29 02:50:00
22|6|Montequis|4326|2201607|1607|2026-09-29 02:50:00
22|6|Residencial Los Arcos|4326|2201608|1608|2026-09-29 02:50:00
22|4|Nuevo Alamos|4326|2201609|1609|2026-09-29 02:50:00
22|18|Nogales|4326|2201610|1610|2026-09-29 02:50:00
22|3|Los Maqueda|4326|2201611|1611|2026-09-29 02:50:00
22|16|Villas Querenda|4326|2201612|1612|2026-09-29 02:50:00
22|14|Fraccionamiento La Vista Residencial (lomas De La Vista)|4326|2201613|1613|2026-09-29 02:50:00
22|14|Fraccionamiento La Vista Residencial (casa Grande)|4326|2201614|1614|2026-09-29 02:50:00
22|14|Fraccionamiento  San Jeronimo|4326|2201615|1615|2026-09-29 02:50:00
22|14|Cerro De La Cruz|4326|2201616|1616|2026-09-29 02:50:00
22|14|El Refugio Residencial (villa Romana-paseo Da Vinci)|4326|2201617|1617|2026-09-29 02:50:00
22|14|Juriquilla Hacienda Grande (caleto)|4326|2201618|1618|2026-09-29 02:50:00
22|14|Juriquilla Santa Fe (el Encanto)|4326|2201619|1619|2026-09-29 02:50:00
22|14|Juriquilla Santa Fe (villa Toscana)|4326|2201620|1620|2026-09-29 02:50:00
22|14|Juriquilla Santa Fe (privada Santa Fe)|4326|2201621|1621|2026-09-29 02:50:00
22|14|Juriquilla Santa Fe (el Cielo)|4326|2201622|1622|2026-09-29 02:50:00
22|14|Juriquilla Santa Fe (el Secreto )|4326|2201623|1623|2026-09-29 02:50:00
22|14|Juriquilla Santa Fe (ensue?o)|4326|2201624|1624|2026-09-29 02:50:00
22|14|Juriquilla Santa Fe (rincon Santa Fe)|4326|2201625|1625|2026-09-29 02:50:00
22|14|Gran Puerta Paraiso Ii|4326|2201626|1626|2026-09-29 02:50:00
22|14|Juriquilla Santa Fe (dos Lunas)|4326|2201627|1627|2026-09-29 02:50:00
22|14|Juriquilla Santa Fe (el Suspiro)|4326|2201628|1628|2026-09-29 02:50:00
22|14|Juriquilla Santa Fe (azul)|4326|2201629|1629|2026-09-29 02:50:00
22|14|Juriquilla Santa Fe (el Silencio)|4326|2201630|1630|2026-09-29 02:50:00
22|14|Juriquilla Santa Fe (manzanares)|4326|2201631|1631|2026-09-29 02:50:00
22|14|Juriquilla Santa Fe (olivos)|4326|2201632|1632|2026-09-29 02:50:00
22|14|Juriquilla Santa Fe (el Delirio)|4326|2201633|1633|2026-09-29 02:50:00
22|14|Juriquilla Santa Fe (quintas Las Acacias)|4326|2201634|1634|2026-09-29 02:50:00
22|14|Juriquilla Santa Fe (acua)|4326|2201635|1635|2026-09-29 02:50:00
22|14|Rinconada Santini Juriquilla (caleto)|4326|2201636|1636|2026-09-29 02:50:00
22|14|Vive Hacienda Grande|4326|2201637|1637|2026-09-29 02:50:00
22|14|Los Naranjos 3|4326|2201638|1638|2026-09-29 02:50:00
22|14|Juriquilla Santa Fe (habitarea Towers)|4326|2201639|1639|2026-09-29 02:50:00
22|14|Juriquilla Santa Fe (el Encanto)|4326|2201640|1640|2026-09-29 02:50:00
22|14|2 Caprichos|4326|2201641|1641|2026-09-29 02:50:00
22|14|Juriquilla Santa Fe (el Nuevo Capricho)|4326|2201642|1642|2026-09-29 02:50:00
22|14|Juriquilla Santa Fe (el Capricho)|4326|2201643|1643|2026-09-29 02:50:00
22|14|Juriquilla Santa Fe (el Respiro)|4326|2201644|1644|2026-09-29 02:50:00
22|14|Juriquilla Santa Fe (alteza)|4326|2201645|1645|2026-09-29 02:50:00
22|14|Juriquilla Santa Fe (castella)|4326|2201646|1646|2026-09-29 02:50:00
22|14|Juriquilla Santa Fe (paseo Livornio)|4326|2201647|1647|2026-09-29 02:50:00
22|14|Juriquilla Santa Fe (ponte Vedra)|4326|2201648|1648|2026-09-29 02:50:00
22|14|Habitarea Homes|4326|2201649|1649|2026-09-29 02:50:00
22|14|Juriquilla Residencial|4326|2201650|1650|2026-09-29 02:50:00
22|14|Balcones De Juriquilla|4326|2201651|1651|2026-09-29 02:50:00
22|14|El Faro|4326|2201652|1652|2026-09-29 02:50:00
22|14|La Luna|4326|2201653|1653|2026-09-29 02:50:00
22|14|Terrazas Vista Lago|4326|2201654|1654|2026-09-29 02:50:00
22|14|Vista Lago|4326|2201655|1655|2026-09-29 02:50:00
22|14|La Joya|4326|2201656|1656|2026-09-29 02:50:00
22|14|La Escondida|4326|2201657|1657|2026-09-29 02:50:00
22|14|La Muralla|4326|2201658|1658|2026-09-29 02:50:00
22|14|La Cima|4326|2201659|1659|2026-09-29 02:50:00
22|14|La Ca?ada|4326|2201660|1660|2026-09-29 02:50:00
22|14|El Rincon De Balcones|4326|2201661|1661|2026-09-29 02:50:00
22|14|Mirador Del Lago|4326|2201662|1662|2026-09-29 02:50:00
22|14|Juriquilla Santa Fe (dos Cantos)|4326|2201663|1663|2026-09-29 02:50:00
22|14|Juriquilla Santa Fe (juriquilla Towers)|4326|2201664|1664|2026-09-29 02:50:00
22|14|Rincon Del Lago|4326|2201665|1665|2026-09-29 02:50:00
22|14|Terrazas|4326|2201666|1666|2026-09-29 02:50:00
22|14|San Isidro (arroyo Seco)|4326|2201667|1667|2026-09-29 02:50:00
22|14|San Isidro (san Juan)|4326|2201668|1668|2026-09-29 02:50:00
22|14|San Isidro (mirador)|4326|2201669|1669|2026-09-29 02:50:00
22|14|San Isidro (bella Vista)|4326|2201670|1670|2026-09-29 02:50:00
22|14|San Isidro (la Arboleda)|4326|2201671|1671|2026-09-29 02:50:00
22|14|San Isidro (yuca)|4326|2201672|1672|2026-09-29 02:50:00
22|14|San Isidro (olivar Del Prado)|4326|2201673|1673|2026-09-29 02:50:00
22|14|Villas Del Meson|4326|2201674|1674|2026-09-29 02:50:00
22|14|Lindavista|4326|2201675|1675|2026-09-29 02:50:00
22|14|Las Lajitas (palo Dulzar)|4326|2201676|1676|2026-09-29 02:50:00
22|14|Nuevo Amanecer|4326|2201677|1677|2026-09-29 02:50:00
22|14|Casas Viejas|4326|2201678|1678|2026-09-29 02:50:00
22|14|Vista Alegre|4326|2201679|1679|2026-09-29 02:50:00
22|14|Villas Del Meson|4326|2201680|1680|2026-09-29 02:50:00
22|14|Privada Juriquilla|4326|2201681|1681|2026-09-29 02:50:00
22|14|Lomas Del Pedregal|4326|2201682|1682|2026-09-29 02:50:00
22|14|Arboledas|4326|2201683|1683|2026-09-29 02:50:00
22|14|Independencia|4326|2201684|1684|2026-09-29 02:50:00
22|14|Benito Juarez|4326|2201685|1685|2026-09-29 02:50:00
22|14|Lomas De Juriquilla|4326|2201686|1686|2026-09-29 02:50:00
22|14|Colinas De Juriquilla|4326|2201687|1687|2026-09-29 02:50:00
22|14|Gobernantes|4326|2201688|1688|2026-09-29 02:50:00
22|14|Colinas De Jurica|4326|2201689|1689|2026-09-29 02:50:00
22|14|Altozano (cantera)|4326|2201690|1690|2026-09-29 02:50:00
22|14|Altozano (laja)|4326|2201691|1691|2026-09-29 02:50:00
22|14|Altozano|4326|2201692|1692|2026-09-29 02:50:00
22|14|Altozano (brasas)|4326|2201693|1693|2026-09-29 02:50:00
22|14|Altozano (lago)|4326|2201694|1694|2026-09-29 02:50:00
22|14|Altozano (rio)|4326|2201695|1695|2026-09-29 02:50:00
22|14|Altozano (lluvia)|4326|2201696|1696|2026-09-29 02:50:00
22|14|Altozano (cumbre)|4326|2201697|1697|2026-09-29 02:50:00
22|14|Altozano (roca)|4326|2201698|1698|2026-09-29 02:50:00
22|14|Altozano (ca?ada)|4326|2201699|1699|2026-09-29 02:50:00
22|14|Altozano (meteoro)|4326|2201700|1700|2026-09-29 02:50:00
22|14|Altozano (grieta)|4326|2201701|1701|2026-09-29 02:50:00
22|14|Altozano (risco)|4326|2201702|1702|2026-09-29 02:50:00
22|14|Pe?a Alta Jurica|4326|2201703|1703|2026-09-29 02:50:00
22|14|San Isidro (nayara)|4326|2201704|1704|2026-09-29 02:50:00
22|14|San Isidro (vive)|4326|2201705|1705|2026-09-29 02:50:00
22|14|Real De Juriquilla (lavanda Residencial)|4326|2201706|1706|2026-09-29 02:50:00
22|14|Altamira|4326|2201707|1707|2026-09-29 02:50:00
22|14|Torre De Piedra|4326|2201708|1708|2026-09-29 02:50:00
22|14|Puerta De Hierro|4326|2201709|1709|2026-09-29 02:50:00
22|14|La Hacienda|4326|2201710|1710|2026-09-29 02:50:00
22|14|Privanza|4326|2201711|1711|2026-09-29 02:50:00
22|14|Vista Diamante|4326|2201712|1712|2026-09-29 02:50:00
22|14|La Herradura|4326|2201713|1713|2026-09-29 02:50:00
22|14|Cantalagua|4326|2201714|1714|2026-09-29 02:50:00
22|5|Doctores (rancho El Zapote)|4326|2201715|1715|2026-09-29 02:50:00
22|14|Villas De La Carambada|4326|2201716|1716|2026-09-29 02:50:00
22|14|Venezziano|4326|2201717|1717|2026-09-29 02:50:00
22|14|La Gloria|4326|2201718|1718|2026-09-29 02:50:00
22|14|El Vergel|4326|2201719|1719|2026-09-29 02:50:00
22|17|Fraccionamiento El Dorado|4326|2201720|1720|2026-09-29 02:50:00
22|16|Ranchos Unidos Banthi|4326|2201721|1721|2026-09-29 02:50:00
22|7|La Cantera|4326|2201722|1722|2026-09-29 02:50:00
22|7|La Ladera|4326|2201723|1723|2026-09-29 02:50:00
22|7|Apapataro|4326|2201724|1724|2026-09-29 02:50:00
22|16|La Pancha|4326|2201725|1725|2026-09-29 02:50:00
22|4|San Gabriel Alfajayucan|4326|2201726|1726|2026-09-29 02:50:00
22|6|Jardines De La Pe?a|4326|2201727|1727|2026-09-29 02:50:00
22|3|Los Estancos (los Barrones)|4326|2201728|1728|2026-09-29 02:50:00
22|3|Centro|4326|2201729|1729|2026-09-29 02:50:00
22|3|Los Silvestre (santo Ni?o)|4326|2201730|1730|2026-09-29 02:50:00
22|3|Los Sanchez|4326|2201731|1731|2026-09-29 02:50:00
22|14|Mision Del Parque|4326|2201732|1732|2026-09-29 02:50:00
22|10|Quetzal|4326|2201733|1733|2026-09-29 02:50:00
22|3|Boxasni|4326|2201734|1734|2026-09-29 02:50:00
22|7|El Garru?al (san Felipe De Jesus)|4326|2201735|1735|2026-09-29 02:50:00
22|7|El Zorrillo (santa Cruz)|4326|2201736|1736|2026-09-29 02:50:00
22|10|Baraka|4326|2201737|1737|2026-09-29 02:50:00
22|10|Jicuri|4326|2201738|1738|2026-09-29 02:50:00
22|16|Punta Oriente|4326|2201739|1739|2026-09-29 02:50:00
22|14|Vista Azul|4326|2201740|1740|2026-09-29 02:50:00
22|14|Monte Blanco Iii|4326|2201741|1741|2026-09-29 02:50:00
22|14|Monte Real|4326|2201742|1742|2026-09-29 02:50:00
22|14|El Refugio Residencial (bojai 47)|4326|2201743|1743|2026-09-29 02:50:00
22|10|Zen Life I|4326|2201744|1744|2026-09-29 02:50:00
22|14|La Capilla|4326|2201745|1745|2026-09-29 02:50:00
22|14|Galindas|4326|2201746|1746|2026-09-29 02:50:00
22|14|Laderas De San Pedro|4326|2201747|1747|2026-09-29 02:50:00
22|14|Rancho San Pedro (la Cruz)|4326|2201748|1748|2026-09-29 02:50:00
22|14|Rancho San Pedro (el Carrizo)|4326|2201749|1749|2026-09-29 02:50:00
22|14|Rancho San Pedro (la Torre)|4326|2201750|1750|2026-09-29 02:50:00
22|14|Rancho San Pedro (el Tepozan)|4326|2201751|1751|2026-09-29 02:50:00
22|14|Rancho San Pedro (el Saucillo)|4326|2201752|1752|2026-09-29 02:50:00
22|14|Rancho San Pedro (la Ca?ada)|4326|2201753|1753|2026-09-29 02:50:00
22|14|Rancho San Pedro (la Griega)|4326|2201754|1754|2026-09-29 02:50:00
22|14|Rancho San Pedro (san Tomas)|4326|2201755|1755|2026-09-29 02:50:00
22|14|Rancho San Pedro (san Marcos)|4326|2201756|1756|2026-09-29 02:50:00
22|14|Rancho San Pedro (san Mateo)|4326|2201757|1757|2026-09-29 02:50:00
22|14|Rancho San Pedro (san Matias)|4326|2201758|1758|2026-09-29 02:50:00
22|14|Rancho San Pedro (san Santiago)|4326|2201759|1759|2026-09-29 02:50:00
22|14|Rancho San Pedro (san Simon)|4326|2201760|1760|2026-09-29 02:50:00
22|14|Rancho San Pedro (san Pablo)|4326|2201761|1761|2026-09-29 02:50:00
22|14|Rancho San Pedro (san Judas Tadeo)|4326|2201762|1762|2026-09-29 02:50:00
22|14|Rancho San Pedro (san Juan)|4326|2201763|1763|2026-09-29 02:50:00
22|14|Rancho San Pedro (gerzo )|4326|2201764|1764|2026-09-29 02:50:00
22|14|Rancho San Pedro (siqueiros )|4326|2201765|1765|2026-09-29 02:50:00
22|14|Rancho San Pedro (rivera )|4326|2201766|1766|2026-09-29 02:50:00
22|14|Rancho San Pedro (el Castillo)|4326|2201767|1767|2026-09-29 02:50:00
22|14|Rancho San Pedro (varo)|4326|2201768|1768|2026-09-29 02:50:00
22|14|Rancho San Pedro (los Cues)|4326|2201769|1769|2026-09-29 02:50:00
22|14|Rancho San Pedro (el Ciervo)|4326|2201770|1770|2026-09-29 02:50:00
22|14|Rancho San Pedro (la Galera)|4326|2201771|1771|2026-09-29 02:50:00
22|14|Rancho San Pedro (la Tinaja)|4326|2201772|1772|2026-09-29 02:50:00
22|14|Rancho San Pedro (la Ladera)|4326|2201773|1773|2026-09-29 02:50:00
22|14|Rancho San Pedro (la Trinidad)|4326|2201774|1774|2026-09-29 02:50:00
22|14|Rancho San Pedro (la Plazuela)|4326|2201775|1775|2026-09-29 02:50:00
22|14|Rancho San Pedro (zalce)|4326|2201776|1776|2026-09-29 02:50:00
22|14|Rancho San Pedro (orozco)|4326|2201777|1777|2026-09-29 02:50:00
22|14|Rancho San Pedro (kahlo)|4326|2201778|1778|2026-09-29 02:50:00
22|14|Rancho San Pedro (tamayo)|4326|2201779|1779|2026-09-29 02:50:00
22|14|Rancho San Pedro (toledo)|4326|2201780|1780|2026-09-29 02:50:00
22|14|Rancho San Pedro (cuevas)|4326|2201781|1781|2026-09-29 02:50:00
22|14|Rancho San Pedro (bach)|4326|2201782|1782|2026-09-29 02:50:00
22|14|Rancho San Pedro (chopin)|4326|2201783|1783|2026-09-29 02:50:00
22|14|Rancho San Pedro (vivaldi)|4326|2201784|1784|2026-09-29 02:50:00
22|14|Rancho San Pedro (schubert)|4326|2201785|1785|2026-09-29 02:50:00
22|14|Rancho San Pedro (mozart)|4326|2201786|1786|2026-09-29 02:50:00
22|11|Los Alvarez|4326|2201787|1787|2026-09-29 02:50:00
22|14|Paseos Del Pedregal (altamira)|4326|2201788|1788|2026-09-29 02:50:00
22|14|Amoles|4326|2201789|1789|2026-09-29 02:50:00
22|14|Paseos Del Pedregal ()campanero)|4326|2201790|1790|2026-09-29 02:50:00
22|14|Paseos Del Pedregal ()cantera)|4326|2201791|1791|2026-09-29 02:50:00
22|14|Paseos Del Pedregal ()carretas)|4326|2201792|1792|2026-09-29 02:50:00
22|14|Paseos Del Pedregal ()carpio)|4326|2201793|1793|2026-09-29 02:50:00
22|14|Paseos Del Pedregal ()cienega)|4326|2201794|1794|2026-09-29 02:50:00
22|14|Paseos Del Pedregal ()cedro)|4326|2201795|1795|2026-09-29 02:50:00
22|3|Portezuelo|4326|2201796|1796|2026-09-29 02:50:00
22|4|Praderas Del Moral|4326|2201797|1797|2026-09-29 02:50:00
22|14|Arco De Piedra|4326|2201798|1798|2026-09-29 02:50:00
22|14|Paseos De Milos|4326|2201799|1799|2026-09-29 02:50:00
22|16|El Salto De Vaquerias|4326|2201800|1800|2026-09-29 02:50:00
22|5|Colinas De La Purisima|4326|2201801|1801|2026-09-29 02:50:00
22|14|Colonia Los Pocitos|4326|2201802|1802|2026-09-29 02:50:00
22|14|Paseo Davinci|4326|2201803|1803|2026-09-29 02:50:00
22|14|Paseo Bernini|4326|2201804|1804|2026-09-29 02:50:00
22|14|Real Del Lago|4326|2201805|1805|2026-09-29 02:50:00
22|14|La Condesa|4326|2201806|1806|2026-09-29 02:50:00
22|14|Monte Blanco|4326|2201807|1807|2026-09-29 02:50:00
22|14|Monte Everest|4326|2201808|1808|2026-09-29 02:50:00
22|14|La Acequia Blanca|4326|2201809|1809|2026-09-29 02:50:00
22|14|Juriquilla Tabachines|4326|2201810|1810|2026-09-29 02:50:00
22|14|Real De Juriquilla|4326|2201811|1811|2026-09-29 02:50:00
22|14|San Isidro|4326|2201812|1812|2026-09-29 02:50:00
22|14|El Nabo (colinas Del Valle)|4326|2201813|1813|2026-09-29 02:50:00
22|14|San Isidro (sendas Del Naranjo)|4326|2201814|1814|2026-09-29 02:50:00
22|14|San Isidro (terra Malva)|4326|2201815|1815|2026-09-29 02:50:00
22|14|Real De Juriquilla (ventus)|4326|2201816|1816|2026-09-29 02:50:00
22|14|Real De Juriquilla (hills)|4326|2201817|1817|2026-09-29 02:50:00
22|14|Real De Juriquilla (privada Real)|4326|2201818|1818|2026-09-29 02:50:00
22|14|Gran Capricho|4326|2201819|1819|2026-09-29 02:50:00
22|14|Triana|4326|2201820|1820|2026-09-29 02:50:00
22|14|Cumbres Provenza|4326|2201821|1821|2026-09-29 02:50:00
22|16|Paraiso De La Llave|4326|2201822|1822|2026-09-29 02:50:00
22|16|San Francisco|4326|2201823|1823|2026-09-29 02:50:00
22|16|Hacienda El Riel|4326|2201824|1824|2026-09-29 02:50:00
22|16|La Llave|4326|2201825|1825|2026-09-29 02:50:00
22|16|Manantial De Santa Elena Seccion A|4326|2201826|1826|2026-09-29 02:50:00
22|16|Santa Elena 1a Seccion B|4326|2201827|1827|2026-09-29 02:50:00
22|16|Militar|4326|2201828|1828|2026-09-29 02:50:00
22|16|La Pradera|4326|2201829|1829|2026-09-29 02:50:00
22|16|Puerta Del Sol|4326|2201830|1830|2026-09-29 02:50:00
22|16|Guadalupe Del Rincon|4326|2201831|1831|2026-09-29 02:50:00
22|16|Santa Gertrudis La Llave|4326|2201832|1832|2026-09-29 02:50:00
22|16|Santa Elena 2a Seccion|4326|2201833|1833|2026-09-29 02:50:00
22|16|Santa Elena 1a Seccion A|4326|2201834|1834|2026-09-29 02:50:00
22|16|Libertadores De America (villa De Las Flores)|4326|2201835|1835|2026-09-29 02:50:00
22|16|Militar|4326|2201836|1836|2026-09-29 02:50:00
22|16|Piedra Rodada|4326|2201837|1837|2026-09-29 02:50:00
22|16|Los Gavilanes|4326|2201838|1838|2026-09-29 02:50:00
22|16|Cerro De La Cruz|4326|2201839|1839|2026-09-29 02:50:00
22|16|La Pe?a|4326|2201840|1840|2026-09-29 02:50:00
22|17|El Pedregal|4326|2201841|1841|2026-09-29 02:50:00
22|17|La Tortuga|4326|2201842|1842|2026-09-29 02:50:00
22|17|Lomas De La Tortuga|4326|2201843|1843|2026-09-29 02:50:00
22|17|Buenavista|4326|2201844|1844|2026-09-29 02:50:00
22|17|Los Vi?edos|4326|2201845|1845|2026-09-29 02:50:00
22|17|Residencial Haciendas De Tequisquiapan Seccion C|4326|2201846|1846|2026-09-29 02:50:00
22|17|Residencial Haciendas De Tequisquiapan Seccion D|4326|2201847|1847|2026-09-29 02:50:00
22|17|El Paraiso|4326|2201848|1848|2026-09-29 02:50:00
22|17|La Presa|4326|2201849|1849|2026-09-29 02:50:00
22|17|Fatima|4326|2201850|1850|2026-09-29 02:50:00
22|17|Fundadores De Hacienda Grande|4326|2201851|1851|2026-09-29 02:50:00
22|17|La Lagunita|4326|2201852|1852|2026-09-29 02:50:00
22|17|Pedregal De Hacienda Grande|4326|2201853|1853|2026-09-29 02:50:00
22|17|El Pedregal|4326|2201854|1854|2026-09-29 02:50:00
22|17|Hacienda Grande|4326|2201855|1855|2026-09-29 02:50:00
22|11|Ajuchitlancito|4326|2201856|1856|2026-09-29 02:50:00
22|14|Los Almendros|4326|2201857|1857|2026-09-29 02:50:00
22|14|Cuitlahuac|4326|2201858|1858|2026-09-29 02:50:00
22|14|Lofts Condesa|4326|2201859|1859|2026-09-29 02:50:00
22|14|Italia|4326|2201860|1860|2026-09-29 02:50:00
22|16|Paseo De Las Palmas|4326|2201861|1861|2026-09-29 02:50:00
22|16|Residencial Rincon De Los Azahares|4326|2201862|1862|2026-09-29 02:50:00
22|10|Residencial Del Parque (bosque De Magnolias)|4326|2201863|1863|2026-09-29 02:50:00
22|10|Residencial Del Parque (bosque De Eucaliptos)|4326|2201864|1864|2026-09-29 02:50:00
22|10|Residencial Del Parque (bosque De Jacarandas)|4326|2201865|1865|2026-09-29 02:50:00
22|10|Residencial Del Parque (bosque De Ahuehuetes)|4326|2201866|1866|2026-09-29 02:50:00
22|10|Residencial Del Parque (ciruelos)|4326|2201867|1867|2026-09-29 02:50:00
22|10|Residencial Del Parque (almendros)|4326|2201868|1868|2026-09-29 02:50:00
22|10|Residencial Del Parque (naranjos)|4326|2201869|1869|2026-09-29 02:50:00
22|10|Residencial Del Parque (arandanos)|4326|2201870|1870|2026-09-29 02:50:00
22|10|Residencial Del Parque (duraznos)|4326|2201871|1871|2026-09-29 02:50:00
22|10|Residencial Del Parque (manzanos)|4326|2201872|1872|2026-09-29 02:50:00
22|10|Residencial Del Parque (cerezos)|4326|2201873|1873|2026-09-29 02:50:00
22|10|Residencial Del Parque (bosque De Los Alerces)|4326|2201874|1874|2026-09-29 02:50:00
22|10|Residencial Del Parque (bosque Los Robles)|4326|2201875|1875|2026-09-29 02:50:00
22|10|Residencial Del Parque (bosque De Fresnos)|4326|2201876|1876|2026-09-29 02:50:00
22|10|Residencial Del Parque (bosque De Sauces)|4326|2201877|1877|2026-09-29 02:50:00
22|10|Residencial Del Parque (bosque De Laureles)|4326|2201878|1878|2026-09-29 02:50:00
22|10|Residencial Del Parque (moras)|4326|2201879|1879|2026-09-29 02:50:00
22|10|Residencial Del Parque (arrayanes)|4326|2201880|1880|2026-09-29 02:50:00
22|10|Residencial Del Parque (magadi)|4326|2201881|1881|2026-09-29 02:50:00
22|10|Colinas Del Mirador|4326|2201882|1882|2026-09-29 02:50:00
22|10|Residencial Caracol|4326|2201883|1883|2026-09-29 02:50:00
22|10|Hacienda El Mirador|4326|2201884|1884|2026-09-29 02:50:00
22|14|Juriquilla Santa Fe (villas Santa Fe)|4326|2201885|1885|2026-09-29 02:50:00
22|14|Los Rosales|4326|2201886|1886|2026-09-29 02:50:00
22|5|Vista Diamante Residencial|4326|2201887|1887|2026-09-29 02:50:00
22|5|Claustros Del Campestre Iii|4326|2201888|1888|2026-09-29 02:50:00
22|10|El Mirador Desarrollo Residencial|4326|2201889|1889|2026-09-29 02:50:00
22|10|Vizcaya Parque Residencial I|4326|2201890|1890|2026-09-29 02:50:00
22|10|Vizcaya Parque Residencial Ii|4326|2201891|1891|2026-09-29 02:50:00
22|10|Vizcaya Parque Residencial Iii|4326|2201892|1892|2026-09-29 02:50:00
22|10|Vizcaya Parque Residencial V|4326|2201893|1893|2026-09-29 02:50:00
22|10|Vizcaya Parque Residencial Iv|4326|2201894|1894|2026-09-29 02:50:00
22|10|Residencial Kerenda|4326|2201895|1895|2026-09-29 02:50:00
22|10|Punta Azul|4326|2201896|1896|2026-09-29 02:50:00
22|10|Tres Deseos|4326|2201897|1897|2026-09-29 02:50:00
22|16|Villas De Galindo (la Mansion Galindo)|4326|2201898|1898|2026-09-29 02:50:00
22|3|Loma Ancha|4326|2201899|1899|2026-09-29 02:50:00
22|3|La Maroma|4326|2201900|1900|2026-09-29 02:50:00
22|3|La Tinaja|4326|2201901|1901|2026-09-29 02:50:00
22|14|Altos Del Salitre|4326|2201902|1902|2026-09-29 02:50:00
22|11|La Ceja|4326|2201903|1903|2026-09-29 02:50:00
22|5|Acacia (residencial Condesa Cimatario)|4326|2201904|1904|2026-09-29 02:50:00
22|5|Garambullo (residencial Condesa Cimatario)|4326|2201905|1905|2026-09-29 02:50:00
22|5|Yucca (residencial Condesa Cimatario)|4326|2201906|1906|2026-09-29 02:50:00
22|14|Naomi Residencial|4326|2201907|1907|2026-09-29 02:50:00
22|11|Loma Bonita (el Sauz Bajo)|4326|2201908|1908|2026-09-29 02:50:00
22|14|Fraccionamiento La Vista Residencial ( Puerta La Vista)|4326|2201909|1909|2026-09-29 02:50:00
22|14|Refugio Mall|4326|2201910|1910|2026-09-29 02:50:00
22|10|Valle Del Cimatario|4326|2201911|1911|2026-09-29 02:50:00
22|10|Real Del Cimatario|4326|2201912|1912|2026-09-29 02:50:00
22|2|Mesa De Palo Blanco|4326|2201913|1913|2026-09-29 02:50:00
22|2|Conca|4326|2201914|1914|2026-09-29 02:50:00
22|9|La Lagunita|4326|2201915|1915|2026-09-29 02:50:00
22|13|Bucareli|4326|2201916|1916|2026-09-29 02:50:00
22|10|Campestre San Isidro Ii|4326|2201917|1917|2026-09-29 02:50:00
22|10|Global Park|4326|2201918|1918|2026-09-29 02:50:00
22|10|Campestre San Isidro|4326|2201919|1919|2026-09-29 02:50:00
22|10|Polo Club El Marques|4326|2201920|1920|2026-09-29 02:50:00
22|14|Juriquilla|4326|2201921|1921|2026-09-29 02:50:00
22|14|Juriquilla|4326|2201922|1922|2026-09-29 02:50:00
22|14|Loma De Juriquilla|4326|2201923|1923|2026-09-29 02:50:00
22|14|Benito Juarez|4326|2201924|1924|2026-09-29 02:50:00
22|10|Tierra Blanca|4326|2201925|1925|2026-09-29 02:50:00
22|14|Loma Linda|4326|2201926|1926|2026-09-29 02:50:00
22|14|Corea|4326|2201927|1927|2026-09-29 02:50:00
22|16|Bugambilias|4326|2201928|1928|2026-09-29 02:50:00
22|14|Tonatiuh|4326|2201929|1929|2026-09-29 02:50:00
22|3|El Terrero|4326|2201930|1930|2026-09-29 02:50:00
22|10|Garambullo|4326|2201934|1934|2026-09-29 02:50:00
22|10|Massaro|4326|2201935|1935|2026-09-29 02:50:00
22|10|Turquesa|4326|2201936|1936|2026-09-29 02:50:00
22|10|High Gardens|4326|2201937|1937|2026-09-29 02:50:00
22|10|Entrecielos|4326|2201938|1938|2026-09-29 02:50:00
22|10|Savant|4326|2201939|1939|2026-09-29 02:50:00
22|14|Montenegro|4326|2201940|1940|2026-09-29 02:50:00
22|14|Arboledas|4326|2201941|1941|2026-09-29 02:50:00
22|14|Lomas De Montenegro|4326|2201942|1942|2026-09-29 02:50:00
22|14|Santa Catarina|4326|2201943|1943|2026-09-29 02:50:00
22|14|Hacienda Santa Rosa|4326|2201944|1944|2026-09-29 02:50:00
22|14|Montenegro|4326|2201945|1945|2026-09-29 02:50:00
22|14|Varadera Residencial (condominio Pitaya 1)|4326|2201946|1946|2026-09-29 02:50:00
22|16|El Jazmin|4326|2201947|1947|2026-09-29 02:50:00
22|3|Loma Alta|4326|2201948|1948|2026-09-29 02:50:00
22|14|Conjunto Colibri|4326|2201949|1949|2026-09-29 02:50:00
22|10|Zen Life Ii|4326|2201950|1950|2026-09-29 02:50:00
22|10|El Mirador Desarrollo Residencial|4326|2201951|1951|2026-09-29 02:50:00
22|10|Distrito Piamonte (monte Miranda)|4326|2201952|1952|2026-09-29 02:50:00
22|14|Laurel|4326|2201953|1953|2026-09-29 02:50:00
22|14|Bellas Artes|4326|2201954|1954|2026-09-29 02:50:00
22|4|Villa Colon|4326|2201955|1955|2026-09-29 02:50:00
22|14|Colinas Del Cimatario|4326|2201956|1956|2026-09-29 02:50:00
22|4|La Zanja Grande|4326|2201957|1957|2026-09-29 02:50:00
22|12|Puerto Del Ahorcado|4326|2201958|1958|2026-09-29 02:50:00
22|14|Plazas Del Sol 3a Seccion|4326|2201959|1959|2026-09-29 02:50:00
22|16|San Gil (fraccionamiento Campestre San Gil)|4326|2201960|1960|2026-09-29 02:50:00
22|8|Arroyo Del Real|4326|2201961|1961|2026-09-29 02:50:00
22|14|Torre De Piedra Gran Reserva|4326|2201962|1962|2026-09-29 02:50:00
22|14|Patria Nueva|4326|2201963|1963|2026-09-29 02:50:00
22|14|Azucenas|4326|2201964|1964|2026-09-29 02:50:00
22|14|Mision Del Mayorazgo ( Casa De Duque)|4326|2201965|1965|2026-09-29 02:50:00
22|14|Rancho San Pedro (mendelssohn)|4326|2201966|1966|2026-09-29 02:50:00
22|4|Aerotech Aereopuerto|4326|2201967|1967|2026-09-29 02:50:00
22|9|Tilaco|4326|2201968|1968|2026-09-29 02:50:00
22|17|Ampliacion La Presa|4326|2201969|1969|2026-09-29 02:50:00
22|4|Santa Rosa De Lima|4326|2201970|1970|2026-09-29 02:50:00
22|4|Santa Rosa Finca|4326|2201971|1971|2026-09-29 02:50:00
22|4|La Joya|4326|2201972|1972|2026-09-29 02:50:00
22|4|Los Benitos|4326|2201973|1973|2026-09-29 02:50:00
22|4|Betel|4326|2201974|1974|2026-09-29 02:50:00
22|4|Santa Cecilia|4326|2201975|1975|2026-09-29 02:50:00
22|5|Reforma Agraria 4a Seccion|4326|2201976|1976|2026-09-29 02:50:00
22|16|Ejido Las Palomas|4326|2201977|1977|2026-09-29 02:50:00
22|14|Juriquilla Santa Fe (alegra Towers)|4326|2201978|1978|2026-09-29 02:50:00
22|14|Altos Juriquilla (amara)|4326|2201979|1979|2026-09-29 02:50:00
22|14|Altos Juriquilla (zenit)|4326|2201980|1980|2026-09-29 02:50:00
22|14|Altos Juriquilla (celesta)|4326|2201981|1981|2026-09-29 02:50:00
22|14|Altos Juriquilla (garden Towers)|4326|2201982|1982|2026-09-29 02:50:00
22|14|Altos Juriquilla (atia)|4326|2201983|1983|2026-09-29 02:50:00
22|14|Joy Juriquilla|4326|2201984|1984|2026-09-29 02:50:00
22|14|Cumbres Del Lago (gala)|4326|2201985|1985|2026-09-29 02:50:00
22|14|Miura|4326|2201986|1986|2026-09-29 02:50:00
22|14|El Refugio Residencial (la Sierra)|4326|2201987|1987|2026-09-29 02:50:00
22|14|Lomas De Juriquilla (ambrosia)|4326|2201988|1988|2026-09-29 02:50:00
22|14|Tres Vistas|4326|2201989|1989|2026-09-29 02:50:00
22|14|San Isidro(abedul)|4326|2201990|1990|2026-09-29 02:50:00
22|14|Unico|4326|2201991|1991|2026-09-29 02:50:00
22|14|Juriquilla Santa Fe (torres Premier)|4326|2201992|1992|2026-09-29 02:50:00
22|14|Juriquilla Santa Fe (peninsula)|4326|2201993|1993|2026-09-29 02:50:00
22|14|Nuevo San Pedrito Pe?uelas|4326|2201994|1994|2026-09-29 02:50:00
22|14|San Felipe|4326|2201995|1995|2026-09-29 02:50:00
22|14|Buenos Aires|4326|2201996|1996|2026-09-29 02:50:00
22|14|Colinas De Menchaca|4326|2201997|1997|2026-09-29 02:50:00
22|14|Los Ciruelos|4326|2201998|1998|2026-09-29 02:50:00
22|14|Jardines De Santiago|4326|2201999|1999|2026-09-29 02:50:00
22|14|Combres De Santiago|4326|2202000|2000|2026-09-29 02:50:00
22|10|El Rosario|4326|2202001|2001|2026-09-29 02:50:00
22|10|Cumbres De Conin|4326|2202002|2002|2026-09-29 02:50:00
22|14|Santa Juanita|4326|2202003|2003|2026-09-29 02:50:00
22|14|Las Aguilas|4326|2202004|2004|2026-09-29 02:50:00
22|14|San Isidro Miranda|4326|2202005|2005|2026-09-29 02:50:00
22|14|Altozano (volcan)|4326|2202006|2006|2026-09-29 02:50:00
22|14|Altozano (fogata)|4326|2202007|2007|2026-09-29 02:50:00
22|14|Altozano (sin Nombre)|4326|2202008|2008|2026-09-29 02:50:00
22|14|Fuentes Residencial|4326|2202009|2009|2026-09-29 02:50:00
22|3|Cerro Prieto|4326|2202010|2010|2026-09-29 02:50:00
22|14|Colonia Nuevo Horizonte|4326|2202011|2011|2026-09-29 02:50:00
22|14|Prados De Miranda|4326|2202012|2012|2026-09-29 02:50:00
22|14|Rincones Del Parque (condominio Rinconada Del Lago)|4326|2202013|2013|2026-09-29 02:50:00
22|14|Rivalta|4326|2202014|2014|2026-09-29 02:50:00
22|14|Livenza|4326|2202015|2015|2026-09-29 02:50:00
22|11|San Cirilo|4326|2202016|2016|2026-09-29 02:50:00
22|10|Residencial Del Parque|4326|2202017|2017|2026-09-29 02:50:00
22|10|Sin Nombre|4326|2202018|2018|2026-09-29 02:50:00
22|14|Mision La Joya Dos|4326|2202019|2019|2026-09-29 02:50:00
22|14|Rinconada De Jurica|4326|2202020|2020|2026-09-29 02:50:00
22|14|Real Quintana|4326|2202021|2021|2026-09-29 02:50:00
22|16|Rosa De Castilla|4326|2202022|2022|2026-09-29 02:50:00
22|16|Claustros De Santa Fe|4326|2202024|2024|2026-09-29 02:50:00
22|10|Residencial Del Parque|4326|2202025|2025|2026-09-29 02:50:00
22|10|Residencial Del Parque (summit Park)|4326|2202026|2026|2026-09-29 02:50:00
22|3|Lomas Del Carricillo|4326|2202027|2027|2026-09-29 02:50:00
22|3|Pueblo Nuevo|4326|2202028|2028|2026-09-29 02:50:00
22|3|Centro|4326|2202029|2029|2026-09-29 02:50:00
22|14|Puertas De San Miguel|4326|2202030|2030|2026-09-29 02:50:00
22|11|El Tepetate|4326|2202031|2031|2026-09-29 02:50:00
22|11|Negro|4326|2202032|2032|2026-09-29 02:50:00
22|11|Centro|4326|2202033|2033|2026-09-29 02:50:00
22|11|Centro|4326|2202034|2034|2026-09-29 02:50:00
22|11|La Pradera|4326|2202035|2035|2026-09-29 02:50:00
22|16|El Capulin|4326|2202036|2036|2026-09-29 02:50:00
22|3|Boyecito|4326|2202037|2037|2026-09-29 02:50:00
22|17|Fraccionamiento Los Rosales (flores Belcarmen)|4326|2202038|2038|2026-09-29 02:50:00
22|16|Los Cerritos|4326|2202039|2039|2026-09-29 02:50:00
22|14|Chulavista|4326|2202040|2040|2026-09-29 02:50:00
22|14|Rancho San Pedro (posadas)|4326|2202041|2041|2026-09-29 02:50:00
22|14|Cumbre Del Lago|4326|2202042|2042|2026-09-29 02:50:00
22|10|Miranda|4326|2202043|2043|2026-09-29 02:50:00
22|10|Capital Sur (cluster Atenas)|4326|2202044|2044|2026-09-29 02:50:00
22|10|Capital Sur (cluster Mexico)|4326|2202045|2045|2026-09-29 02:50:00
22|5|Montserrat|4326|2202046|2046|2026-09-29 02:50:00
22|14|Prados Del Mirador Cuesta China|4326|2202047|2047|2026-09-29 02:50:00
22|14|Mision Carrillo Ii|4326|2202048|2048|2026-09-29 02:50:00
22|6|Los Ramirez|4326|2202049|2049|2026-09-29 02:50:00
22|3|La Boveda|4326|2202050|2050|2026-09-29 02:50:00
22|10|Calamanda|4326|2202051|2051|2026-09-29 02:50:00
22|14|San Isidro Buenavista (buenavista)|4326|2202052|2052|2026-09-29 02:50:00
22|17|Fraccionamiento Residencial Campestre Real Del Ciervo|4326|2202053|2053|2026-09-29 02:50:00
22|14|San Pablo|4326|2202054|2054|2026-09-29 02:50:00
22|17|Rancho Fincar|4326|2202055|2055|2026-09-29 02:50:00
22|10|Chichimequillas|4326|2202056|2056|2026-09-29 02:50:00
22|14|Los Angeles Condominio 2|4326|2202057|2057|2026-09-29 02:50:00
22|14|Rancho San Pedro|4326|2202058|2058|2026-09-29 02:50:00
22|14|Rancho San Pedro (beetho)|4326|2202059|2059|2026-09-29 02:50:00
22|14|Rancho San Pedro (albeniz)|4326|2202060|2060|2026-09-29 02:50:00
22|16|Cerritos|4326|2202061|2061|2026-09-29 02:50:00
22|14|Fundadores|4326|2202062|2062|2026-09-29 02:50:00
22|10|Residencial Del Parque|4326|2202063|2063|2026-09-29 02:50:00
22|10|Adara Lifestyle|4326|2202064|2064|2026-09-29 02:50:00
22|16|La Esfera|4326|2202065|2065|2026-09-29 02:50:00
22|14|Santa Oliva (lomas Del Campanario Norte)|4326|2202066|2066|2026-09-29 02:50:00
22|14|San Lorenzo (lomas Del Campanario Norte)|4326|2202067|2067|2026-09-29 02:50:00
22|14|San Felipe (lomas Del Campanario Norte)|4326|2202068|2068|2026-09-29 02:50:00
22|10|Zerenda|4326|2202069|2069|2026-09-29 02:50:00
22|10|Zikura|4326|2202070|2070|2026-09-29 02:50:00
22|10|Thandi|4326|2202071|2071|2026-09-29 02:50:00
22|14|Quintas Del Marques|4326|2202072|2072|2026-09-29 02:50:00
22|14|Pedregal De Vista Hermosa|4326|2202073|2073|2026-09-29 02:50:00
22|14|Tlacote El Bajo|4326|2202074|2074|2026-09-29 02:50:00
22|14|Nueva Palma|4326|2202075|2075|2026-09-29 02:50:00
22|14|Mesita De Mompani|4326|2202076|2076|2026-09-29 02:50:00
22|14|San Francisco De La Palma|4326|2202077|2077|2026-09-29 02:50:00
22|14|La Mesita|4326|2202078|2078|2026-09-29 02:50:00
22|10|La Griega|4326|2202079|2079|2026-09-29 02:50:00
22|10|San Lorenzo|4326|2202080|2080|2026-09-29 02:50:00
22|10|Casa Blanca|4326|2202081|2081|2026-09-29 02:50:00
22|10|Loma De La Griega|4326|2202082|2082|2026-09-29 02:50:00
22|10|Villas Del Sur|4326|2202083|2083|2026-09-29 02:50:00
22|10|Lagunitas|4326|2202084|2084|2026-09-29 02:50:00
22|10|El Arenal|4326|2202085|2085|2026-09-29 02:50:00
22|14|Varadera Residencial (condominio La Habana)|4326|2202086|2086|2026-09-29 02:50:00
22|14|Varadera Residencial (condominio Pitaya Ii)|4326|2202087|2087|2026-09-29 02:50:00
22|14|Catena|4326|2202088|2088|2026-09-29 02:50:00
22|5|1o De Mayo|4326|2202089|2089|2026-09-29 02:50:00
22|5|Los Reyes (praderas De La Negreta)|4326|2202090|2090|2026-09-29 02:50:00
22|5|Luis Donaldo Colosio|4326|2202091|2091|2026-09-29 02:50:00
22|5|Jardines De La Negreta|4326|2202092|2092|2026-09-29 02:50:00
22|5|21 De Marzo|4326|2202093|2093|2026-09-29 02:50:00
22|5|Valle De Aragon 1a Seccion|4326|2202094|2094|2026-09-29 02:50:00
22|5|Valle De Santiago (valle De Aragon 2a Seccion)|4326|2202095|2095|2026-09-29 02:50:00
22|5|Balcones De La Negreta|4326|2202096|2096|2026-09-29 02:50:00
22|5|20 De Enero|4326|2202097|2097|2026-09-29 02:50:00
22|5|Prados De Balvanera|4326|2202098|2098|2026-09-29 02:50:00
22|5|Valle Arboledas|4326|2202099|2099|2026-09-29 02:50:00
22|5|Villas De Las Flores|4326|2202100|2100|2026-09-29 02:50:00
22|5|20 De Enero 2a Seccion|4326|2202101|2101|2026-09-29 02:50:00
22|5|Villa Dorada|4326|2202102|2102|2026-09-29 02:50:00
22|5|Del Espiritu Santo|4326|2202103|2103|2026-09-29 02:50:00
22|5|Del Espiritu Santo|4326|2202104|2104|2026-09-29 02:50:00
22|5|Mision San Jose|4326|2202105|2105|2026-09-29 02:50:00
22|5|Paseos De Las Torres|4326|2202106|2106|2026-09-29 02:50:00
22|5|Ampliacion De Villa Dorada|4326|2202107|2107|2026-09-29 02:50:00
22|5|Mision Regina|4326|2202108|2108|2026-09-29 02:50:00
22|5|Huertas Del Pueblito|4326|2202109|2109|2026-09-29 02:50:00
22|5|Industrial El Pueblito|4326|2202110|2110|2026-09-29 02:50:00
22|5|Santa Barbara 2a Seccion|4326|2202111|2111|2026-09-29 02:50:00
22|16|Jacarandas|4326|2202112|2112|2026-09-29 02:50:00
22|16|Independencia|4326|2202113|2113|2026-09-29 02:50:00
22|16|El Chaparro|4326|2202114|2114|2026-09-29 02:50:00
22|14|Lomas De Juriquilla (zicura)|4326|2202115|2115|2026-09-29 02:50:00
22|14|Desertika|4326|2202116|2116|2026-09-29 02:50:00
22|14|Desertika Oasis (gris)|4326|2202117|2117|2026-09-29 02:50:00
22|14|Puertas De San Miguel (pistache)|4326|2202118|2118|2026-09-29 02:50:00
22|14|Puertas De San Miguel (almendra)|4326|2202119|2119|2026-09-29 02:50:00
22|2|La Florida|4326|2202120|2120|2026-09-29 02:50:00
22|14|Mision Campestre|4326|2202121|2121|2026-09-29 02:50:00
22|5|Mision Antigua|4326|2202122|2122|2026-09-29 02:50:00
22|14|Terra Verde Juriquilla|4326|2202123|2123|2026-09-29 02:50:00
22|14|Handiko|4326|2202124|2124|2026-09-29 02:50:00
22|14|Zirahuen Residencial|4326|2202125|2125|2026-09-29 02:50:00
22|14|Metropolis|4326|2202126|2126|2026-09-29 02:50:00
22|14|Ikani|4326|2202127|2127|2026-09-29 02:50:00
22|14|Lago De Juriquilla|4326|2202128|2128|2026-09-29 02:50:00
22|14|Paseo Savelli|4326|2202129|2129|2026-09-29 02:50:00
22|14|Revolucion|4326|2202130|2130|2026-09-29 02:50:00
22|14|La Ceiba Bosque|4326|2202131|2131|2026-09-29 02:50:00
22|14|San Benito|4326|2202132|2132|2026-09-29 02:50:00
22|14|Desertica Oasis (azul)|4326|2202133|2133|2026-09-29 02:50:00
22|14|Puertas De San Miguel (avellana)|4326|2202134|2134|2026-09-29 02:50:00
22|8|Valle Verde|4326|2202135|2135|2026-09-29 02:50:00
22|14|Colinas Del Pedregal|4326|2202136|2136|2026-09-29 02:50:00
22|14|Ecologica (san Pedrito Ecologica)|4326|2202137|2137|2026-09-29 02:50:00
22|14|Ladera|4326|2202138|2138|2026-09-29 02:50:00
22|14|Nuevo Horizonte|4326|2202139|2139|2026-09-29 02:50:00
22|14|Cuesta Azul|4326|2202140|2140|2026-09-29 02:50:00
22|14|La Condesa|4326|2202141|2141|2026-09-29 02:50:00
22|14|Heberto Castillo ( Anexo La Ecologica)|4326|2202142|2142|2026-09-29 02:50:00
22|14|Euripides (condominio Medea)|4326|2202143|2143|2026-09-29 02:50:00
22|14|Alameda Residencial|4326|2202144|2144|2026-09-29 02:50:00
22|14|Pe?uelas|4326|2202145|2145|2026-09-29 02:50:00
22|14|Valle De San Pedrito Pe?uelas|4326|2202146|2146|2026-09-29 02:50:00
22|10|Alalma|4326|2202147|2147|2026-09-29 02:50:00
22|16|Privada Los Cipreses  Iii|4326|2202148|2148|2026-09-29 02:50:00
22|16|Privada Los Cipreses Iv|4326|2202149|2149|2026-09-29 02:50:00
22|16|El Mirador|4326|2202150|2150|2026-09-29 02:50:00
22|16|Villas De San Jose Vistha|4326|2202151|2151|2026-09-29 02:50:00
22|16|Jardines Del Mirador|4326|2202152|2152|2026-09-29 02:50:00
22|10|Villa Carriendo|4326|2202153|2153|2026-09-29 02:50:00
22|8|Ortigas|4326|2202154|2154|2026-09-29 02:50:00
22|6|San Jose|4326|2202155|2155|2026-09-29 02:50:00
22|14|San Patricio (lomas Del Campanario Norte)|4326|2202156|2156|2026-09-29 02:50:00
22|14|Provincia Santa Elena|4326|2202157|2157|2026-09-29 02:50:00
22|14|Emunha|4326|2202158|2158|2026-09-29 02:50:00
22|5|Lomas Del Mirador V|4326|2202159|2159|2026-09-29 02:50:00
22|14|Centro Sur|4326|2202160|2160|2026-09-29 02:50:00
22|14|Centro Sur Condominio Iv|4326|2202161|2161|2026-09-29 02:50:00
22|14|Desarrollo Centro Norte|4326|2202162|2162|2026-09-29 02:50:00
22|4|Mision Dolores|4326|2202163|2163|2026-09-29 02:50:00
22|10|Lomas Hacienda Dolores|4326|2202164|2164|2026-09-29 02:50:00
22|16|Eda Campestre|4326|2202165|2165|2026-09-29 02:50:00
22|18|Villa Tres Marias|4326|2202166|2166|2026-09-29 02:50:00
22|14|Proyeccion 2000|4326|2202167|2167|2026-09-29 02:50:00
22|16|Punta Pe?asco|4326|2202168|2168|2026-09-29 02:50:00
22|14|Palmares De Queretaro (palmas 111c)|4326|2202169|2169|2026-09-29 02:50:00
22|14|Palmares De Queretaro (palmas Iii D)|4326|2202170|2170|2026-09-29 02:50:00
22|14|Palmares De Queretaro (palmas Iii E)|4326|2202171|2171|2026-09-29 02:50:00
22|14|Palmares De Queretaro (palmas Iii F)|4326|2202172|2172|2026-09-29 02:50:00
22|14|Palmas Ii|4326|2202173|2173|2026-09-29 02:50:00
22|14|Palmares De Queretaro (palmas I B)|4326|2202174|2174|2026-09-29 02:50:00
22|14|Palmares De Queretaro (palmas I A)|4326|2202175|2175|2026-09-29 02:50:00
22|14|Palmas Iv|4326|2202176|2176|2026-09-29 02:50:00
22|16|Paseos De La Floresta|4326|2202177|2177|2026-09-29 02:50:00
22|16|Los Naranjos|4326|2202178|2178|2026-09-29 02:50:00
22|14|La Cumbre|4326|2202179|2179|2026-09-29 02:50:00
22|14|Privada Lomas Del Lago|4326|2202180|2180|2026-09-29 02:50:00
22|14|Magnolia|4326|2202181|2181|2026-09-29 02:50:00
22|14|Los Olivos|4326|2202182|2182|2026-09-29 02:50:00
22|14|Altos Juriquilla (valle Alto)|4326|2202183|2183|2026-09-29 02:50:00
22|14|Altos Juriquilla (amara Grand)|4326|2202184|2184|2026-09-29 02:50:00
22|14|Altos Juriquilla (serena)|4326|2202185|2185|2026-09-29 02:50:00
22|14|Altos Juriquilla (quiana)|4326|2202186|2186|2026-09-29 02:50:00
22|14|Altos Juriquilla (loretta)|4326|2202187|2187|2026-09-29 02:50:00
22|14|Cumbre Del Lago (altos Juriquilla)|4326|2202188|2188|2026-09-29 02:50:00
22|14|Privada La Reserva|4326|2202189|2189|2026-09-29 02:50:00
22|14|Residencial Santorini|4326|2202190|2190|2026-09-29 02:50:00
22|16|Loma Alta|4326|2202191|2191|2026-09-29 02:50:00
22|9|San Miguel|4326|2202192|2192|2026-09-29 02:50:00
22|14|Bosques Del Acueducto|4326|2202193|2193|2026-09-29 02:50:00
22|14|Calesa|4326|2202194|2194|2026-09-29 02:50:00
22|14|Villas Los Arcos|4326|2202195|2195|2026-09-29 02:50:00
22|10|Blank Haus Coto Club|4326|2202196|2196|2026-09-29 02:50:00
22|14|Home Coto Club|4326|2202197|2197|2026-09-29 02:50:00
22|14|Cumbres Del Mirador|4326|2202198|2198|2026-09-29 02:50:00
22|14|Residencial La Ermita|4326|2202199|2199|2026-09-29 02:50:00
22|14|Condominio La Virgen|4326|2202200|2200|2026-09-29 02:50:00
22|14|Samara Habitat|4326|2202201|2201|2026-09-29 02:50:00
22|14|Santorini|4326|2202202|2202|2026-09-29 02:50:00
22|14|Carretas|4326|2202203|2203|2026-09-29 02:50:00
22|14|Loma Bonita|4326|2202204|2204|2026-09-29 02:50:00
22|14|Arquitos|4326|2202205|2205|2026-09-29 02:50:00
22|14|Loma Dorada|4326|2202206|2206|2026-09-29 02:50:00
22|14|Loma Dorada|4326|2202207|2207|2026-09-29 02:50:00
22|14|Eden Coto Club|4326|2202208|2208|2026-09-29 02:50:00
22|14|Alborada Coto Club|4326|2202209|2209|2026-09-29 02:50:00
22|14|Vida 21 Coto Club|4326|2202210|2210|2026-09-29 02:50:00
22|10|Rinconada Del Pedregal|4326|2202211|2211|2026-09-29 02:50:00
22|10|Residencial Del Parque (rimachi)|4326|2202212|2212|2026-09-29 02:50:00
22|10|Residencial Del Parque (mascardi Residencial)|4326|2202213|2213|2026-09-29 02:50:00
22|14|Coto Bucara|4326|2202214|2214|2026-09-29 02:50:00
22|10|Residencial Del Parque (melissani)|4326|2202215|2215|2026-09-29 02:50:00
22|14|Vista Hermosa|4326|2202216|2216|2026-09-29 02:50:00
22|14|Las Hadas|4326|2202217|2217|2026-09-29 02:50:00
22|14|Campestre|4326|2202218|2218|2026-09-29 02:50:00
22|14|San Isidro (residencial Magnolias)|4326|2202219|2219|2026-09-29 02:50:00
22|14|Bio Grand (vive Bio)|4326|2202220|2220|2026-09-29 02:50:00
22|14|Cascada De Las Flores|4326|2202221|2221|2026-09-29 02:50:00
22|10|Intercity|4326|2202222|2222|2026-09-29 02:50:00
22|10|Figue|4326|2202223|2223|2026-09-29 02:50:00
22|10|Icono|4326|2202224|2224|2026-09-29 02:50:00
22|10|Sn|4326|2202225|2225|2026-09-29 02:50:00
22|10|Zibata|4326|2202226|2226|2026-09-29 02:50:00
22|10|Azhala|4326|2202227|2227|2026-09-29 02:50:00
22|10|Zibata|4326|2202228|2228|2026-09-29 02:50:00
22|10|Ankara|4326|2202229|2229|2026-09-29 02:50:00
22|10|Agata|4326|2202230|2230|2026-09-29 02:50:00
22|10|Malaya|4326|2202231|2231|2026-09-29 02:50:00
22|10|Zibata Ii|4326|2202232|2232|2026-09-29 02:50:00
22|10|Tierra Pura|4326|2202233|2233|2026-09-29 02:50:00
22|10|San Vicente Ferrer|4326|2202234|2234|2026-09-29 02:50:00
22|10|Lomas De San Vicente|4326|2202235|2235|2026-09-29 02:50:00
22|10|Praderas De San Vicente|4326|2202236|2236|2026-09-29 02:50:00
22|11|Estrella|4326|2202237|2237|2026-09-29 02:50:00
22|11|El Chamizal|4326|2202238|2238|2026-09-29 02:50:00
22|11|Toreo 2a Seccion|4326|2202239|2239|2026-09-29 02:50:00
22|11|Jardines De San Pedro|4326|2202240|2240|2026-09-29 02:50:00
22|11|El Chamizal|4326|2202241|2241|2026-09-29 02:50:00
22|11|Centro|4326|2202242|2242|2026-09-29 02:50:00
22|16|Los Cipreses|4326|2202243|2243|2026-09-29 02:50:00
22|16|Los Olivos 1a Seccion|4326|2202244|2244|2026-09-29 02:50:00
22|16|Los Olivos 2a Seccion|4326|2202245|2245|2026-09-29 02:50:00
22|16|Bosques De San Juan|4326|2202246|2246|2026-09-29 02:50:00
22|16|Viveros De San Juan|4326|2202247|2247|2026-09-29 02:50:00
22|16|La Guitarrilla|4326|2202248|2248|2026-09-29 02:50:00
22|16|Fovissste La Guitarrilla|4326|2202249|2249|2026-09-29 02:50:00
22|16|Rinconada Los Nogales|4326|2202250|2250|2026-09-29 02:50:00
22|16|Real De Los Nogales|4326|2202251|2251|2026-09-29 02:50:00
22|16|La Laguna|4326|2202252|2252|2026-09-29 02:50:00
22|16|Paseos Del Campestre|4326|2202253|2253|2026-09-29 02:50:00
22|16|Los Agaves 1|4326|2202254|2254|2026-09-29 02:50:00
22|16|Campestre Las Palmas|4326|2202255|2255|2026-09-29 02:50:00
22|16|Los Agaves 2|4326|2202256|2256|2026-09-29 02:50:00
22|16|Viveros De Fresnos|4326|2202257|2257|2026-09-29 02:50:00
22|16|Viveros De Cedros|4326|2202258|2258|2026-09-29 02:50:00
22|16|Los Agaves 3|4326|2202259|2259|2026-09-29 02:50:00
22|16|Los Agaves 5|4326|2202260|2260|2026-09-29 02:50:00
22|16|Los Agaves 4|4326|2202261|2261|2026-09-29 02:50:00
22|16|La Rueda|4326|2202262|2262|2026-09-29 02:50:00
22|16|San Isidro|4326|2202263|2263|2026-09-29 02:50:00
22|16|La Rioja De San Juan|4326|2202264|2264|2026-09-29 02:50:00
22|16|Terranostra|4326|2202265|2265|2026-09-29 02:50:00
22|16|Santa Cruz Nieto|4326|2202266|2266|2026-09-29 02:50:00
22|16|Manantiales De San Juan|4326|2202267|2267|2026-09-29 02:50:00
22|16|El Oasis|4326|2202268|2268|2026-09-29 02:50:00
22|16|La Herradura|4326|2202269|2269|2026-09-29 02:50:00
22|16|Alejandrina|4326|2202270|2270|2026-09-29 02:50:00
22|16|Paseo Campestre (olivos)|4326|2202271|2271|2026-09-29 02:50:00
22|16|Real De San Isidro|4326|2202272|2272|2026-09-29 02:50:00
22|16|Los Pocitos|4326|2202273|2273|2026-09-29 02:50:00
22|16|El Agave Azul|4326|2202274|2274|2026-09-29 02:50:00
22|16|Siglo Xxi|4326|2202275|2275|2026-09-29 02:50:00
22|16|Los Nogales|4326|2202276|2276|2026-09-29 02:50:00
22|16|Eucalipto|4326|2202277|2277|2026-09-29 02:50:00
22|16|Salvador Gomez Centeno|4326|2202278|2278|2026-09-29 02:50:00
22|16|El Carrizo|4326|2202279|2279|2026-09-29 02:50:00
22|14|Cuesta Bonita|4326|2202280|2280|2026-09-29 02:50:00
22|16|Santa Cruz Nieto|4326|2202281|2281|2026-09-29 02:50:00
22|14|Mansiones Del Valle|4326|2202282|2282|2026-09-29 02:50:00
22|14|La Joya Iii Seccion|4326|2202283|2283|2026-09-29 02:50:00
22|14|Claustros Del Campestre 2|4326|2202284|2284|2026-09-29 02:50:00
22|17|Los Loras|4326|2202285|2285|2026-09-29 02:50:00
22|14|San Pedrito Pe?uelas 4a Seccion|4326|2202286|2286|2026-09-29 02:50:00
22|14|Villa Venetto|4326|2202287|2287|2026-09-29 02:50:00
22|14|Valle Del Salitre|4326|2202288|2288|2026-09-29 02:50:00
22|14|Altozano ( Sin Nombre)|4326|2202289|2289|2026-09-29 02:50:00
22|14|Altozano ( Sin Nombre)|4326|2202290|2290|2026-09-29 02:50:00
22|14|Altozano ( Sin Nombre)|4326|2202291|2291|2026-09-29 02:50:00
22|14|Tsalach|4326|2202292|2292|2026-09-29 02:50:00
22|14|La Luz Residencial|4326|2202293|2293|2026-09-29 02:50:00
22|16|Ojo De Agua|4326|2202294|2294|2026-09-29 02:50:00
22|16|Encinos Residencial|4326|2202295|2295|2026-09-29 02:50:00
22|10|Alleza Mirador|4326|2202296|2296|2026-09-29 02:50:00
22|10|Ca?adas (el Mirador)|4326|2202297|2297|2026-09-29 02:50:00
22|14|Punta La Joya|4326|2202298|2298|2026-09-29 02:50:00
22|14|Jardines De Jurica|4326|2202299|2299|2026-09-29 02:50:00
22|14|Montealban|4326|2202300|2300|2026-09-29 02:50:00
22|14|Monte Vesubio|4326|2202301|2301|2026-09-29 02:50:00
22|14|Hacienda Mompani (monte Verde 2)|4326|2202302|2302|2026-09-29 02:50:00
22|14|Montealban Ii|4326|2202303|2303|2026-09-29 02:50:00
22|14|Valle De San Miguel|4326|2202304|2304|2026-09-29 02:50:00
22|14|Eduardo Loarca Castillo (angeles Mastreta)|4326|2202305|2305|2026-09-29 02:50:00
22|14|Hacienda Mompani (monte Verde 3)|4326|2202306|2306|2026-09-29 02:50:00
22|14|Hacienda Mompani (monte Verde 4)|4326|2202307|2307|2026-09-29 02:50:00
22|14|Hacienda Mompani (gardenia)|4326|2202308|2308|2026-09-29 02:50:00
22|14|Hacienda Mompani (violeta)|4326|2202309|2309|2026-09-29 02:50:00
22|14|Hacienda Mompani (monte Verde 5)|4326|2202310|2310|2026-09-29 02:50:00
22|14|Hacienda Mompani (monte Verde 1)|4326|2202311|2311|2026-09-29 02:50:00
22|14|Residencial Los Cipreses|4326|2202312|2312|2026-09-29 02:50:00
22|3|Rancho De Guadalupe (guadalupe)|4326|2202313|2313|2026-09-29 02:50:00
22|16|Privada Los Cipreses V|4326|2202314|2314|2026-09-29 02:50:00
22|16|Los Fresnos (infonavit Los Fresnos)|4326|2202315|2315|2026-09-29 02:50:00
22|16|Los Almendros|4326|2202316|2316|2026-09-29 02:50:00
22|17|Monte Blanco|4326|2202317|2317|2026-09-29 02:50:00
22|14|El Nabo|4326|2202318|2318|2026-09-29 02:50:00
22|14|Puertas De San Miguel (el Ascenso)|4326|2202319|2319|2026-09-29 02:50:00
22|14|Puertas De San Miguel (bellota)|4326|2202320|2320|2026-09-29 02:50:00
22|14|Puertas De San Miguel (enebro)|4326|2202321|2321|2026-09-29 02:50:00
22|14|Puertas De San Miguel (casta?a)|4326|2202322|2322|2026-09-29 02:50:00
22|16|Las Arboledas|4326|2202323|2323|2026-09-29 02:50:00
22|17|Lomas De Hacienda Grande|4326|2202324|2324|2026-09-29 02:50:00
22|5|Puerta Real Ii (condominio Villa Los Cantos)|4326|2202325|2325|2026-09-29 02:50:00
22|5|Puerta Real Ii (condominio Villa Las Baixas)|4326|2202326|2326|2026-09-29 02:50:00
22|5|Puerta Real Ii (condominio Valdivieso)|4326|2202327|2327|2026-09-29 02:50:00
22|5|Puerta Real Ii (condominio Villa Del Duero)|4326|2202328|2328|2026-09-29 02:50:00
22|5|Carlota Hacienda Vanegas (condominio Vicenza)|4326|2202329|2329|2026-09-29 02:50:00
22|5|Carlota Hacienda Vanegas (condominio Sajonia)|4326|2202330|2330|2026-09-29 02:50:00
22|5|Carlota Hacienda Vanegas (condominio Coburgo)|4326|2202331|2331|2026-09-29 02:50:00
22|5|Carlota Hacienda Vanegas (condominio Sicilia)|4326|2202332|2332|2026-09-29 02:50:00
22|5|Manahal|4326|2202333|2333|2026-09-29 02:50:00
22|17|Fuentezuelas|4326|2202334|2334|2026-09-29 02:50:00
22|17|Corral Del Piedra|4326|2202335|2335|2026-09-29 02:50:00
22|14|El Granjenal|4326|2202336|2336|2026-09-29 02:50:00
22|14|San Isidro|4326|2202337|2337|2026-09-29 02:50:00
22|16|Vicente Guerrero|4326|2202338|2338|2026-09-29 02:50:00
22|5|Sky Diamante|4326|2202339|2339|2026-09-29 02:50:00
22|14|La Vista Grand|4326|2202340|2340|2026-09-29 02:50:00
22|14|La Cofradia (la Vista Residencial)|4326|2202341|2341|2026-09-29 02:50:00
22|14|Puerta La Vista Ii|4326|2202342|2342|2026-09-29 02:50:00
22|14|San Calixto La Vista|4326|2202343|2343|2026-09-29 02:50:00
22|14|El Roble La Vista Residencial|4326|2202344|2344|2026-09-29 02:50:00
22|3|El Sombrerete|4326|2202345|2345|2026-09-29 02:50:00
22|5|Villa Del Quetzal|4326|2202346|2346|2026-09-29 02:50:00
22|14|San Agustin|4326|2202347|2347|2026-09-29 02:50:00
22|16|El Mezquite|4326|2202348|2348|2026-09-29 02:50:00
22|16|Compostela|4326|2202349|2349|2026-09-29 02:50:00
22|14|Viveros|4326|2202350|2350|2026-09-29 02:50:00
22|14|Pedregal De Queretaro|4326|2202351|2351|2026-09-29 02:50:00
22|14|Balcones Del Acueducto|4326|2202352|2352|2026-09-29 02:50:00
22|14|Colinas Del Parque|4326|2202353|2353|2026-09-29 02:50:00
22|14|Lomas De San Jose|4326|2202354|2354|2026-09-29 02:50:00
22|14|Antorchista|4326|2202355|2355|2026-09-29 02:50:00
22|14|El Oasis|4326|2202356|2356|2026-09-29 02:50:00
22|14|Villas De San Jose|4326|2202357|2357|2026-09-29 02:50:00
22|14|Nueva Creacion|4326|2202358|2358|2026-09-29 02:50:00
22|14|Valles De San Jose|4326|2202359|2359|2026-09-29 02:50:00
22|14|Santa Fe|4326|2202360|2360|2026-09-29 02:50:00
22|14|Libertadores De America|4326|2202361|2361|2026-09-29 02:50:00
22|14|Real De Espa?a|4326|2202362|2362|2026-09-29 02:50:00
22|14|Epigmenio Gonzalez (el Oasis)|4326|2202363|2363|2026-09-29 02:50:00
22|14|Jardines De San Jose|4326|2202364|2364|2026-09-29 02:50:00
22|14|Independencia|4326|2202365|2365|2026-09-29 02:50:00
22|14|Mujeres Independientes|4326|2202366|2366|2026-09-29 02:50:00
22|14|Vistas De San Jose|4326|2202367|2367|2026-09-29 02:50:00
22|14|Del Bosque|4326|2202368|2368|2026-09-29 02:50:00
22|14|Colinas De Menchaca 2a Seccion|4326|2202369|2369|2026-09-29 02:50:00
22|14|5 Halcones|4326|2202370|2370|2026-09-29 02:50:00
22|14|Antorchista Melchor Ocampo|4326|2202371|2371|2026-09-29 02:50:00
22|3|El Doctor|4326|2202372|2372|2026-09-29 02:50:00
22|16|Privada Del Parque|4326|2202373|2373|2026-09-29 02:50:00
22|14|Vertice|4326|2202374|2374|2026-09-29 02:50:00
22|14|Leyes De Reforma|4326|2202375|2375|2026-09-29 02:50:00
22|14|10 De Abril|4326|2202376|2376|2026-09-29 02:50:00
22|14|Luis Donaldo Colosio|4326|2202377|2377|2026-09-29 02:50:00
22|14|Lomas Del Pedregal 2a Seccion|4326|2202378|2378|2026-09-29 02:50:00
22|14|Independencia|4326|2202379|2379|2026-09-29 02:50:00
22|14|El Romerillal|4326|2202380|2380|2026-09-29 02:50:00
22|14|Paraiso|4326|2202381|2381|2026-09-29 02:50:00
22|14|Libertadores De America|4326|2202382|2382|2026-09-29 02:50:00
22|14|Rosendo Salazar|4326|2202383|2383|2026-09-29 02:50:00
22|14|Prados De Loma Bonita|4326|2202384|2384|2026-09-29 02:50:00
22|14|Eduardo Loarca Castillo 3|4326|2202385|2385|2026-09-29 02:50:00
22|14|Eduardo Loarca Castillo 4|4326|2202386|2386|2026-09-29 02:50:00
22|14|Eduardo Loarca Castillo 5|4326|2202387|2387|2026-09-29 02:50:00
22|14|Eduardo Loarca Castillo 1|4326|2202388|2388|2026-09-29 02:50:00
22|14|Eduardo Loarca Castillo  (fernando Loyola Y Fernandez Jaureg|4326|2202389|2389|2026-09-29 02:50:00
22|14|Eduardo Loarca Castillo (hugo Hiriart)|4326|2202390|2390|2026-09-29 02:50:00
22|14|Eduardo Loarca Castillo  (carmen Alardin)|4326|2202391|2391|2026-09-29 02:50:00
22|14|Eduardo Loarca Castillo  (carlos Orellana )|4326|2202392|2392|2026-09-29 02:50:00
22|14|Eduardo Loarca Castillo  (fernando Macotela )|4326|2202393|2393|2026-09-29 02:50:00
22|14|Eduardo Loarca Castillo  (carlos Monsivais )|4326|2202394|2394|2026-09-29 02:50:00
22|14|Eduardo Loarca Castillo  (catalina Dulche )|4326|2202395|2395|2026-09-29 02:50:00
22|14|Eduardo Loarca Castillo  (rosalio Solano)|4326|2202396|2396|2026-09-29 02:50:00
22|14|Eduardo Loarca Castillo  (julia Guzman )|4326|2202397|2397|2026-09-29 02:50:00
22|14|Eduardo Loarca Castillo  (elvira De La Mora )|4326|2202398|2398|2026-09-29 02:50:00
22|14|Eduardo Loarca Castillo  (jorge Ibarguengoitia )|4326|2202399|2399|2026-09-29 02:50:00
22|14|Eduardo Loarca Castillo  (gustavo Alatriste )|4326|2202400|2400|2026-09-29 02:50:00
22|14|Eduardo Loarca Castillo  (renato Leduc )|4326|2202401|2401|2026-09-29 02:50:00
22|14|Loma Bonita|4326|2202402|2402|2026-09-29 02:50:00
22|14|Loma Bonita|4326|2202403|2403|2026-09-29 02:50:00
22|14|5 De Febrero|4326|2202404|2404|2026-09-29 02:50:00
22|14|15 De Mayo|4326|2202405|2405|2026-09-29 02:50:00
22|14|Eduardo Loarca Castillo 6|4326|2202406|2406|2026-09-29 02:50:00
22|14|Eduardo Escoto Aizcorbe|4326|2202407|2407|2026-09-29 02:50:00
22|14|Antonio Margil De Jesus|4326|2202408|2408|2026-09-29 02:50:00
22|14|Eduardo Balvanera|4326|2202409|2409|2026-09-29 02:50:00
22|14|Francisco Alday|4326|2202410|2410|2026-09-29 02:50:00
22|14|Manuel Montes Collantes|4326|2202411|2411|2026-09-29 02:50:00
22|14|Eduardo Loarca Castillo  (jose Dolores Frias)|4326|2202412|2412|2026-09-29 02:50:00
22|14|Eduardo Loarca Castillo  (roberto Chellet)|4326|2202413|2413|2026-09-29 02:50:00
22|14|Eduardo Loarca Castillo  (cirilo Conejo Roldan)|4326|2202414|2414|2026-09-29 02:50:00
22|14|Eduardo Loarca Castillo  (valentin Frias)|4326|2202415|2415|2026-09-29 02:50:00
22|14|Eduardo Loarca Castillo (guadalupe Amor)|4326|2202416|2416|2026-09-29 02:50:00
22|14|Eduardo Loarca Castillo (jaime Sabines)|4326|2202417|2417|2026-09-29 02:50:00
22|14|Eduardo Loarca Castillo 9|4326|2202418|2418|2026-09-29 02:50:00
22|14|Eduardo Loarca Castillo 11 (isabel Arvide)|4326|2202419|2419|2026-09-29 02:50:00
22|14|Emilio Carballido (eduardo Loarca Castillo 12 )|4326|2202420|2420|2026-09-29 02:50:00
22|14|Eduardo Loarca Castillo 8|4326|2202421|2421|2026-09-29 02:50:00
22|14|Eduardo Loarca Castillo 7|4326|2202422|2422|2026-09-29 02:50:00
22|14|Eduardo Loarca Castillo (hugo Arguelles)|4326|2202423|2423|2026-09-29 02:50:00
22|14|Eduardo Loarca Castillo (elena Garro)|4326|2202424|2424|2026-09-29 02:50:00
22|14|Eduardo Loarca Castillo (andres Henestrosa)|4326|2202425|2425|2026-09-29 02:50:00
22|14|Eduardo Loarca Castillo (ernesto Alonso)|4326|2202426|2426|2026-09-29 02:50:00
22|14|Bambu (privada)|4326|2202427|2427|2026-09-29 02:50:00
22|14|Hacienda Mompani (almendro)|4326|2202428|2428|2026-09-29 02:50:00
22|14|Hacienda Mompani (arandano)|4326|2202429|2429|2026-09-29 02:50:00
22|14|Eduardo Loarca Castillo  (mariano Azuela)|4326|2202430|2430|2026-09-29 02:50:00
22|14|Eduardo Loarca Castillo 10 (ruben Salazar Mallen)|4326|2202431|2431|2026-09-29 02:50:00
22|14|Eduardo Loarca Castillo (ernesto De La Pe?a)|4326|2202432|2432|2026-09-29 02:50:00
22|14|Eduardo Loarca Castillo  (manuel Payno)|4326|2202433|2433|2026-09-29 02:50:00
22|14|Hacienda Mompani (lirio)|4326|2202434|2434|2026-09-29 02:50:00
22|14|Hacienda Mompani (magnolia)|4326|2202435|2435|2026-09-29 02:50:00
22|14|Hacienda Mompani (orquidea)|4326|2202436|2436|2026-09-29 02:50:00
22|14|Hacienda Mompani (romero)|4326|2202437|2437|2026-09-29 02:50:00
22|14|Hacienda Mompani (tulipan)|4326|2202438|2438|2026-09-29 02:50:00
22|14|Vi?edos (calabria)|4326|2202439|2439|2026-09-29 02:50:00
22|14|Vi?edos (lombardia)|4326|2202440|2440|2026-09-29 02:50:00
22|14|Vi?edos (piamonte)|4326|2202441|2441|2026-09-29 02:50:00
22|14|Vi?edos (abruzas)|4326|2202442|2442|2026-09-29 02:50:00
22|14|Vi?edos (rain)|4326|2202443|2443|2026-09-29 02:50:00
22|14|Vi?edos (biarritz)|4326|2202444|2444|2026-09-29 02:50:00
22|14|Vi?edos (la Rioja)|4326|2202445|2445|2026-09-29 02:50:00
22|14|Vi?edos (toscana)|4326|2202446|2446|2026-09-29 02:50:00
22|14|Vi?edos (jura)|4326|2202447|2447|2026-09-29 02:50:00
22|14|Vi?edos (loira)|4326|2202448|2448|2026-09-29 02:50:00
22|14|Vi?edos (borgonia)|4326|2202449|2449|2026-09-29 02:50:00
22|14|Vi?edos (provenza)|4326|2202450|2450|2026-09-29 02:50:00
22|14|Vi?edos ( Priorato)|4326|2202451|2451|2026-09-29 02:50:00
22|14|Vi?edos (navarra)|4326|2202452|2452|2026-09-29 02:50:00
22|14|Vi?edos (valdepe?as)|4326|2202453|2453|2026-09-29 02:50:00
22|14|Vi?edos (terra Alta)|4326|2202454|2454|2026-09-29 02:50:00
22|14|Vi?edos (alsacia)|4326|2202455|2455|2026-09-29 02:50:00
22|14|Vi?edos (maipo)|4326|2202456|2456|2026-09-29 02:50:00
22|14|Sonterra (natura Ii)|4326|2202457|2457|2026-09-29 02:50:00
22|14|Sonterra (villas Napoles)|4326|2202458|2458|2026-09-29 02:50:00
22|14|Sonterra (cedros)|4326|2202459|2459|2026-09-29 02:50:00
22|14|Sonterra (villas De Sonterra 1)|4326|2202460|2460|2026-09-29 02:50:00
22|14|Sonterra (luna)|4326|2202461|2461|2026-09-29 02:50:00
22|14|Sonterra (natura I)|4326|2202462|2462|2026-09-29 02:50:00
22|14|Sonterra (cipreses)|4326|2202463|2463|2026-09-29 02:50:00
22|14|Sonterra (bosques De Sonterra)|4326|2202464|2464|2026-09-29 02:50:00
22|14|Los Vi?edos (venetto)|4326|2202465|2465|2026-09-29 02:50:00
22|14|Sonterra (abetos)|4326|2202466|2466|2026-09-29 02:50:00
22|14|Sonterra (fresnos)|4326|2202467|2467|2026-09-29 02:50:00
22|14|Sonterra (paseo Natura)|4326|2202468|2468|2026-09-29 02:50:00
22|14|Vi?edos (mancha)|4326|2202469|2469|2026-09-29 02:50:00
22|14|Vi?edos (madeira)|4326|2202470|2470|2026-09-29 02:50:00
22|14|Vi?edos (curico)|4326|2202471|2471|2026-09-29 02:50:00
22|14|Vi?edos (salta)|4326|2202472|2472|2026-09-29 02:50:00
22|14|Vi?edos (aconcagua)|4326|2202473|2473|2026-09-29 02:50:00
22|14|Vi?edos (sicilia)|4326|2202474|2474|2026-09-29 02:50:00
22|14|Vi?edos (san Juan)|4326|2202475|2475|2026-09-29 02:50:00
22|14|Vi?edos (rio Negro)|4326|2202476|2476|2026-09-29 02:50:00
22|14|Sonterra (paseo Natura Iv)|4326|2202477|2477|2026-09-29 02:50:00
22|14|Sonterra (alamo)|4326|2202478|2478|2026-09-29 02:50:00
22|14|Sonterra (terralta)|4326|2202479|2479|2026-09-29 02:50:00
22|14|Sonterra (rinconada De Los Pinos)|4326|2202480|2480|2026-09-29 02:50:00
22|14|Vi?edos (aragon)|4326|2202481|2481|2026-09-29 02:50:00
22|14|Vi?edos (la Rueda)|4326|2202482|2482|2026-09-29 02:50:00
22|14|Vi?edos (sabaia)|4326|2202483|2483|2026-09-29 02:50:00
22|14|Vi?edos (la Pampa)|4326|2202484|2484|2026-09-29 02:50:00
22|14|Vi?edos (mendoza)|4326|2202485|2485|2026-09-29 02:50:00
22|14|Sonterra (villa Napoles Ii)|4326|2202486|2486|2026-09-29 02:50:00
22|14|Vi?edos (corcega)|4326|2202487|2487|2026-09-29 02:50:00
22|14|Vi?edos (cerde?a)|4326|2202488|2488|2026-09-29 02:50:00
22|14|Sonterra (paseo Natura V)|4326|2202489|2489|2026-09-29 02:50:00
22|14|Vi?edos (porto)|4326|2202490|2490|2026-09-29 02:50:00
22|14|Vi?edos (estiria)|4326|2202491|2491|2026-09-29 02:50:00
22|14|Vi?edos (balanton)|4326|2202492|2492|2026-09-29 02:50:00
22|14|Vi?edos (extremadura)|4326|2202493|2493|2026-09-29 02:50:00
22|14|Vi?edos (eger)|4326|2202494|2494|2026-09-29 02:50:00
22|14|Vi?edos (colonia)|4326|2202495|2495|2026-09-29 02:50:00
22|14|Sonterra (villa Napoles Iii)|4326|2202496|2496|2026-09-29 02:50:00
22|14|Sonterra (sauce)|4326|2202497|2497|2026-09-29 02:50:00
22|14|Sonterra (arezzo)|4326|2202498|2498|2026-09-29 02:50:00
22|14|Sonterra (sin Nombre)|4326|2202499|2499|2026-09-29 02:50:00
22|14|Vi?edos (murcia)|4326|2202500|2500|2026-09-29 02:50:00
22|14|Vi?edos (maldonado)|4326|2202501|2501|2026-09-29 02:50:00
22|14|Vi?edos (parana)|4326|2202502|2502|2026-09-29 02:50:00
22|14|Vi?edos (rocha)|4326|2202503|2503|2026-09-29 02:50:00
22|14|Vi?edos (tasmania)|4326|2202504|2504|2026-09-29 02:50:00
22|14|Sonterra (laureles)|4326|2202505|2505|2026-09-29 02:50:00
22|14|Sonterra (paseo Natura  Vi)|4326|2202506|2506|2026-09-29 02:50:00
22|14|Sonterra (paseo Natura  Vii)|4326|2202507|2507|2026-09-29 02:50:00
22|14|Sonterra (villa Napoles Iv)|4326|2202508|2508|2026-09-29 02:50:00
22|14|Sonterra (encinos)|4326|2202509|2509|2026-09-29 02:50:00
22|14|Sonterra (vista Real)|4326|2202510|2510|2026-09-29 02:50:00
22|14|Sonterra (arezzo Ii)|4326|2202511|2511|2026-09-29 02:50:00
22|14|Sonterra (maple)|4326|2202512|2512|2026-09-29 02:50:00
22|14|Sonterra (villa Napoles V)|4326|2202513|2513|2026-09-29 02:50:00
22|14|Sonterra (la Noria)|4326|2202514|2514|2026-09-29 02:50:00
22|14|Vi?edos (paysandu)|4326|2202515|2515|2026-09-29 02:50:00
22|14|Sonterra (magnolias)|4326|2202516|2516|2026-09-29 02:50:00
22|14|Sonterra (paseo Natura Diamante Ix)|4326|2202517|2517|2026-09-29 02:50:00
22|14|Sonterra (paseo Natura Diamante Viii )|4326|2202518|2518|2026-09-29 02:50:00
22|14|Sonterra (almendros)|4326|2202519|2519|2026-09-29 02:50:00
22|14|Sonterra (arboretto)|4326|2202520|2520|2026-09-29 02:50:00
22|14|Sonterra|4326|2202521|2521|2026-09-29 02:50:00
22|14|Solidaridad|4326|2202522|2522|2026-09-29 02:50:00
22|14|El Higo|4326|2202523|2523|2026-09-29 02:50:00
22|14|Valle El Mezquital|4326|2202524|2524|2026-09-29 02:50:00
22|14|Santa Monica 2a Seccion|4326|2202525|2525|2026-09-29 02:50:00
22|14|Bosques Del Chamizal|4326|2202526|2526|2026-09-29 02:50:00
22|14|San Diego|4326|2202527|2527|2026-09-29 02:50:00
22|14|San Sebastian|4326|2202528|2528|2026-09-29 02:50:00
22|14|Privada Bellavista|4326|2202529|2529|2026-09-29 02:50:00
22|14|El Tintero Ii (las Margaritas)|4326|2202530|2530|2026-09-29 02:50:00
22|14|Villas Del Tule|4326|2202531|2531|2026-09-29 02:50:00
22|14|Del Sol|4326|2202532|2532|2026-09-29 02:50:00
22|14|La Luna|4326|2202533|2533|2026-09-29 02:50:00
22|14|La Luna (olmos)|4326|2202534|2534|2026-09-29 02:50:00
22|14|La Luna|4326|2202535|2535|2026-09-29 02:50:00
22|14|El Sol|4326|2202536|2536|2026-09-29 02:50:00
22|14|El Tintero (plutarco Elias Calles)|4326|2202537|2537|2026-09-29 02:50:00
22|14|Santa Maria De Guadalupe|4326|2202538|2538|2026-09-29 02:50:00
22|14|Tonatiuh|4326|2202539|2539|2026-09-29 02:50:00
22|16|El Pedregal|4326|2202540|2540|2026-09-29 02:50:00
22|14|Vi?edos (franconia)|4326|2202541|2541|2026-09-29 02:50:00
22|14|Vi?edos (ginebra)|4326|2202542|2542|2026-09-29 02:50:00
22|16|El Esparrago|4326|2202543|2543|2026-09-29 02:50:00
22|14|Punta Norte (capri)|4326|2202544|2544|2026-09-29 02:50:00
22|14|Punta Norte (turin)|4326|2202545|2545|2026-09-29 02:50:00
22|14|Rincon Del Sol|4326|2202546|2546|2026-09-29 02:50:00
22|14|Punta Norte (capoliveri)|4326|2202547|2547|2026-09-29 02:50:00
22|14|Punta Norte (biella)|4326|2202548|2548|2026-09-29 02:50:00
22|14|Punta Norte (daza)|4326|2202549|2549|2026-09-29 02:50:00
22|14|Punta Norte (alba)|4326|2202550|2550|2026-09-29 02:50:00
22|14|Ciudad Del Sol (estocolmo)|4326|2202551|2551|2026-09-29 02:50:00
22|14|Mision Del Mayorazgo(casa De Aldama)|4326|2202552|2552|2026-09-29 02:50:00
22|14|Mision Del Mayorazgo(casa De Arcos)|4326|2202553|2553|2026-09-29 02:50:00
22|14|Ciudad Del Sol (oslo)|4326|2202554|2554|2026-09-29 02:50:00
22|14|Ciudad Del Sol (praga)|4326|2202555|2555|2026-09-29 02:50:00
22|14|Ciudad Del Sol (dublin)|4326|2202556|2556|2026-09-29 02:50:00
22|14|Punta Norte (pavia)|4326|2202557|2557|2026-09-29 02:50:00
22|14|Punta Norte (roma)|4326|2202558|2558|2026-09-29 02:50:00
22|14|Punta Norte (bari)|4326|2202559|2559|2026-09-29 02:50:00
22|14|Punta Norte (neivi)|4326|2202560|2560|2026-09-29 02:50:00
22|14|Vistas Del Sol|4326|2202561|2561|2026-09-29 02:50:00
22|14|Dos Valles Residencial (acacia Condominio B)|4326|2202562|2562|2026-09-29 02:50:00
22|14|Mirador Del Sol|4326|2202563|2563|2026-09-29 02:50:00
22|14|Punta Norte (napoli)|4326|2202564|2564|2026-09-29 02:50:00
22|14|Punta Norte (porto)|4326|2202565|2565|2026-09-29 02:50:00
22|14|Punta Norte (raguzza)|4326|2202566|2566|2026-09-29 02:50:00
22|14|Dos Valles Residencial (acacia Condominio A)|4326|2202567|2567|2026-09-29 02:50:00
22|14|Dos Valles Residencial (acacia Condominio A)|4326|2202568|2568|2026-09-29 02:50:00
22|14|Villas De San Miguel|4326|2202569|2569|2026-09-29 02:50:00
22|14|Real Del Marques (marques De Oropeza)|4326|2202570|2570|2026-09-29 02:50:00
22|14|Real Del Marques (marques De Almenar)|4326|2202571|2571|2026-09-29 02:50:00
22|14|Real De Marques (marques De Astorga)|4326|2202572|2572|2026-09-29 02:50:00
22|14|Paseos De San Miguel|4326|2202573|2573|2026-09-29 02:50:00
22|14|Gibraltar|4326|2202574|2574|2026-09-29 02:50:00
22|14|Mediterraneo|4326|2202575|2575|2026-09-29 02:50:00
22|14|Marruecos|4326|2202576|2576|2026-09-29 02:50:00
22|14|Tanger|4326|2202577|2577|2026-09-29 02:50:00
22|14|Casa Blanca|4326|2202578|2578|2026-09-29 02:50:00
22|14|Paseos De San Miguel (san Miguel)|4326|2202579|2579|2026-09-29 02:50:00
22|14|Real Del Marques (marques De Valdivia)|4326|2202580|2580|2026-09-29 02:50:00
22|14|Real Del Marques (marques De Loreto)|4326|2202581|2581|2026-09-29 02:50:00
22|14|Real Del Marques (marques De Caceres)|4326|2202582|2582|2026-09-29 02:50:00
22|14|Real Del Marques (marques De Najera)|4326|2202583|2583|2026-09-29 02:50:00
22|14|Real Del Marques (marques De Tenerife)|4326|2202584|2584|2026-09-29 02:50:00
22|14|Real Del Marques (marques De Orellana )|4326|2202585|2585|2026-09-29 02:50:00
22|14|Real Del Marques|4326|2202586|2586|2026-09-29 02:50:00
22|14|Real Del Marques (marques De Astela )|4326|2202587|2587|2026-09-29 02:50:00
22|14|Real Del Marques (marques De Monreal )|4326|2202588|2588|2026-09-29 02:50:00
22|14|Real Del Marques (cadiz)|4326|2202589|2589|2026-09-29 02:50:00
22|14|Real Del Marques (marques De Castellanos )|4326|2202590|2590|2026-09-29 02:50:00
22|14|Real Del Marques (bellamar)|4326|2202591|2591|2026-09-29 02:50:00
22|14|Real Del Marques|4326|2202592|2592|2026-09-29 02:50:00
22|14|Real Del Marques (marques De Villena)|4326|2202593|2593|2026-09-29 02:50:00
22|14|Real Del Marques (marques De Ariza )|4326|2202594|2594|2026-09-29 02:50:00
22|14|Mision Montejo|4326|2202595|2595|2026-09-29 02:50:00
22|14|La Loma Vi (esthela Syl)|4326|2202596|2596|2026-09-29 02:50:00
22|14|Mision Del Mayorazgo( Casa De Cardona)|4326|2202597|2597|2026-09-29 02:50:00
22|14|Quintas La Loma|4326|2202598|2598|2026-09-29 02:50:00
22|14|Paseos De La Loma ( Eufrates )|4326|2202599|2599|2026-09-29 02:50:00
22|14|Paseos De La Loma (tigris)|4326|2202600|2600|2026-09-29 02:50:00
22|14|Mision Del Mayorazgo( Casa De Y?igo)|4326|2202601|2601|2026-09-29 02:50:00
22|14|La Loma Vi|4326|2202602|2602|2026-09-29 02:50:00
22|14|La Loma Vi (ana Lara)|4326|2202603|2603|2026-09-29 02:50:00
22|14|Mision Del Mayorazgo( Privada Ayamontes)|4326|2202604|2604|2026-09-29 02:50:00
22|14|Mision Del Mayorazgo( Casa De Navia)|4326|2202605|2605|2026-09-29 02:50:00
22|14|Mision Del Mayorazgo ( Casa De Allende)|4326|2202606|2606|2026-09-29 02:50:00
22|14|La Loma Vi (alvaro Carrillo)|4326|2202607|2607|2026-09-29 02:50:00
22|14|Puerta Navarra|4326|2202608|2608|2026-09-29 02:50:00
22|14|Puerta Navarra (zubieta)|4326|2202609|2609|2026-09-29 02:50:00
22|14|Puerta Navarra (sarries)|4326|2202610|2610|2026-09-29 02:50:00
22|14|Las Haciendas (hacienda Sepulveda)|4326|2202611|2611|2026-09-29 02:50:00
22|14|Puerta Navarra (leiza)|4326|2202612|2612|2026-09-29 02:50:00
22|14|Puerta Navarra (bargoiti)|4326|2202613|2613|2026-09-29 02:50:00
22|14|Las Haciendas (san Francisco)|4326|2202614|2614|2026-09-29 02:50:00
22|14|Ciudad Del Sol|4326|2202615|2615|2026-09-29 02:50:00
22|14|Valle Encantado|4326|2202616|2616|2026-09-29 02:50:00
22|14|Puerta Navarra (beire)|4326|2202617|2617|2026-09-29 02:50:00
22|14|Puerta Navarra (alsasua)|4326|2202618|2618|2026-09-29 02:50:00
22|14|Puerta Navarra (mirafuentes)|4326|2202619|2619|2026-09-29 02:50:00
22|14|Tenochtitlan|4326|2202620|2620|2026-09-29 02:50:00
22|14|Puerta Navarra (ciriza)|4326|2202621|2621|2026-09-29 02:50:00
22|14|Puerta Navarra (aberin)|4326|2202622|2622|2026-09-29 02:50:00
22|14|Puerta Navarra (berriozar)|4326|2202623|2623|2026-09-29 02:50:00
22|14|Puerta Navarra (fontellas)|4326|2202624|2624|2026-09-29 02:50:00
22|14|Puerta Navarra (castejon)|4326|2202625|2625|2026-09-29 02:50:00
22|14|Puerta Navarra (larraona)|4326|2202626|2626|2026-09-29 02:50:00
22|14|Tenochtitlan Ii|4326|2202627|2627|2026-09-29 02:50:00
22|14|Benito Juarez|4326|2202628|2628|2026-09-29 02:50:00
22|14|Jardines De Azucenas|4326|2202629|2629|2026-09-29 02:50:00
22|14|Prados Del Rincon 3a Seccion|4326|2202630|2630|2026-09-29 02:50:00
22|14|Prados Del Rincon 2da Seccion|4326|2202631|2631|2026-09-29 02:50:00
22|14|Prados Del Rincon|4326|2202632|2632|2026-09-29 02:50:00
22|14|Puerta Navarra (cascante)|4326|2202633|2633|2026-09-29 02:50:00
22|14|Hacienda Del Carmen|4326|2202634|2634|2026-09-29 02:50:00
22|14|Puerta Verona (catena)|4326|2202635|2635|2026-09-29 02:50:00
22|14|Puerta Verona (puerta Aleardi)|4326|2202636|2636|2026-09-29 02:50:00
22|14|Puerta Verona (paseo Carlotti)|4326|2202637|2637|2026-09-29 02:50:00
22|14|Puerta Verona (puerta Ferrovia)|4326|2202638|2638|2026-09-29 02:50:00
22|14|Las Haciendas|4326|2202639|2639|2026-09-29 02:50:00
22|14|Puerta Verona (nuovo)|4326|2202640|2640|2026-09-29 02:50:00
22|14|Puerta Verona (saval)|4326|2202641|2641|2026-09-29 02:50:00
22|14|Tres Cantos Residencial (donato)|4326|2202642|2642|2026-09-29 02:50:00
22|14|Tres Cantos Residencial (modena)|4326|2202643|2643|2026-09-29 02:50:00
22|14|Tres Cantos Residencial (livorno)|4326|2202644|2644|2026-09-29 02:50:00
22|14|Tres Cantos Residencial (peruguia)|4326|2202645|2645|2026-09-29 02:50:00
22|14|Tres Cantos Residencial (foggia)|4326|2202646|2646|2026-09-29 02:50:00
22|14|Tres Cantos Residencial (cagliari)|4326|2202647|2647|2026-09-29 02:50:00
22|14|Tres Cantos Residencial (monza)|4326|2202648|2648|2026-09-29 02:50:00
22|14|Tres Cantos Residencial (anzio|4326|2202649|2649|2026-09-29 02:50:00
22|14|Tres Cantos Residencial (pescara)|4326|2202650|2650|2026-09-29 02:50:00
22|14|Tres Cantos Residencial (spezia)|4326|2202651|2651|2026-09-29 02:50:00
22|14|Hacienda De Cortes Ii|4326|2202652|2652|2026-09-29 02:50:00
22|14|Tres Cantos Residencial|4326|2202653|2653|2026-09-29 02:50:00
22|14|Puerta Verona|4326|2202654|2654|2026-09-29 02:50:00
22|14|Hacienda La Laja|4326|2202655|2655|2026-09-29 02:50:00
22|14|Las Haciendas (hacienda Sepulveda|4326|2202656|2656|2026-09-29 02:50:00
22|14|Arboledas Residencial ( Jardin )|4326|2202657|2657|2026-09-29 02:50:00
22|14|Las Haciendas ( Hacienda De Cortes)|4326|2202658|2658|2026-09-29 02:50:00
22|14|Hacienda Sepulveda|4326|2202659|2659|2026-09-29 02:50:00
22|14|Las Haciendas (hacienda Santa Catalina)|4326|2202660|2660|2026-09-29 02:50:00
22|14|Tres Cantos Residencial (asti)|4326|2202661|2661|2026-09-29 02:50:00
22|14|Tres Cantos Residencial (torino)|4326|2202662|2662|2026-09-29 02:50:00
22|14|Tres Cantos Residencial (genova)|4326|2202663|2663|2026-09-29 02:50:00
22|14|Tres Cantos Residencial (prato)|4326|2202664|2664|2026-09-29 02:50:00
22|14|Tres Cantos Residencial (pisa)|4326|2202665|2665|2026-09-29 02:50:00
22|14|Tres Cantos Residencial (rialto)|4326|2202666|2666|2026-09-29 02:50:00
22|14|Puerta Verona (paseo Fiorelo)|4326|2202667|2667|2026-09-29 02:50:00
22|14|Puerta Verona (paseo Garibaldi)|4326|2202668|2668|2026-09-29 02:50:00
22|14|Condominal Paseos De La Pradera|4326|2202669|2669|2026-09-29 02:50:00
22|14|Urbivilla Del Real|4326|2202670|2670|2026-09-29 02:50:00
22|14|Puerta Verona (paseo Francesco)|4326|2202671|2671|2026-09-29 02:50:00
22|14|Unidad Condominal Valle|4326|2202672|2672|2026-09-29 02:50:00
22|14|Villa Pe?aflor Sur|4326|2202673|2673|2026-09-29 02:50:00
22|14|Valle De Santiago Sector 3|4326|2202674|2674|2026-09-29 02:50:00
22|14|Terracota (valle Pe?asco)|4326|2202675|2675|2026-09-29 02:50:00
22|14|Luz Del Sol|4326|2202676|2676|2026-09-29 02:50:00
22|14|Ciudad Del Sol (viena)|4326|2202677|2677|2026-09-29 02:50:00
22|14|Los Prados|4326|2202678|2678|2026-09-29 02:50:00
22|14|Paseos Del Sol ( Prados Ii)|4326|2202679|2679|2026-09-29 02:50:00
22|14|Puerta Verona (victoria)|4326|2202680|2680|2026-09-29 02:50:00
22|14|Hacienda De Santa Maria|4326|2202681|2681|2026-09-29 02:50:00
22|14|Hacienda Los Laureles|4326|2202682|2682|2026-09-29 02:50:00
22|14|Villa Pe?a Flor Norte|4326|2202683|2683|2026-09-29 02:50:00
22|14|Las Haciendas|4326|2202684|2684|2026-09-29 02:50:00
22|14|Arboledas Residencial (llanura)|4326|2202685|2685|2026-09-29 02:50:00
22|14|Mision Querendaro|4326|2202686|2686|2026-09-29 02:50:00
22|10|El Colorado|4326|2202687|2687|2026-09-29 02:50:00
22|10|El Colorado|4326|2202688|2688|2026-09-29 02:50:00
22|10|Portales De La Hacienda|4326|2202689|2689|2026-09-29 02:50:00
22|5|Hacienda Las Trojes|4326|2202690|2690|2026-09-29 02:50:00
22|5|La Cienega|4326|2202691|2691|2026-09-29 02:50:00
22|5|Las Palomas|4326|2202692|2692|2026-09-29 02:50:00
22|5|La Floresta|4326|2202693|2693|2026-09-29 02:50:00
22|5|Villas Corregidora|4326|2202694|2694|2026-09-29 02:50:00
22|5|Villas Corregidora|4326|2202695|2695|2026-09-29 02:50:00
22|5|Los Nogales|4326|2202696|2696|2026-09-29 02:50:00
22|5|Pueblito De San Miguel|4326|2202697|2697|2026-09-29 02:50:00
22|5|La Antigua|4326|2202698|2698|2026-09-29 02:50:00
22|5|Ganaderia San Jose|4326|2202699|2699|2026-09-29 02:50:00
22|5|Las Palomas|4326|2202700|2700|2026-09-29 02:50:00
22|5|Talavera|4326|2202701|2701|2026-09-29 02:50:00
22|5|Las Capillas Residencial|4326|2202702|2702|2026-09-29 02:50:00
22|5|Haciendas Del Pueblito|4326|2202703|2703|2026-09-29 02:50:00
22|5|Privada Las Potrancas|4326|2202704|2704|2026-09-29 02:50:00
22|5|Piramides 3a Seccion|4326|2202705|2705|2026-09-29 02:50:00
22|5|Puerta De Piedra|4326|2202706|2706|2026-09-29 02:50:00
22|5|Santa Virginia|4326|2202707|2707|2026-09-29 02:50:00
22|5|San Miguelito|4326|2202708|2708|2026-09-29 02:50:00
22|5|Emiliano Zapata|4326|2202709|2709|2026-09-29 02:50:00
22|5|Granja El Chacho|4326|2202710|2710|2026-09-29 02:50:00
22|5|San Fernando Residencial|4326|2202711|2711|2026-09-29 02:50:00
22|5|Las Escarda|4326|2202712|2712|2026-09-29 02:50:00
22|5|Federal Del Rio (el Rinconcito) (granja Don Antonio)|4326|2202713|2713|2026-09-29 02:50:00
22|5|Las Flores 2|4326|2202714|2714|2026-09-29 02:50:00
22|5|Las Flores (rancho San Antonio)|4326|2202715|2715|2026-09-29 02:50:00
22|5|Los Arrayanes|4326|2202716|2716|2026-09-29 02:50:00
22|5|Conjunto Orquideas|4326|2202717|2717|2026-09-29 02:50:00
22|5|Balvanera Seccion Agaves|4326|2202718|2718|2026-09-29 02:50:00
22|5|Balvanera Seccion Windsor Court|4326|2202719|2719|2026-09-29 02:50:00
22|5|Las Flores|4326|2202720|2720|2026-09-29 02:50:00
22|5|Mediterraneo|4326|2202721|2721|2026-09-29 02:50:00
22|5|Quinta El Cerrito|4326|2202722|2722|2026-09-29 02:50:00
22|5|Privada Residencial Huertas De La Virgen|4326|2202723|2723|2026-09-29 02:50:00
22|5|La Negreta|4326|2202724|2724|2026-09-29 02:50:00
22|5|Colegio Balvanera|4326|2202725|2725|2026-09-29 02:50:00
22|5|Mediterraneo|4326|2202726|2726|2026-09-29 02:50:00
22|5|Mediterraneo|4326|2202727|2727|2026-09-29 02:50:00
22|5|Santuarios Residencial|4326|2202728|2728|2026-09-29 02:50:00
22|5|Jardines De La Corregidora|4326|2202729|2729|2026-09-29 02:50:00
22|5|Puerta Real (condominio Villa La Noria)|4326|2202730|2730|2026-09-29 02:50:00
22|5|Residencial San Patricio|4326|2202731|2731|2026-09-29 02:50:00
22|5|Parque Reserva|4326|2202732|2732|2026-09-29 02:50:00
22|5|San Marino|4326|2202733|2733|2026-09-29 02:50:00
22|5|Rinconada Mediterraneo|4326|2202734|2734|2026-09-29 02:50:00
22|5|Balvanera Villa Toscana|4326|2202735|2735|2026-09-29 02:50:00
22|5|La Palma|4326|2202736|2736|2026-09-29 02:50:00
22|5|Balvanera South Hill|4326|2202737|2737|2026-09-29 02:50:00
22|5|Gibraltar|4326|2202738|2738|2026-09-29 02:50:00
22|5|Las Lunas|4326|2202739|2739|2026-09-29 02:50:00
22|5|Kalli|4326|2202740|2740|2026-09-29 02:50:00
22|5|Sin Nombre|4326|2202741|2741|2026-09-29 02:50:00
22|5|Trojitas|4326|2202742|2742|2026-09-29 02:50:00
22|5|Paseos Del Bosque Iii|4326|2202743|2743|2026-09-29 02:50:00
22|5|Piramides|4326|2202744|2744|2026-09-29 02:50:00
22|5|Balvanera|4326|2202745|2745|2026-09-29 02:50:00
22|5|Paseos Del Bosque|4326|2202746|2746|2026-09-29 02:50:00
22|5|Villa Del Encinal|4326|2202747|2747|2026-09-29 02:50:00
22|5|Puerta Real (villa Del Monte)|4326|2202748|2748|2026-09-29 02:50:00
22|5|Paseos Del Bosque|4326|2202749|2749|2026-09-29 02:50:00
22|5|Puerta Real (condominio La Cantera)|4326|2202750|2750|2026-09-29 02:50:00
22|5|Puerta Real (condominio Villa Del Risco)|4326|2202751|2751|2026-09-29 02:50:00
22|5|Puerta Real (condominio Villa Del Lago)|4326|2202752|2752|2026-09-29 02:50:00
22|5|Puerta Real (condominio Villa Del Cielo)|4326|2202753|2753|2026-09-29 02:50:00
22|5|Cordillera Balvanera|4326|2202754|2754|2026-09-29 02:50:00
22|5|San Fernando|4326|2202755|2755|2026-09-29 02:50:00
22|5|Puerta Real Ii (condominio Villa De Rueda)|4326|2202756|2756|2026-09-29 02:50:00
22|5|Tratoli Residencial|4326|2202757|2757|2026-09-29 02:50:00
22|5|Fundadores|4326|2202758|2758|2026-09-29 02:50:00
22|5|Palermo Argentina|4326|2202759|2759|2026-09-29 02:50:00
22|5|Palermo Italia|4326|2202760|2760|2026-09-29 02:50:00
22|5|Rincon Del Alba|4326|2202761|2761|2026-09-29 02:50:00
22|5|Palermo Balvanera|4326|2202762|2762|2026-09-29 02:50:00
22|5|Puerta Real (condominio Villa De La Herradura)|4326|2202763|2763|2026-09-29 02:50:00
22|5|Puerta Real (condominio Villa Bernal)|4326|2202764|2764|2026-09-29 02:50:00
22|5|Puerta Real (condominio A Villa El Pedregal )|4326|2202765|2765|2026-09-29 02:50:00
22|5|Puerta Real (condominio B Villa El Pedregal)|4326|2202766|2766|2026-09-29 02:50:00
22|5|Ejido El Pueblito|4326|2202767|2767|2026-09-29 02:50:00
22|5|Privada Palermo|4326|2202768|2768|2026-09-29 02:50:00
22|5|Puerta Real Ii (condominio Villa Del Aguila)|4326|2202769|2769|2026-09-29 02:50:00
22|5|Puerta Real Ii (condominio Villa Del Real)|4326|2202770|2770|2026-09-29 02:50:00
22|5|Mao|4326|2202771|2771|2026-09-29 02:50:00
22|10|San Isidro Miranda|4326|2202772|2772|2026-09-29 02:50:00
22|10|Capital Sur (cluster Berlin)|4326|2202773|2773|2026-09-29 02:50:00
22|10|Capital Sur (cluster Dublin)|4326|2202774|2774|2026-09-29 02:50:00
22|10|Capital Sur (cluster Monaco)|4326|2202775|2775|2026-09-29 02:50:00
22|10|Capital Sur (cluster Madrid)|4326|2202776|2776|2026-09-29 02:50:00
22|10|Capital Sur (cluster Viena)|4326|2202777|2777|2026-09-29 02:50:00
22|10|Capital Sur (cluster Bruselas)|4326|2202778|2778|2026-09-29 02:50:00
22|10|Capital Sur (cluster Bucarest)|4326|2202779|2779|2026-09-29 02:50:00
22|10|Capital Sur (cluster Bogota)|4326|2202780|2780|2026-09-29 02:50:00
22|10|Capital Sur (cluster Budapest)|4326|2202781|2781|2026-09-29 02:50:00
22|10|Capital Sur (cluster Abu Dabi)|4326|2202782|2782|2026-09-29 02:50:00
22|10|Capital Sur (cluster Singapur)|4326|2202783|2783|2026-09-29 02:50:00
22|10|Capital Sur (cluster Estocolmo)|4326|2202784|2784|2026-09-29 02:50:00
22|10|Capital Sur (cluster Montevideo)|4326|2202785|2785|2026-09-29 02:50:00
22|10|Capital Sur (cluster Praga)|4326|2202786|2786|2026-09-29 02:50:00
22|10|Capital Sur (cluster Moscu)|4326|2202787|2787|2026-09-29 02:50:00
22|10|Capital Sur|4326|2202788|2788|2026-09-29 02:50:00
22|5|Ricardo Flores Magon|4326|2202789|2789|2026-09-29 02:50:00
22|14|La Floresta|4326|2202790|2790|2026-09-29 02:50:00
22|14|Quintas De La Hacienda (puerta Del Naranjo)|4326|2202791|2791|2026-09-29 02:50:00
22|14|Dos Valles Residencial (acacia Condominio C)|4326|2202792|2792|2026-09-29 02:50:00
22|14|Juriquilla Grand|4326|2202793|2793|2026-09-29 02:50:00
22|14|Bio Grand|4326|2202794|2794|2026-09-29 02:50:00
22|14|San Miguelito|4326|2202795|2795|2026-09-29 02:50:00
22|14|San Isidro Ii (ziburua)|4326|2202796|2796|2026-09-29 02:50:00
22|14|San Isidro Ii (mila Residencial)|4326|2202797|2797|2026-09-29 02:50:00
22|14|San Isidro Ii (lomas De San Isidro)|4326|2202798|2798|2026-09-29 02:50:00
22|14|San Isidro Ii (arboledas Iii)|4326|2202799|2799|2026-09-29 02:50:00
22|14|San Isidro Ii (arboleda Ii)|4326|2202800|2800|2026-09-29 02:50:00
22|14|San Isidro Ii (matiia)|4326|2202801|2801|2026-09-29 02:50:00
22|14|Gran Reserva Preserve|4326|2202802|2802|2026-09-29 02:50:00
22|14|Campestre|4326|2202803|2803|2026-09-29 02:50:00
22|14|San Isidro Ii (residencial Magnolias)|4326|2202804|2804|2026-09-29 02:50:00
22|14|San Isidro Ii (acropolis)|4326|2202805|2805|2026-09-29 02:50:00
22|14|Olivos|4326|2202806|2806|2026-09-29 02:50:00
22|14|San Isidro Ii (mikita Town)|4326|2202807|2807|2026-09-29 02:50:00
22|14|Buenavista|4326|2202808|2808|2026-09-29 02:50:00
22|14|La Pradera|4326|2202809|2809|2026-09-29 02:50:00
22|14|Poligono Empresarial Buenavista|4326|2202810|2810|2026-09-29 02:50:00
22|10|Encinos (condominio Zoquiapan)|4326|2202811|2811|2026-09-29 02:50:00
22|14|Quintas Los Sabinos|4326|2202812|2812|2026-09-29 02:50:00
22|14|San Pedrito Pe?uelas I El Carmen|4326|2202813|2813|2026-09-29 02:50:00
22|10|Encinos (condominio Acadia)|4326|2202814|2814|2026-09-29 02:50:00
22|16|Los Alcanfores (villas Los Cedros)|4326|2202815|2815|2026-09-29 02:50:00
22|16|Pueblo Quieto|4326|2202816|2816|2026-09-29 02:50:00
22|16|Jardines De Vistha|4326|2202817|2817|2026-09-29 02:50:00
22|16|La Noria|4326|2202818|2818|2026-09-29 02:50:00
22|16|Bosques Del Rio|4326|2202819|2819|2026-09-29 02:50:00
22|16|Valle Real|4326|2202820|2820|2026-09-29 02:50:00
22|16|Puerta San Pedro|4326|2202821|2821|2026-09-29 02:50:00
22|14|La Herencia|4326|2202822|2822|2026-09-29 02:50:00
22|14|Condominio Jurica Campestre|4326|2202823|2823|2026-09-29 02:50:00
22|14|La Antigua|4326|2202824|2824|2026-09-29 02:50:00
22|14|Lomas De San Angel|4326|2202825|2825|2026-09-29 02:50:00
22|14|Puerta Navarra (peralta)|4326|2202826|2826|2026-09-29 02:50:00
22|14|Puerta Navarra (garde)|4326|2202827|2827|2026-09-29 02:50:00
22|14|Rinconada Zimapan 1|4326|2202828|2828|2026-09-29 02:50:00
22|14|San Antonio De La Punta|4326|2202829|2829|2026-09-29 02:50:00
22|14|Villas De Santa Anita|4326|2202830|2830|2026-09-29 02:50:00
22|16|Rinconada Querenda|4326|2202831|2831|2026-09-29 02:50:00
22|14|Santo Ni?o|4326|2202832|2832|2026-09-29 02:50:00
22|14|Puerta Verona (venecia)|4326|2202833|2833|2026-09-29 02:50:00
22|14|Conjunto Seminario Hercules|4326|2202834|2834|2026-09-29 02:50:00
22|14|Brisas|4326|2202835|2835|2026-09-29 02:50:00
22|10|El Tangano|4326|2202836|2836|2026-09-29 02:50:00
22|10|El Rosario|4326|2202837|2837|2026-09-29 02:50:00
22|10|El Rosario|4326|2202838|2838|2026-09-29 02:50:00
22|10|El Rosario (el Huizache)|4326|2202839|2839|2026-09-29 02:50:00
22|10|Cuspide Residencial|4326|2202840|2840|2026-09-29 02:50:00
22|10|El Rosario|4326|2202841|2841|2026-09-29 02:50:00
22|10|El Rosario Ejido La Machorra|4326|2202842|2842|2026-09-29 02:50:00
22|5|Lomas De Zaragoza|4326|2202843|2843|2026-09-29 02:50:00
22|14|Puertas De San Miguel (hayuco)|4326|2202844|2844|2026-09-29 02:50:00
22|14|Puertas De San Miguel (canola)|4326|2202845|2845|2026-09-29 02:50:00
22|14|Privada Encanto|4326|2202846|2846|2026-09-29 02:50:00
22|14|Los Sauces (bojai)|4326|2202847|2847|2026-09-29 02:50:00
22|5|Azahar|4326|2202848|2848|2026-09-29 02:50:00
22|14|Conjunto Campanilla|4326|2202849|2849|2026-09-29 02:50:00
22|5|Cruz De Fuego|4326|2202850|2850|2026-09-29 02:50:00
22|5|Stacia Towers|4326|2202851|2851|2026-09-29 02:50:00
22|14|San Isidro Ii|4326|2202852|2852|2026-09-29 02:50:00
22|14|Jasmines|4326|2202853|2853|2026-09-29 02:50:00
22|14|El Roble|4326|2202854|2854|2026-09-29 02:50:00
22|14|Villa Magna Residencial|4326|2202855|2855|2026-09-29 02:50:00
22|14|Zoul Recidences|4326|2202856|2856|2026-09-29 02:50:00
22|5|Callejon De La Saca|4326|2202857|2857|2026-09-29 02:50:00
22|5|Las Tiaras|4326|2202858|2858|2026-09-29 02:50:00
22|14|Rinconada Arboledas Del Parque|4326|2202859|2859|2026-09-29 02:50:00
22|14|Mision Conca|4326|2202860|2860|2026-09-29 02:50:00
22|14|Bosques Del Vergel|4326|2202861|2861|2026-09-29 02:50:00
22|14|Rojo Amanecer|4326|2202862|2862|2026-09-29 02:50:00
22|14|Vertice|4326|2202863|2863|2026-09-29 02:50:00
22|14|Altos Juriquilla (alondra)|4326|2202864|2864|2026-09-29 02:50:00
22|14|Jardines De Hercules|4326|2202865|2865|2026-09-29 02:50:00
22|14|Puertas De San Miguel (condominio Gran Valle)|4326|2202866|2866|2026-09-29 02:50:00
22|14|Puertas De San Nmiguel|4326|2202867|2867|2026-09-29 02:50:00
22|10|El Durazno|4326|2202868|2868|2026-09-29 02:50:00
22|14|La Crucita|4326|2202869|2869|2026-09-29 02:50:00
22|14|Nuevo Refugio Residencial (el Olmo)|4326|2202870|2870|2026-09-29 02:50:00
22|14|Nuevo Refugio Residencial (dolce Eleganzza)|4326|2202871|2871|2026-09-29 02:50:00
22|14|Nuevo Refugio Residencial (tossa)|4326|2202872|2872|2026-09-29 02:50:00
22|14|El Refugio Residencial (vitea Garden)|4326|2202873|2873|2026-09-29 02:50:00
22|14|La Carmina|4326|2202874|2874|2026-09-29 02:50:00
22|14|Palmeral Living|4326|2202875|2875|2026-09-29 02:50:00
22|14|Antares|4326|2202876|2876|2026-09-29 02:50:00
22|14|Praderas De Montenegro|4326|2202877|2877|2026-09-29 02:50:00
22|10|Nascar|4326|2202878|2878|2026-09-29 02:50:00
22|14|Palmas Residencial|4326|2202879|2879|2026-09-29 02:50:00
22|14|Palmas Residencial|4326|2202880|2880|2026-09-29 02:50:00
22|14|El Carmen|4326|2202881|2881|2026-09-29 02:50:00
22|10|Karan|4326|2202882|2882|2026-09-29 02:50:00
22|10|Athena|4326|2202883|2883|2026-09-29 02:50:00
22|10|Halia|4326|2202884|2884|2026-09-29 02:50:00
22|5|Rincon De Guadalupe|4326|2202885|2885|2026-09-29 02:50:00
22|5|Lomas De La Cruz|4326|2202886|2886|2026-09-29 02:50:00
22|5|Valle De Los Pinos|4326|2202887|2887|2026-09-29 02:50:00
22|5|La Negreta|4326|2202888|2888|2026-09-29 02:50:00
22|5|La Negreta|4326|2202889|2889|2026-09-29 02:50:00
22|5|Altos Del Pueblito|4326|2202890|2890|2026-09-29 02:50:00
22|5|20 De Enero 3a Seccion|4326|2202891|2891|2026-09-29 02:50:00
22|14|Santa Lucia|4326|2202892|2892|2026-09-29 02:50:00
22|14|Los Angeles|4326|2202893|2893|2026-09-29 02:50:00
22|14|Continental|4326|2202894|2894|2026-09-29 02:50:00
22|14|Valle Dorado 2a Seccion|4326|2202895|2895|2026-09-29 02:50:00
22|14|Rivera Mexicana|4326|2202896|2896|2026-09-29 02:50:00
22|14|Media Luna|4326|2202897|2897|2026-09-29 02:50:00
22|14|La Cruz|4326|2202898|2898|2026-09-29 02:50:00
22|14|Zapata|4326|2202899|2899|2026-09-29 02:50:00
22|14|Valle Dorado 1a Seccion|4326|2202900|2900|2026-09-29 02:50:00
22|14|Centro|4326|2202901|2901|2026-09-29 02:50:00
22|14|Las Flores|4326|2202902|2902|2026-09-29 02:50:00
22|14|Poligono Empresarial Santa Rosa Jauregui|4326|2202903|2903|2026-09-29 02:50:00
22|14|Colinas De Santa Rosa|4326|2202904|2904|2026-09-29 02:50:00
22|14|Las Rosas|4326|2202905|2905|2026-09-29 02:50:00
22|14|Santa Rosa Jauregui|4326|2202906|2906|2026-09-29 02:50:00
22|14|Rosas|4326|2202907|2907|2026-09-29 02:50:00
22|14|Santo Tomas|4326|2202908|2908|2026-09-29 02:50:00
22|14|La Ermita De Montenegro|4326|2202909|2909|2026-09-29 02:50:00
22|16|Comevi Banthi|4326|2202910|2910|2026-09-29 02:50:00
22|16|Prados Del Oriente|4326|2202911|2911|2026-09-29 02:50:00
22|16|Granjas Banthi 3a Seccion|4326|2202912|2912|2026-09-29 02:50:00
22|16|Sagrado Corazon|4326|2202913|2913|2026-09-29 02:50:00
22|16|Nuevo Banthi (ampliacion Banthi)|4326|2202914|2914|2026-09-29 02:50:00
22|16|Paseo De Xhosda|4326|2202915|2915|2026-09-29 02:50:00
22|16|Praderas De Oriente|4326|2202916|2916|2026-09-29 02:50:00
22|16|Colinas Del Oriente|4326|2202917|2917|2026-09-29 02:50:00
22|16|Jardines Banthi Ii|4326|2202918|2918|2026-09-29 02:50:00
22|16|Banthi|4326|2202919|2919|2026-09-29 02:50:00
22|16|La Esmeralda|4326|2202920|2920|2026-09-29 02:50:00
22|16|Banthi|4326|2202921|2921|2026-09-29 02:50:00
22|16|De Enmedio|4326|2202922|2922|2026-09-29 02:50:00
22|16|La Mision|4326|2202923|2923|2026-09-29 02:50:00
22|16|Las Palomas|4326|2202924|2924|2026-09-29 02:50:00
22|16|Jardines De Banthi|4326|2202925|2925|2026-09-29 02:50:00
22|16|Solares Banthi 2a Seccion De Granjas|4326|2202926|2926|2026-09-29 02:50:00
22|16|La Joya|4326|2202927|2927|2026-09-29 02:50:00
22|16|Bugambilias|4326|2202928|2928|2026-09-29 02:50:00
22|16|Queretaro|4326|2202929|2929|2026-09-29 02:50:00
22|16|Los Girasoles|4326|2202930|2930|2026-09-29 02:50:00
22|16|Lomas De Banthi|4326|2202931|2931|2026-09-29 02:50:00
22|14|El Pedregal|4326|2202932|2932|2026-09-29 02:50:00
22|14|Las Lajitas|4326|2202933|2933|2026-09-29 02:50:00
22|14|Bosques De La Hacienda|4326|2202934|2934|2026-09-29 02:50:00
22|14|Santa Rosa Jauregui|4326|2202935|2935|2026-09-29 02:50:00
22|14|Jurica Acueducto|4326|2202936|2936|2026-09-29 02:50:00
22|10|Saggita Residencial|4326|2202937|2937|2026-09-29 02:50:00
22|10|Portico Privada Zaru|4326|2202938|2938|2026-09-29 02:50:00
22|10|Sendai|4326|2202939|2939|2026-09-29 02:50:00
22|10|Oasis Residencial|4326|2202940|2940|2026-09-29 02:50:00
22|14|Ejido Menchaca (colonia Rancho Menchaca)|4326|2202941|2941|2026-09-29 02:50:00
22|14|Rinconada|4326|2202942|2942|2026-09-29 02:50:00
22|14|Diana Laura I|4326|2202943|2943|2026-09-29 02:50:00
22|14|Victoria Popular|4326|2202944|2944|2026-09-29 02:50:00
22|14|Lomas De San Miguel|4326|2202945|2945|2026-09-29 02:50:00
22|14|Renacimiento|4326|2202946|2946|2026-09-29 02:50:00
22|14|Los Pinos|4326|2202947|2947|2026-09-29 02:50:00
22|14|Lomas De Menchaca|4326|2202948|2948|2026-09-29 02:50:00
22|14|Menchaca|4326|2202949|2949|2026-09-29 02:50:00
22|14|Ex-hacienda El Paraiso|4326|2202950|2950|2026-09-29 02:50:00
22|14|Sin Nombre|4326|2202951|2951|2026-09-29 02:50:00
22|14|El Lienzo|4326|2202952|2952|2026-09-29 02:50:00
22|14|La Era|4326|2202953|2953|2026-09-29 02:50:00
22|14|Vista Hermosa De San Jose El Alto|4326|2202954|2954|2026-09-29 02:50:00
22|14|La Joyita|4326|2202955|2955|2026-09-29 02:50:00
22|14|La Ladera 2|4326|2202956|2956|2026-09-29 02:50:00
22|14|San Jose El Alto|4326|2202957|2957|2026-09-29 02:50:00
22|14|Margaritas|4326|2202958|2958|2026-09-29 02:50:00
22|14|Jardines De Santiago|4326|2202959|2959|2026-09-29 02:50:00
22|14|Paseos Del Pedregal|4326|2202960|2960|2026-09-29 02:50:00
22|14|La Ladera San Jose El Alto Poniente|4326|2202961|2961|2026-09-29 02:50:00
22|14|La Ladera De La Pe?a Alta|4326|2202962|2962|2026-09-29 02:50:00
22|14|Privalia Ambienta (granjeno)|4326|2202963|2963|2026-09-29 02:50:00
22|14|Privalia Ambienta (jacaranda)|4326|2202964|2964|2026-09-29 02:50:00
22|14|Privalia Ambienta (nopal)|4326|2202965|2965|2026-09-29 02:50:00
22|14|Privalia Ambienta (guapilla)|4326|2202966|2966|2026-09-29 02:50:00
22|14|Privalia Ambienta (biznaguita)|4326|2202967|2967|2026-09-29 02:50:00
22|14|Privalia Ambienta (palo Dulce)|4326|2202968|2968|2026-09-29 02:50:00
22|14|Privalia Ambienta (sangregado)|4326|2202969|2969|2026-09-29 02:50:00
22|14|Privalia Ambienta (tullidora)|4326|2202970|2970|2026-09-29 02:50:00
22|14|Privalia Ambienta (anacahuitle)|4326|2202971|2971|2026-09-29 02:50:00
22|14|Privalia Ambienta (opuntia)|4326|2202972|2972|2026-09-29 02:50:00
22|14|Privalia Ambienta (ferocatus)|4326|2202973|2973|2026-09-29 02:50:00
22|14|Privalia Ambienta (capulincillo)|4326|2202974|2974|2026-09-29 02:50:00
22|14|Privalia Ambienta (candalia)|4326|2202975|2975|2026-09-29 02:50:00
22|14|Privalia Ambienta (pirul)|4326|2202976|2976|2026-09-29 02:50:00
22|14|Privalia Ambiente (ocotillo)|4326|2202977|2977|2026-09-29 02:50:00
22|14|Privalia Ambienta (copal)|4326|2202978|2978|2026-09-29 02:50:00
22|14|Privalia Ambienta (lantana)|4326|2202979|2979|2026-09-29 02:50:00
22|14|Privalia Ambienta (maguey)|4326|2202980|2980|2026-09-29 02:50:00
22|14|Privalia Ambienta (palo Xixote)|4326|2202981|2981|2026-09-29 02:50:00
22|14|Privalia Ambienta (palo De Arco)|4326|2202982|2982|2026-09-29 02:50:00
22|14|Privalia Ambienta (garambullo)|4326|2202983|2983|2026-09-29 02:50:00
22|14|Privalia Ambienta (biznaga)|4326|2202984|2984|2026-09-29 02:50:00
22|14|Privalia Ambienta (sabila)|4326|2202985|2985|2026-09-29 02:50:00
22|14|Privalia Ambienta (pitaya)|4326|2202986|2986|2026-09-29 02:50:00
22|14|Privalia Ambienta (tabaquillo)|4326|2202987|2987|2026-09-29 02:50:00
22|14|Privalia Ambienta (acacia)|4326|2202988|2988|2026-09-29 02:50:00
22|14|Privalia Ambienta (higuerilla)|4326|2202989|2989|2026-09-29 02:50:00
22|14|Privalia Ambienta (tuna)|4326|2202990|2990|2026-09-29 02:50:00
22|14|Privalia Ambiente (acebuche)|4326|2202991|2991|2026-09-29 02:50:00
22|14|Privalia Ambienta (betel)|4326|2202992|2992|2026-09-29 02:50:00
22|14|Privalia Ambienta (lechuguilla)|4326|2202993|2993|2026-09-29 02:50:00
22|14|Horno Del Muerto|4326|2202994|2994|2026-09-29 02:50:00
22|14|Montes Pirineos|4326|2202995|2995|2026-09-29 02:50:00
22|14|San Pedrito El Alto|4326|2202996|2996|2026-09-29 02:50:00
22|14|Rancho Quemado|4326|2202997|2997|2026-09-29 02:50:00
22|14|El Mirador De San Jose El Alto|4326|2202998|2998|2026-09-29 02:50:00
22|14|Montes Urales|4326|2202999|2999|2026-09-29 02:50:00
22|14|Monte Fuji|4326|2203000|3000|2026-09-29 02:50:00
22|14|Monte Gorbea|4326|2203001|3001|2026-09-29 02:50:00
22|14|La Cantera (condominio Tikul)|4326|2203002|3002|2026-09-29 02:50:00
22|14|La Cantera (condominio Labrada)|4326|2203003|3003|2026-09-29 02:50:00
22|14|Arroyitos|4326|2203004|3004|2026-09-29 02:50:00
22|14|Ignacio Perez|4326|2203005|3005|2026-09-29 02:50:00
22|14|Los Huertos (condominio Higos)|4326|2203006|3006|2026-09-29 02:50:00
22|14|Los Huertos (condominio Naranjos)|4326|2203007|3007|2026-09-29 02:50:00
22|14|Los Huertos (condominio Moras)|4326|2203008|3008|2026-09-29 02:50:00
22|14|Los Huertos|4326|2203009|3009|2026-09-29 02:50:00
22|14|La Cantera (condominio Caliza)|4326|2203010|3010|2026-09-29 02:50:00
22|14|Jardines De San Jose 2a Seccion|4326|2203011|3011|2026-09-29 02:50:00
22|4|Los Trigos|4326|2203012|3012|2026-09-29 02:50:00
22|4|El Zamorano|4326|2203013|3013|2026-09-29 02:50:00
22|4|El Saucillo|4326|2203014|3014|2026-09-29 02:50:00
22|17|San Nicolas|4326|2203015|3015|2026-09-29 02:50:00
22|17|Los Sabinos|4326|2203016|3016|2026-09-29 02:50:00
22|17|Colonial|4326|2203017|3017|2026-09-29 02:50:00
22|17|Bordo Blanco|4326|2203018|3018|2026-09-29 02:50:00
22|17|La Trinidad|4326|2203019|3019|2026-09-29 02:50:00
22|17|El Magueyal|4326|2203020|3020|2026-09-29 02:50:00
22|17|Bordo Blanco|4326|2203021|3021|2026-09-29 02:50:00
22|17|Ibiza|4326|2203022|3022|2026-09-29 02:50:00
22|17|Jardines De Bordo Blanco|4326|2203023|3023|2026-09-29 02:50:00
22|17|Bordo Blanco (ejido Tequisquiapan)|4326|2203024|3024|2026-09-29 02:50:00
22|17|Santa Maria Del Camino|4326|2203025|3025|2026-09-29 02:50:00
22|17|Santa Maria Del Camino|4326|2203026|3026|2026-09-29 02:50:00
22|17|La Ermita|4326|2203027|3027|2026-09-29 02:50:00
22|17|El Harton|4326|2203028|3028|2026-09-29 02:50:00
22|17|El Gavillero|4326|2203029|3029|2026-09-29 02:50:00
22|17|Revolucion Agraria|4326|2203030|3030|2026-09-29 02:50:00
22|17|Villas Alegria|4326|2203031|3031|2026-09-29 02:50:00
22|5|Santa Fe|4326|2203032|3032|2026-09-29 02:50:00
22|5|Pueblo Nuevo|4326|2203033|3033|2026-09-29 02:50:00
22|5|Los Frailes|4326|2203034|3034|2026-09-29 02:50:00
22|5|Pueblo Nuevo|4326|2203035|3035|2026-09-29 02:50:00
22|5|Huertas El Carmen|4326|2203036|3036|2026-09-29 02:50:00
22|5|El Pueblito|4326|2203037|3037|2026-09-29 02:50:00
22|5|Privada Bellavista|4326|2203038|3038|2026-09-29 02:50:00
22|5|El Pueblito Centro|4326|2203039|3039|2026-09-29 02:50:00
22|5|El Pueblito|4326|2203040|3040|2026-09-29 02:50:00
22|5|Bellavista Mezquites|4326|2203041|3041|2026-09-29 02:50:00
22|5|Santa Anita|4326|2203042|3042|2026-09-29 02:50:00
22|5|Huertas El Carmen|4326|2203043|3043|2026-09-29 02:50:00
22|5|Santa Maria|4326|2203044|3044|2026-09-29 02:50:00
22|5|Tejeda|4326|2203045|3045|2026-09-29 02:50:00
22|5|El Prado Residencial|4326|2203046|3046|2026-09-29 02:50:00
22|5|Portanova|4326|2203047|3047|2026-09-29 02:50:00
22|5|Corregidora|4326|2203048|3048|2026-09-29 02:50:00
22|5|Quintas Del Bosque|4326|2203049|3049|2026-09-29 02:50:00
22|5|El Pueblito|4326|2203050|3050|2026-09-29 02:50:00
22|16|Rinconada Campestre|4326|2203053|3053|2026-09-29 02:50:00
22|6|Punta De La Loma|4326|2203055|3055|2026-09-29 02:50:00
22|6|El Gallito|4326|2203056|3056|2026-09-29 02:50:00
22|6|Centro|4326|2203057|3057|2026-09-29 02:50:00
22|16|Las Rosas|4326|2203058|3058|2026-09-29 02:50:00
22|16|Villas San Juan|4326|2203059|3059|2026-09-29 02:50:00
22|16|San Pedro 3a Seccion|4326|2203060|3060|2026-09-29 02:50:00
22|16|Las Huertas|4326|2203061|3061|2026-09-29 02:50:00
22|16|Ahuehuetes|4326|2203062|3062|2026-09-29 02:50:00
22|16|Arboledas|4326|2203063|3063|2026-09-29 02:50:00
22|16|Centro|4326|2203064|3064|2026-09-29 02:50:00
22|16|La Venta|4326|2203065|3065|2026-09-29 02:50:00
22|16|Residencial La Isla|4326|2203066|3066|2026-09-29 02:50:00
22|16|Los Cipreses|4326|2203067|3067|2026-09-29 02:50:00
22|16|El Angel|4326|2203068|3068|2026-09-29 02:50:00
22|16|El Country|4326|2203069|3069|2026-09-29 02:50:00
22|16|Campestre San Juan Seccion Bugambilias|4326|2203070|3070|2026-09-29 02:50:00
22|16|Santuaria|4326|2203071|3071|2026-09-29 02:50:00
22|16|Maravillas|4326|2203072|3072|2026-09-29 02:50:00
22|16|Los Chabacanos|4326|2203073|3073|2026-09-29 02:50:00
22|16|Agave Cristal 7|4326|2203074|3074|2026-09-29 02:50:00
22|16|Del Rio|4326|2203075|3075|2026-09-29 02:50:00
22|16|La Paz|4326|2203076|3076|2026-09-29 02:50:00
22|16|Campestre San Juan|4326|2203077|3077|2026-09-29 02:50:00
22|16|Rincon De Las Flores|4326|2203078|3078|2026-09-29 02:50:00
22|16|Agave Cristal 6|4326|2203079|3079|2026-09-29 02:50:00
22|16|Agave Cristal 5|4326|2203080|3080|2026-09-29 02:50:00
22|16|Agave Cristal 4|4326|2203081|3081|2026-09-29 02:50:00
22|16|Agave Cristal 3|4326|2203082|3082|2026-09-29 02:50:00
22|16|Gran Santuaria|4326|2203083|3083|2026-09-29 02:50:00
22|4|La Pe?uela|4326|2203084|3084|2026-09-29 02:50:00
22|4|Las Palomas|4326|2203085|3085|2026-09-29 02:50:00
22|4|El Tanquecito|4326|2203086|3086|2026-09-29 02:50:00
22|16|La Pe?a 3a Seccion|4326|2203087|3087|2026-09-29 02:50:00
22|16|Bosques De Banthi|4326|2203088|3088|2026-09-29 02:50:00
22|16|La Pe?a 2a Seccion|4326|2203089|3089|2026-09-29 02:50:00
22|16|La Pe?a 1a Seccion|4326|2203090|3090|2026-09-29 02:50:00
22|16|De Banthi|4326|2203091|3091|2026-09-29 02:50:00
22|16|Villas Del Puente|4326|2203092|3092|2026-09-29 02:50:00
22|16|Independencia|4326|2203093|3093|2026-09-29 02:50:00
22|7|El Vegil|4326|2203094|3094|2026-09-29 02:50:00
22|7|Ejido El Centenario|4326|2203095|3095|2026-09-29 02:50:00
22|16|Infonavit La Paz|4326|2203096|3096|2026-09-29 02:50:00
22|16|Jardines Del Valle|4326|2203097|3097|2026-09-29 02:50:00
22|16|Mision Santa Cruz I|4326|2203098|3098|2026-09-29 02:50:00
22|16|Mision Santa Cruz Ii|4326|2203099|3099|2026-09-29 02:50:00
22|16|Paseo De Las Granadas|4326|2203100|3100|2026-09-29 02:50:00
22|16|Ampliacion Santa Cruz Nieto (la Loma)|4326|2203101|3101|2026-09-29 02:50:00
22|16|Praderas Del Sol|4326|2203102|3102|2026-09-29 02:50:00
22|16|La Paz (la Floresta)|4326|2203103|3103|2026-09-29 02:50:00
22|16|Santa Cruz Nieto|4326|2203104|3104|2026-09-29 02:50:00
22|16|San Miguel Arcangel|4326|2203105|3105|2026-09-29 02:50:00
22|16|Paso De Mata Zona Vii|4326|2203106|3106|2026-09-29 02:50:00
22|16|Paso De Mata Zona V|4326|2203107|3107|2026-09-29 02:50:00
22|16|Cazadero|4326|2203108|3108|2026-09-29 02:50:00
22|16|Rancho La Joya Paso De Mata|4326|2203109|3109|2026-09-29 02:50:00
22|16|Puerta De Palmillas|4326|2203110|3110|2026-09-29 02:50:00
22|16|Palmillas|4326|2203111|3111|2026-09-29 02:50:00
22|16|Paso De Mata Zona Iv|4326|2203112|3112|2026-09-29 02:50:00
22|16|Guadalupe De Las Pe?as|4326|2203113|3113|2026-09-29 02:50:00
22|16|Lomas De Guadalupe|4326|2203114|3114|2026-09-29 02:50:00
22|16|Los Frailes|4326|2203115|3115|2026-09-29 02:50:00
22|16|Vista Real|4326|2203116|3116|2026-09-29 02:50:00
22|16|Vista Hermosa|4326|2203117|3117|2026-09-29 02:50:00
22|16|San Juan Bautista|4326|2203118|3118|2026-09-29 02:50:00
22|16|Lomo De Toro|4326|2203119|3119|2026-09-29 02:50:00
22|16|San Martin De Porres 2a Seccion|4326|2203120|3120|2026-09-29 02:50:00
22|16|San Martin Los Pilares|4326|2203121|3121|2026-09-29 02:50:00
22|16|Villas De Aragon|4326|2203122|3122|2026-09-29 02:50:00
22|16|Los Pinos|4326|2203123|3123|2026-09-29 02:50:00
22|16|Jardines De Guadalupe|4326|2203124|3124|2026-09-29 02:50:00
22|16|Paseos De La Venta|4326|2203125|3125|2026-09-29 02:50:00
22|16|Unidad Popular Milagrito|4326|2203126|3126|2026-09-29 02:50:00
22|16|El Sabino|4326|2203127|3127|2026-09-29 02:50:00
22|16|Villas De La Cruz|4326|2203128|3128|2026-09-29 02:50:00
22|16|El Sabino Chico|4326|2203129|3129|2026-09-29 02:50:00
22|16|Punta Telma|4326|2203130|3130|2026-09-29 02:50:00
22|16|La Cruz|4326|2203131|3131|2026-09-29 02:50:00
22|16|Residencial La Cantera|4326|2203132|3132|2026-09-29 02:50:00
22|16|Centro|4326|2203133|3133|2026-09-29 02:50:00
22|16|Quintas De Guadalupe|4326|2203134|3134|2026-09-29 02:50:00
22|10|Zibata (condominio Ceiba)|4326|2203135|3135|2026-09-29 02:50:00
22|10|Zibata (condominio Pitahayas)|4326|2203136|3136|2026-09-29 02:50:00
22|10|Zibata (zona Acacia)|4326|2203137|3137|2026-09-29 02:50:00
22|10|Zibata (zona Opuntia)|4326|2203138|3138|2026-09-29 02:50:00
22|10|Zibata (condominio Citea)|4326|2203139|3139|2026-09-29 02:50:00
22|10|Altana|4326|2203140|3140|2026-09-29 02:50:00
22|10|Dos Aguas|4326|2203141|3141|2026-09-29 02:50:00
22|10|Zibata (fraccionamiento Aurea)|4326|2203142|3142|2026-09-29 02:50:00
22|10|Zibata (riscos Condesa)|4326|2203143|3143|2026-09-29 02:50:00
22|10|Vita Sophia|4326|2203144|3144|2026-09-29 02:50:00
22|10|Altturia|4326|2203145|3145|2026-09-29 02:50:00
22|10|Zuri|4326|2203146|3146|2026-09-29 02:50:00
22|10|Xathe|4326|2203147|3147|2026-09-29 02:50:00
22|11|Valle Dorado|4326|2203148|3148|2026-09-29 02:50:00
22|11|Bosques Del Sur|4326|2203149|3149|2026-09-29 02:50:00
22|11|El Sauz Bajo|4326|2203150|3150|2026-09-29 02:50:00
22|11|Cuauhtemoc|4326|2203151|3151|2026-09-29 02:50:00
22|11|Moctezuma|4326|2203152|3152|2026-09-29 02:50:00
22|11|El Sauz Alto|4326|2203153|3153|2026-09-29 02:50:00
22|11|Ecologica|4326|2203154|3154|2026-09-29 02:50:00
22|11|Valle De Anahuac|4326|2203155|3155|2026-09-29 02:50:00
22|11|Los Sauces|4326|2203156|3156|2026-09-29 02:50:00
22|11|El Bosque|4326|2203157|3157|2026-09-29 02:50:00
22|11|Bicentenario|4326|2203158|3158|2026-09-29 02:50:00
22|11|Las Glorias|4326|2203159|3159|2026-09-29 02:50:00
22|11|Las Rosas|4326|2203160|3160|2026-09-29 02:50:00
22|11|Lira|4326|2203161|3161|2026-09-29 02:50:00
22|11|Loma Bonita|4326|2203162|3162|2026-09-29 02:50:00
22|11|Moctezuma|4326|2203163|3163|2026-09-29 02:50:00
22|11|La Arboleda Residencial|4326|2203164|3164|2026-09-29 02:50:00
22|11|Lira|4326|2203165|3165|2026-09-29 02:50:00
22|11|La Lira (roma-lira)|4326|2203166|3166|2026-09-29 02:50:00
22|11|Las Torres|4326|2203167|3167|2026-09-29 02:50:00
22|11|Vicente Guerrero|4326|2203168|3168|2026-09-29 02:50:00
22|11|Emiliano Zapata|4326|2203169|3169|2026-09-29 02:50:00
22|11|El Toreo|4326|2203170|3170|2026-09-29 02:50:00
22|11|Estrella 2a Seccion|4326|2203171|3171|2026-09-29 02:50:00
22|11|San Camilo|4326|2203172|3172|2026-09-29 02:50:00
22|11|Loma De Lira|4326|2203173|3173|2026-09-29 02:50:00
22|11|Los Pinos|4326|2203174|3174|2026-09-29 02:50:00
22|11|Juan Pablo Ii|4326|2203175|3175|2026-09-29 02:50:00
22|11|La Loma|4326|2203176|3176|2026-09-29 02:50:00
22|11|Fraccionamiento 1280|4326|2203177|3177|2026-09-29 02:50:00
22|10|Alfajayucan|4326|2203178|3178|2026-09-29 02:50:00
22|10|San Miguel Amazcala|4326|2203179|3179|2026-09-29 02:50:00
22|14|Jardines Del Sol|4326|2203180|3180|2026-09-29 02:50:00
22|14|San Marcos|4326|2203181|3181|2026-09-29 02:50:00
22|14|Desarrollo Familiar|4326|2203182|3182|2026-09-29 02:50:00
22|14|Loma Ix (condominio Vigo)|4326|2203183|3183|2026-09-29 02:50:00
22|14|Loma Ix (condominio Leon)|4326|2203184|3184|2026-09-29 02:50:00
22|14|Che Guevara (ernesto Guevara De La Serna)|4326|2203185|3185|2026-09-29 02:50:00
22|14|Loma Ix (condominio Bilbao)|4326|2203186|3186|2026-09-29 02:50:00
22|14|Loma Ix (condominio Burgos)|4326|2203187|3187|2026-09-29 02:50:00
22|14|Loma Ix (condominio Malaga)|4326|2203188|3188|2026-09-29 02:50:00
22|14|Loma Ix (condominio Caceres)|4326|2203189|3189|2026-09-29 02:50:00
22|14|Loma Ix (condominio Alicante)|4326|2203190|3190|2026-09-29 02:50:00
22|14|Loma Ix (condominio Baleares)|4326|2203191|3191|2026-09-29 02:50:00
22|14|Loma Ix (condominio Valencia)|4326|2203192|3192|2026-09-29 02:50:00
22|14|Loma Ix (condominio Tarragona)|4326|2203193|3193|2026-09-29 02:50:00
22|14|25 De Diciembre|4326|2203194|3194|2026-09-29 02:50:00
22|14|Fernando De Tapia|4326|2203195|3195|2026-09-29 02:50:00
22|14|Loma Ix (baleares)|4326|2203196|3196|2026-09-29 02:50:00
22|14|Loma Viii|4326|2203197|3197|2026-09-29 02:50:00
22|14|Lomas De San Angel|4326|2203198|3198|2026-09-29 02:50:00
22|14|Loma Ix (condominio Ibiza)|4326|2203199|3199|2026-09-29 02:50:00
22|14|Loma Ix (condominio Ibiza)|4326|2203200|3200|2026-09-29 02:50:00
22|14|Prados Del Rincon 1ra Seccion|4326|2203201|3201|2026-09-29 02:50:00
22|14|Locarno Residencial|4326|2203202|3202|2026-09-29 02:50:00
22|14|Privada Quintas La Laborcilla|4326|2203203|3203|2026-09-29 02:50:00
22|14|Rinconada De Los Alamos|4326|2203204|3204|2026-09-29 02:50:00
22|14|Las Gemas|4326|2203205|3205|2026-09-29 02:50:00
22|14|Lomas De Lindavista|4326|2203206|3206|2026-09-29 02:50:00
22|14|El Cerrito|4326|2203207|3207|2026-09-29 02:50:00
22|14|Tecnologico|4326|2203208|3208|2026-09-29 02:50:00
22|14|Lindavista|4326|2203209|3209|2026-09-29 02:50:00
22|14|Los Angeles|4326|2203210|3210|2026-09-29 02:50:00
22|14|El Tepetate|4326|2203211|3211|2026-09-29 02:50:00
22|14|La Trinidad|4326|2203212|3212|2026-09-29 02:50:00
22|14|Arq Ignacio Mariano De Las Casas|4326|2203213|3213|2026-09-29 02:50:00
22|14|Villas Del Parque|4326|2203214|3214|2026-09-29 02:50:00
22|14|Jacarandas|4326|2203215|3215|2026-09-29 02:50:00
22|14|Villas Del Tecnologico|4326|2203216|3216|2026-09-29 02:50:00
22|14|Quintas La Laborcilla|4326|2203217|3217|2026-09-29 02:50:00
22|14|Alamos 3a Seccion|4326|2203218|3218|2026-09-29 02:50:00
22|14|Arboledas|4326|2203219|3219|2026-09-29 02:50:00
22|14|Claustros Del Parque|4326|2203220|3220|2026-09-29 02:50:00
22|14|Bosques|4326|2203221|3221|2026-09-29 02:50:00
22|14|Parques Del Alamo|4326|2203222|3222|2026-09-29 02:50:00
22|14|Plazas Del Parque|4326|2203223|3223|2026-09-29 02:50:00
22|14|Industrial|4326|2203224|3224|2026-09-29 02:50:00
22|14|Cerrito Colorado 2a Seccion (la Morada)|4326|2203225|3225|2026-09-29 02:50:00
22|14|Juventino Rosas|4326|2203226|3226|2026-09-29 02:50:00
22|14|Cuauhtemoc (teotihuacan)|4326|2203227|3227|2026-09-29 02:50:00
22|14|Sierra Colorada|4326|2203228|3228|2026-09-29 02:50:00
22|14|La Loma Vi (felipe Bermejo)|4326|2203229|3229|2026-09-29 02:50:00
22|14|Rocio Sanz|4326|2203230|3230|2026-09-29 02:50:00
22|14|Eucaliptos|4326|2203231|3231|2026-09-29 02:50:00
22|14|Paseos De La Loma ( Ceuta )|4326|2203232|3232|2026-09-29 02:50:00
22|14|Paseos De La Loma (atlas)|4326|2203233|3233|2026-09-29 02:50:00
22|14|La Loma|4326|2203234|3234|2026-09-29 02:50:00
22|14|Lomas De San Pedro|4326|2203235|3235|2026-09-29 02:50:00
22|14|Loma Real Queretaro|4326|2203236|3236|2026-09-29 02:50:00
22|14|Real Moctezuma|4326|2203237|3237|2026-09-29 02:50:00
22|14|Las Camelinas|4326|2203238|3238|2026-09-29 02:50:00
22|14|La Loma Vi (revueltas)|4326|2203239|3239|2026-09-29 02:50:00
22|14|La Loma Vi (german Valdez)|4326|2203240|3240|2026-09-29 02:50:00
22|14|Valle De Santiago|4326|2203241|3241|2026-09-29 02:50:00
22|14|Ricardo Flores Magon|4326|2203242|3242|2026-09-29 02:50:00
22|14|La Rueca|4326|2203243|3243|2026-09-29 02:50:00
22|14|Paseos De La Cuesta|4326|2203244|3244|2026-09-29 02:50:00
22|14|Mision De Bucareli Sur|4326|2203245|3245|2026-09-29 02:50:00
22|14|Colinas De San Pablo|4326|2203246|3246|2026-09-29 02:50:00
22|14|Mision Bucareli Norte|4326|2203247|3247|2026-09-29 02:50:00
22|14|Puerta De Belen Ii|4326|2203248|3248|2026-09-29 02:50:00
22|14|El Casta?o|4326|2203249|3249|2026-09-29 02:50:00
22|14|El Casta?o Ii|4326|2203250|3250|2026-09-29 02:50:00
22|14|Mision Riviera|4326|2203251|3251|2026-09-29 02:50:00
22|14|Mallorca Ii|4326|2203252|3252|2026-09-29 02:50:00
22|14|Mallorca Iii|4326|2203253|3253|2026-09-29 02:50:00
22|14|Mallorca Iv|4326|2203254|3254|2026-09-29 02:50:00
22|14|Paseo De Rodas|4326|2203255|3255|2026-09-29 02:50:00
22|14|Los Robles|4326|2203256|3256|2026-09-29 02:50:00
22|14|Euripides|4326|2203257|3257|2026-09-29 02:50:00
22|14|Mallorca I|4326|2203258|3258|2026-09-29 02:50:00
22|14|17a|4326|2203259|3259|2026-09-29 02:50:00
22|14|Santa Magdalena|4326|2203260|3260|2026-09-29 02:50:00
22|5|Santa Fe|4326|2203261|3261|2026-09-29 02:50:00
22|14|La Aurora|4326|2203262|3262|2026-09-29 02:50:00
22|14|Jardines Del Valle|4326|2203263|3263|2026-09-29 02:50:00
22|5|Villa Maria|4326|2203264|3264|2026-09-29 02:50:00
22|5|Cantabria|4326|2203265|3265|2026-09-29 02:50:00
22|14|Valle Bicentenario|4326|2203266|3266|2026-09-29 02:50:00
22|14|Santa Maria Magdalena|4326|2203267|3267|2026-09-29 02:50:00
22|14|Claustros De Santa Maria|4326|2203268|3268|2026-09-29 02:50:00
22|14|Las Americas|4326|2203269|3269|2026-09-29 02:50:00
22|14|Valle De San Pablo|4326|2203270|3270|2026-09-29 02:50:00
22|14|Rivera Y Tamayo|4326|2203271|3271|2026-09-29 02:50:00
22|14|Altos De San Pablo|4326|2203272|3272|2026-09-29 02:50:00
22|14|La Esperanza|4326|2203273|3273|2026-09-29 02:50:00
22|14|Tlanece|4326|2203274|3274|2026-09-29 02:50:00
22|14|Movimiento Obrero|4326|2203275|3275|2026-09-29 02:50:00
22|14|Amalia Solorzano|4326|2203276|3276|2026-09-29 02:50:00
22|14|Desarrollo San Pablo|4326|2203277|3277|2026-09-29 02:50:00
22|14|Agaves Residencial|4326|2203278|3278|2026-09-29 02:50:00
22|14|Cipreses|4326|2203279|3279|2026-09-29 02:50:00
22|14|Bellavista|4326|2203280|3280|2026-09-29 02:50:00
22|14|El Sabino|4326|2203281|3281|2026-09-29 02:50:00
22|14|2 De Abril|4326|2203282|3282|2026-09-29 02:50:00
22|14|La Estacion|4326|2203283|3283|2026-09-29 02:50:00
22|14|San Jose De Los Perales(san Carlos)|4326|2203284|3284|2026-09-29 02:50:00
22|14|Ejido Bola?os|4326|2203285|3285|2026-09-29 02:50:00
22|14|Lomas Del Campanario Ii|4326|2203286|3286|2026-09-29 02:50:00
22|14|Puerta Del Cielo|4326|2203287|3287|2026-09-29 02:50:00
22|14|Villas Del Marques|4326|2203288|3288|2026-09-29 02:50:00
22|14|Lomas Del Campanario I|4326|2203289|3289|2026-09-29 02:50:00
22|14|Virreyes Residencial 2|4326|2203290|3290|2026-09-29 02:50:00
22|14|Santa Ines (lomas Del Campanario Norte)|4326|2203291|3291|2026-09-29 02:50:00
22|14|El Campanario|4326|2203292|3292|2026-09-29 02:50:00
22|14|Lomas Del Campanario Iii|4326|2203293|3293|2026-09-29 02:50:00
22|14|Mirador Campanario|4326|2203294|3294|2026-09-29 02:50:00
22|14|Miradores Del Marques|4326|2203295|3295|2026-09-29 02:50:00
22|14|Virreyes Residencial|4326|2203296|3296|2026-09-29 02:50:00
22|14|Rancho San Antonio|4326|2203297|3297|2026-09-29 02:50:00
22|14|Bola?os|4326|2203298|3298|2026-09-29 02:50:00
22|14|Altos Del Marques (fraccionamiento Privada La Marquesa)|4326|2203299|3299|2026-09-29 02:50:00
22|14|Lomas Del Marques|4326|2203300|3300|2026-09-29 02:50:00
22|14|Miradores|4326|2203301|3301|2026-09-29 02:50:00
22|14|Villas Palmira|4326|2203302|3302|2026-09-29 02:50:00
22|14|San Lucas (lomas Del Campanario Norte)|4326|2203303|3303|2026-09-29 02:50:00
22|14|Lagos Habitat Selecto|4326|2203304|3304|2026-09-29 02:50:00
22|14|Lomas Del Campanario Iv|4326|2203305|3305|2026-09-29 02:50:00
22|14|Altos Del Marques(virrey De Catalu?a I)|4326|2203306|3306|2026-09-29 02:50:00
22|14|Torres Del Campanario|4326|2203307|3307|2026-09-29 02:50:00
22|14|Altos Del Marques(virrey De Catalu?a Ii)|4326|2203308|3308|2026-09-29 02:50:00
22|14|Altos Del Marques(virrey De Catalu?a Iii)|4326|2203309|3309|2026-09-29 02:50:00
22|14|Altos Del Marques(virrey De Catalu?a Vi)|4326|2203310|3310|2026-09-29 02:50:00
22|14|El Campanario (reserva)|4326|2203311|3311|2026-09-29 02:50:00
22|10|Saldarriaga|4326|2203312|3312|2026-09-29 02:50:00
22|10|Nueva La Campana|4326|2203313|3313|2026-09-29 02:50:00
22|10|Provenza|4326|2203314|3314|2026-09-29 02:50:00
22|10|La Serpentina|4326|2203315|3315|2026-09-29 02:50:00
22|10|Los Heroes (condominio Hacienda La Cantera)|4326|2203316|3316|2026-09-29 02:50:00
22|10|Los Heroes (condominio Hacienda El Molino)|4326|2203317|3317|2026-09-29 02:50:00
22|10|Los Heroes (condominio Hacienda Del Valle)|4326|2203318|3318|2026-09-29 02:50:00
22|10|Los Heroes (condominio Hacienda Los Olivos)|4326|2203319|3319|2026-09-29 02:50:00
22|10|Los Heroes (condominio Hacienda Cristales)|4326|2203320|3320|2026-09-29 02:50:00
22|10|Los Heroes (condominio Hacienda La Palma)|4326|2203321|3321|2026-09-29 02:50:00
22|10|Los Heroes (condominio Hacienda Las Tres Joyas)|4326|2203322|3322|2026-09-29 02:50:00
22|10|Los Heroes (condominio Hacienda El Nogal)|4326|2203323|3323|2026-09-29 02:50:00
22|10|Los Heroes (condominio Hacienda Nueva)|4326|2203324|3324|2026-09-29 02:50:00
22|10|Los Heroes (condominio Hacienda Quinta La Esperanza)|4326|2203325|3325|2026-09-29 02:50:00
22|10|Buenavistilla (la Bolsa)|4326|2203326|3326|2026-09-29 02:50:00
22|10|Hacienda La Cruz|4326|2203327|3327|2026-09-29 02:50:00
22|10|La Providencia|4326|2203328|3328|2026-09-29 02:50:00
22|10|Libertadores|4326|2203329|3329|2026-09-29 02:50:00
22|10|Ciudad Maderas (roble)|4326|2203330|3330|2026-09-29 02:50:00
22|10|Ciudad Maderas (encino)|4326|2203331|3331|2026-09-29 02:50:00
22|10|Ciudad Maderas (nogal)|4326|2203332|3332|2026-09-29 02:50:00
22|10|Ciudad Maderas (cipres)|4326|2203333|3333|2026-09-29 02:50:00
22|10|Ciudad Maderas (fresno)|4326|2203334|3334|2026-09-29 02:50:00
22|10|Ciudad Maderas (oyamel)|4326|2203335|3335|2026-09-29 02:50:00
22|10|Ciudad Maderas (caoba)|4326|2203336|3336|2026-09-29 02:50:00
22|10|Ciudad Maderas (maple)|4326|2203337|3337|2026-09-29 02:50:00
22|10|Ciudad Maderas (olivo)|4326|2203338|3338|2026-09-29 02:50:00
22|10|Ciudad Maderas (jacaranda)|4326|2203339|3339|2026-09-29 02:50:00
22|10|Ciudad Maderas (cedro)|4326|2203340|3340|2026-09-29 02:50:00
22|10|Ciudad Maderas (abeto)|4326|2203341|3341|2026-09-29 02:50:00
22|10|Ciudad Maderas (granada)|4326|2203342|3342|2026-09-29 02:50:00
22|10|Ciudad Maderas (casta?o)|4326|2203343|3343|2026-09-29 02:50:00
22|10|Ciudad Maderas (alamo)|4326|2203344|3344|2026-09-29 02:50:00
22|10|Ciudad Maderas (olmo)|4326|2203345|3345|2026-09-29 02:50:00
22|10|Ciudad Maderas (abedul)|4326|2203346|3346|2026-09-29 02:50:00
22|10|Ciudad Maderas (arce)|4326|2203347|3347|2026-09-29 02:50:00
22|10|Ciudad Maderas (laurel)|4326|2203348|3348|2026-09-29 02:50:00
22|10|Real Solare|4326|2203349|3349|2026-09-29 02:50:00
22|10|Rincones Del Marques|4326|2203350|3350|2026-09-29 02:50:00
22|10|Rincones Del Marques (rinconada Crata)|4326|2203351|3351|2026-09-29 02:50:00
22|10|Rincones Del Marques (rinconada Cetto)|4326|2203352|3352|2026-09-29 02:50:00
22|10|Rincones Del Marques (rinconada La Redonda)|4326|2203353|3353|2026-09-29 02:50:00
22|10|Rincones Del Marques (rinconada Badan)|4326|2203354|3354|2026-09-29 02:50:00
22|10|Rincones Del Marques (rinconada Valmar)|4326|2203355|3355|2026-09-29 02:50:00
22|10|Rincones Del Marques (rinconada Xanic)|4326|2203356|3356|2026-09-29 02:50:00
22|10|Rincones Del Marques (rinconada Balche)|4326|2203357|3357|2026-09-29 02:50:00
22|10|Rincones Del Marques (rinconada Roganto)|4326|2203358|3358|2026-09-29 02:50:00
22|10|Rincones Del Marques (rinconada Ferri?o)|4326|2203359|3359|2026-09-29 02:50:00
22|10|Rincones Del Marques (rinconada Merlot)|4326|2203360|3360|2026-09-29 02:50:00
22|10|Rincones Del Marques (rinconada Shimul)|4326|2203361|3361|2026-09-29 02:50:00
22|10|Rincones Del Marques (condominio Claret)|4326|2203362|3362|2026-09-29 02:50:00
22|10|Rincones Del Marques (rinconada Malbec)|4326|2203363|3363|2026-09-29 02:50:00
22|10|El Carmen Oriente|4326|2203364|3364|2026-09-29 02:50:00
22|10|Lagunas Del Carmen|4326|2203365|3365|2026-09-29 02:50:00
22|10|Extension Del Carmen|4326|2203366|3366|2026-09-29 02:50:00
22|10|El Carmen|4326|2203367|3367|2026-09-29 02:50:00
22|10|Karan|4326|2203368|3368|2026-09-29 02:50:00
22|10|Rincones Del Marques (rinconada Domecq)|4326|2203369|3369|2026-09-29 02:50:00
22|10|Rincones Del Marques (rinconada Pinesque)|4326|2203370|3370|2026-09-29 02:50:00
22|10|Rincones Del Marques (rinconada Chenin)|4326|2203371|3371|2026-09-29 02:50:00
22|10|Sin Nombre|4326|2203372|3372|2026-09-29 02:50:00
22|10|Rincones Del Marques (rinconada Sirah)|4326|2203373|3373|2026-09-29 02:50:00
22|10|Real Solare 3|4326|2203374|3374|2026-09-29 02:50:00
22|10|Sin Nombre|4326|2203375|3375|2026-09-29 02:50:00
22|10|Ciudad Maderas Monta?a (pumori)|4326|2203376|3376|2026-09-29 02:50:00
22|10|Ciudad Maderas Monta?a (huascaran)|4326|2203377|3377|2026-09-29 02:50:00
22|10|Ciudad Maderas Monta?a (aconcagua)|4326|2203378|3378|2026-09-29 02:50:00
22|10|Ciudad Maderas Monta?a (quilotoa)|4326|2203379|3379|2026-09-29 02:50:00
22|10|Ciudad Maderas Monta?a (m Baldo)|4326|2203380|3380|2026-09-29 02:50:00
22|10|Ciudad Maderas Monta?a (marmolada)|4326|2203381|3381|2026-09-29 02:50:00
22|10|Ciudad Maderas Monta?a (civetta)|4326|2203382|3382|2026-09-29 02:50:00
22|10|Ciudad Maderas Monta?a (palma)|4326|2203383|3383|2026-09-29 02:50:00
22|10|Ciudad Maderas Monta?a (manzano)|4326|2203384|3384|2026-09-29 02:50:00
22|10|Ciudad Maderas Monta?a (ceiba)|4326|2203385|3385|2026-09-29 02:50:00
22|10|Ciudad Maderas Monta?a (pirul)|4326|2203386|3386|2026-09-29 02:50:00
22|10|Ciudad Maderas Monta?a (tabachin)|4326|2203387|3387|2026-09-29 02:50:00
22|10|Terra Park Centenario|4326|2203388|3388|2026-09-29 02:50:00
22|10|El Mayorazgo (santa Barbara)|4326|2203389|3389|2026-09-29 02:50:00
22|10|El Mayorazgo|4326|2203390|3390|2026-09-29 02:50:00
22|10|El Mayorazgo|4326|2203391|3391|2026-09-29 02:50:00
22|10|Cerro Prieto|4326|2203392|3392|2026-09-29 02:50:00
22|10|Viu Panorama|4326|2203393|3393|2026-09-29 02:50:00
22|10|Acento|4326|2203394|3394|2026-09-29 02:50:00
22|10|Amuralle (condominio Aragon)|4326|2203395|3395|2026-09-29 02:50:00
22|10|Sinfonia 202|4326|2203396|3396|2026-09-29 02:50:00
22|10|La Piedad (san Miguel Colorado)|4326|2203397|3397|2026-09-29 02:50:00
22|10|Villas La Piedad|4326|2203398|3398|2026-09-29 02:50:00
22|10|Villas De San Jose (ampliacion La Piedad)|4326|2203399|3399|2026-09-29 02:50:00
22|10|Colinas De La Piedad (condominio Biznaga)|4326|2203400|3400|2026-09-29 02:50:00
22|10|Colinas De La Piedad (condominio Agave)|4326|2203401|3401|2026-09-29 02:50:00
22|10|Colinas De La Piedad (condominio Cactus)|4326|2203402|3402|2026-09-29 02:50:00
22|10|Colinas De La Piedad (condominio Maguey)|4326|2203403|3403|2026-09-29 02:50:00
22|10|Colinas De La Piedad|4326|2203404|3404|2026-09-29 02:50:00
22|10|Colinas De La Piedad (condominio Yuca)|4326|2203405|3405|2026-09-29 02:50:00
22|10|Colinas De La Piedad (condominio Tuna)|4326|2203406|3406|2026-09-29 02:50:00
22|10|Colinas De La Piedad (condominio Pitaya)|4326|2203407|3407|2026-09-29 02:50:00
22|10|Tulipan|4326|2203408|3408|2026-09-29 02:50:00
22|10|Orquidea|4326|2203409|3409|2026-09-29 02:50:00
22|10|Clavel|4326|2203410|3410|2026-09-29 02:50:00
22|10|Lirio|4326|2203411|3411|2026-09-29 02:50:00
22|10|Cedro|4326|2203412|3412|2026-09-29 02:50:00
22|10|Los Heroes (condominio Hacienda Grande)|4326|2203413|3413|2026-09-29 02:50:00
22|10|Los Heroes (condominio Hacienda El Rosario)|4326|2203414|3414|2026-09-29 02:50:00
22|10|Los Heroes (condominio Hacienda Santa Catarina)|4326|2203415|3415|2026-09-29 02:50:00
22|10|Los Heroes|4326|2203416|3416|2026-09-29 02:50:00
22|10|Los Heroes (condominio Hacienda San Jose)|4326|2203417|3417|2026-09-29 02:50:00
22|10|Los Heroes (condominio Hacienda San Miguel)|4326|2203418|3418|2026-09-29 02:50:00
22|10|Los Heroes (condominio Hacienda Santa Rosa)|4326|2203419|3419|2026-09-29 02:50:00
22|10|Los Heroes (condominio Hacienda San Carlos)|4326|2203420|3420|2026-09-29 02:50:00
22|10|Los Heroes (condominio Hacienda San Antonio)|4326|2203421|3421|2026-09-29 02:50:00
22|10|Los Heroes (condominio Hacienda Guadalupe)|4326|2203422|3422|2026-09-29 02:50:00
22|10|Los Heroes (condominio Hacienda Santo Domingo)|4326|2203423|3423|2026-09-29 02:50:00
22|10|Los Heroes (condominio Hacienda Santa Ana)|4326|2203424|3424|2026-09-29 02:50:00
22|10|Los Heroes (condominio Hacienda San Francisco)|4326|2203425|3425|2026-09-29 02:50:00
22|10|Los Heroes (condominio  Hacienda La Cienega)|4326|2203426|3426|2026-09-29 02:50:00
22|10|Los Heroes (condominio Hacienda Miranda)|4326|2203427|3427|2026-09-29 02:50:00
22|10|Los Heroes (condominio Hacienda San Isidro)|4326|2203428|3428|2026-09-29 02:50:00
22|10|Los Heroes (condominio Hacienda La Primavera)|4326|2203429|3429|2026-09-29 02:50:00
22|10|Los Heroes (condominio Hacienda La Mesilla)|4326|2203430|3430|2026-09-29 02:50:00
22|10|Los Heroes (condominio Hacienda Providencia)|4326|2203431|3431|2026-09-29 02:50:00
22|10|Los Heroes (condominio Hacienda San Roque)|4326|2203432|3432|2026-09-29 02:50:00
22|10|Los Heroes (condominio Hacienda Relampago)|4326|2203433|3433|2026-09-29 02:50:00
22|10|Los Heroes (condominio Hacienda Compuertas)|4326|2203434|3434|2026-09-29 02:50:00
22|10|Los Heroes (condominio Hacienda Vista Hermosa)|4326|2203435|3435|2026-09-29 02:50:00
22|10|Los Heroes (condominio Hacienda Los Laureles)|4326|2203436|3436|2026-09-29 02:50:00
22|10|Los Heroes (condominio Hacienda La Ca?ada)|4326|2203437|3437|2026-09-29 02:50:00
22|10|Los Heroes (condominio Hacienda El Sauce)|4326|2203438|3438|2026-09-29 02:50:00
22|10|Los Heroes (condominio Hacienda San Jeronimo)|4326|2203439|3439|2026-09-29 02:50:00
22|10|Los Heroes (condominio Hacienda La Trinidad)|4326|2203440|3440|2026-09-29 02:50:00
22|10|Los Heroes (condominio Hacienda San Lorenzo)|4326|2203441|3441|2026-09-29 02:50:00
22|10|Las Huertas|4326|2203442|3442|2026-09-29 02:50:00
22|10|Los Heroes (condominio Hacienda Carrizales)|4326|2203443|3443|2026-09-29 02:50:00
22|10|Los Heroes (condominio Hacienda San Blas)|4326|2203444|3444|2026-09-29 02:50:00
22|10|Condominio Hacienda Cristobal|4326|2203445|3445|2026-09-29 02:50:00
22|10|Condominio Hacienda San Gabriel|4326|2203446|3446|2026-09-29 02:50:00
22|10|Los Heroes|4326|2203447|3447|2026-09-29 02:50:00
22|10|Condominio Hacienda Rinconada|4326|2203448|3448|2026-09-29 02:50:00
22|10|Los Heroes (condominio Hacienda Isabel)|4326|2203449|3449|2026-09-29 02:50:00
22|10|Los Heroes (condominio Hacienda El Arrayan)|4326|2203450|3450|2026-09-29 02:50:00
22|10|Los Heroes (condominio Hacienda Escondida)|4326|2203451|3451|2026-09-29 02:50:00
22|10|Los Heroes (condominio Hacienda El Colorado)|4326|2203452|3452|2026-09-29 02:50:00
22|10|Los Heroes (condominio Hacienda La Noria)|4326|2203453|3453|2026-09-29 02:50:00
22|10|Los Heroes (condominio Hacienda El Agave)|4326|2203454|3454|2026-09-29 02:50:00
22|10|Los Heroes (condominio Hacienda El Carmen)|4326|2203455|3455|2026-09-29 02:50:00
22|10|Los Heroes|4326|2203456|3456|2026-09-29 02:50:00
22|10|Los Heroes|4326|2203457|3457|2026-09-29 02:50:00
22|10|Los Heroes (condominio Hacienda San Bartolo)|4326|2203458|3458|2026-09-29 02:50:00
22|10|Los Heroes (condominio Hacienda El Refugio)|4326|2203459|3459|2026-09-29 02:50:00
22|10|Los Heroes (condominio Hacienda Azaleas)|4326|2203460|3460|2026-09-29 02:50:00
22|10|Los Heroes (condominio Hacienda La Erre)|4326|2203461|3461|2026-09-29 02:50:00
22|10|Los Heroes (condominio Hacienda Marbella)|4326|2203462|3462|2026-09-29 02:50:00
22|10|Los Heroes (condominio Hacienda Bonita)|4326|2203463|3463|2026-09-29 02:50:00
22|10|Los Heroes (condominio Hacienda Coronilla)|4326|2203464|3464|2026-09-29 02:50:00
22|10|Los Heroes (condominio Hacienda El Jacal)|4326|2203465|3465|2026-09-29 02:50:00
22|10|Los Heroes (condominio Hacienda Real)|4326|2203466|3466|2026-09-29 02:50:00
22|10|Los Heroes (condominio Hacienda San Ignacio)|4326|2203467|3467|2026-09-29 02:50:00
22|10|Los Heroes (condominio Hacienda Colonial)|4326|2203468|3468|2026-09-29 02:50:00
22|10|Los Heroes (condominio Hacienda Santa Clara)|4326|2203469|3469|2026-09-29 02:50:00
22|10|Los Heroes (condominio Hacienda Preciosa)|4326|2203470|3470|2026-09-29 02:50:00
22|10|Los Heroes (condominio Hacienda Oriental)|4326|2203471|3471|2026-09-29 02:50:00
22|10|Los Heroes|4326|2203472|3472|2026-09-29 02:50:00
22|10|Los Heroes (condominio Hacienda Luna)|4326|2203473|3473|2026-09-29 02:50:00
22|10|Los Heroes (condominio Hacienda Verde)|4326|2203474|3474|2026-09-29 02:50:00
22|10|Los Heroes (condominio Hacienda Teya)|4326|2203475|3475|2026-09-29 02:50:00
22|10|Los Heroes (condominio Hacenda Cerro Gordo)|4326|2203476|3476|2026-09-29 02:50:00
22|10|Los Heroes (condominio Hacienda Santa Cruz)|4326|2203477|3477|2026-09-29 02:50:00
22|10|Los Heroes (comdominio Hacienda El Cedro)|4326|2203478|3478|2026-09-29 02:50:00
22|10|Los Heroes ( Condominio Hacienda Santa Monica )|4326|2203479|3479|2026-09-29 02:50:00
22|10|Los Heroes (condominio Campo Hermoso)|4326|2203480|3480|2026-09-29 02:50:00
22|10|Los Heroes (comdominio Hacienda Crucero)|4326|2203481|3481|2026-09-29 02:50:00
22|10|Jardines Del Alba|4326|2203482|3482|2026-09-29 02:50:00
22|10|Ciudad Maderas (eucalipto)|4326|2203483|3483|2026-09-29 02:50:00
22|10|Ciudad Maderas (cerezo)|4326|2203484|3484|2026-09-29 02:50:00
22|10|Ciudad Maderas (almendro)|4326|2203485|3485|2026-09-29 02:50:00
22|10|Los Heroes (condominio Hacienda Las Huertas)|4326|2203486|3486|2026-09-29 02:50:00
22|10|Los Heroes (condominio Hacienda  Marias)|4326|2203487|3487|2026-09-29 02:50:00
22|10|Ciudad Maderas (sequoia)|4326|2203488|3488|2026-09-29 02:50:00
22|10|Ciudad Maderas|4326|2203489|3489|2026-09-29 02:50:00
22|10|Los Heroes|4326|2203490|3490|2026-09-29 02:50:00
22|10|Los Heroes (condominio Hacienda Tradicional)|4326|2203491|3491|2026-09-29 02:50:00
22|10|Los Heroes (condominio San Pedro)|4326|2203492|3492|2026-09-29 02:50:00
22|10|Los Heroes (condominio Hacienda Santa Barbara)|4326|2203493|3493|2026-09-29 02:50:00
22|10|Capital Sur (cluster Paris)|4326|2203494|3494|2026-09-29 02:50:00
22|10|Capital Sur (cluster Roma)|4326|2203495|3495|2026-09-29 02:50:00
22|10|Capital Sur (cluster Luxemburgo)|4326|2203496|3496|2026-09-29 02:50:00
22|10|Capital Sur (cluster Lima)|4326|2203497|3497|2026-09-29 02:50:00
22|10|Capital Sur (cluster Lisboa)|4326|2203498|3498|2026-09-29 02:50:00
22|10|Capital Sur (cluster Tokio)|4326|2203499|3499|2026-09-29 02:50:00
22|10|Ciudad Maderas Monta?a (popocatepetl)|4326|2203500|3500|2026-09-29 02:50:00
22|10|Ciudad Maderas Monta?a (pe?a Blanca)|4326|2203501|3501|2026-09-29 02:50:00
22|10|Ciudad Maderas Monta?a (villa Rica)|4326|2203502|3502|2026-09-29 02:50:00
22|10|Ciudad Maderas Monta?a (zamorano)|4326|2203503|3503|2026-09-29 02:50:00
22|10|Ciudad Maderas Monta?a (everest)|4326|2203504|3504|2026-09-29 02:50:00
22|10|Ciudad Maderas Monta?a (makalu)|4326|2203505|3505|2026-09-29 02:50:00
22|10|Ciudad Maderas Monta?a (ajusco)|4326|2203506|3506|2026-09-29 02:50:00
22|10|Ciudad Maderas Monta?a (monturull)|4326|2203507|3507|2026-09-29 02:50:00
22|10|Ciudad Maderas Monta?a (aspe)|4326|2203508|3508|2026-09-29 02:50:00
22|10|Ciudad Maderas Monta?a (cervi?o)|4326|2203509|3509|2026-09-29 02:50:00
22|10|Ciudad Maderas Monta?a (fuji)|4326|2203510|3510|2026-09-29 02:50:00
22|10|La Trinidad|4326|2203511|3511|2026-09-29 02:50:00
22|10|Amuralle|4326|2203512|3512|2026-09-29 02:50:00
22|10|Colonia La Nueva Roma|4326|2203513|3513|2026-09-29 02:50:00
22|10|Las Sendas (condominio Balcanes)|4326|2203514|3514|2026-09-29 02:50:00
22|10|Las Sendas (condominio Annapurna)|4326|2203515|3515|2026-09-29 02:50:00
22|10|Las Sendas (condominio Azzurro)|4326|2203516|3516|2026-09-29 02:50:00
22|10|Las Sendas (condominio Gran Senda)|4326|2203517|3517|2026-09-29 02:50:00
22|10|Las Sendas (condominio Monte De Oro)|4326|2203518|3518|2026-09-29 02:50:00
22|10|Condominio Avella|4326|2203519|3519|2026-09-29 02:50:00
22|10|Fraccionamiento Marques Del Rio|4326|2203520|3520|2026-09-29 02:50:00
22|14|La Cantera (cerrada Pedregal)|4326|2203521|3521|2026-09-29 02:50:00
22|14|La Cantera (condominio Granito)|4326|2203522|3522|2026-09-29 02:50:00
22|14|Palmas De San Jose|4326|2203523|3523|2026-09-29 02:50:00
22|14|La Espiga (alcala Ii)|4326|2203524|3524|2026-09-29 02:50:00
22|14|Vidara|4326|2203525|3525|2026-09-29 02:50:00
22|14|Santa Lucia|4326|2203526|3526|2026-09-29 02:50:00
22|14|Torre De Piedra Providencia|4326|2203527|3527|2026-09-29 02:50:00
22|14|Alanna Roble|4326|2203528|3528|2026-09-29 02:50:00
22|14|Dolce Terranova Ii|4326|2203529|3529|2026-09-29 02:50:00
22|14|Alvento|4326|2203530|3530|2026-09-29 02:50:00
22|14|Veranda|4326|2203531|3531|2026-09-29 02:50:00
22|14|Gardeno|4326|2203532|3532|2026-09-29 02:50:00
22|14|Riscos Del Refugio|4326|2203533|3533|2026-09-29 02:50:00
22|14|Citadela|4326|2203534|3534|2026-09-29 02:50:00
22|14|Dolce Terranova|4326|2203535|3535|2026-09-29 02:50:00
22|14|Terrazas Residencial|4326|2203536|3536|2026-09-29 02:50:00
22|14|El Refugio Residencial (el Recuerdo B)|4326|2203537|3537|2026-09-29 02:50:00
22|14|El Refugio Residencial (el Recuerdo A)|4326|2203538|3538|2026-09-29 02:50:00
22|14|Villa Toledo|4326|2203539|3539|2026-09-29 02:50:00
22|14|Florenza|4326|2203540|3540|2026-09-29 02:50:00
22|14|Terrazas Residencial Ii|4326|2203541|3541|2026-09-29 02:50:00
22|14|Paseo Santorini|4326|2203542|3542|2026-09-29 02:50:00
22|14|Kalia Residencial|4326|2203543|3543|2026-09-29 02:50:00
22|14|Alvento Ii|4326|2203544|3544|2026-09-29 02:50:00
22|14|El Milagro|4326|2203545|3545|2026-09-29 02:50:00
22|14|El Anhelo|4326|2203546|3546|2026-09-29 02:50:00
22|14|Riscos|4326|2203547|3547|2026-09-29 02:50:00
22|14|Solei|4326|2203548|3548|2026-09-29 02:50:00
22|14|El Refugio Residencial (bojai)|4326|2203549|3549|2026-09-29 02:50:00
22|14|Arboleda|4326|2203550|3550|2026-09-29 02:50:00
22|14|Alanna Laurel|4326|2203551|3551|2026-09-29 02:50:00
22|14|Torre De Piedra Bugambilias|4326|2203552|3552|2026-09-29 02:50:00
22|14|Paseo San Junipero|4326|2203553|3553|2026-09-29 02:50:00
22|14|La Espiga (aragon Iii)|4326|2203554|3554|2026-09-29 02:50:00
22|14|La Espiga (aragon I)|4326|2203555|3555|2026-09-29 02:50:00
22|14|La Espiga (aragon Ii)|4326|2203556|3556|2026-09-29 02:50:00
22|14|La Espiga (alcala I)|4326|2203557|3557|2026-09-29 02:50:00
22|14|La Espiga (alcala Iii)|4326|2203558|3558|2026-09-29 02:50:00
22|14|Fresno|4326|2203559|3559|2026-09-29 02:50:00
22|14|Vidana|4326|2203560|3560|2026-09-29 02:50:00
22|14|San Angel|4326|2203561|3561|2026-09-29 02:50:00
22|14|Monarca|4326|2203562|3562|2026-09-29 02:50:00
22|14|Rinconada Las Joyas|4326|2203563|3563|2026-09-29 02:50:00
22|14|Pedregal De San Jose|4326|2203564|3564|2026-09-29 02:50:00
22|14|Fray Junipero Serra|4326|2203565|3565|2026-09-29 02:50:00
22|14|La Espiga (roque?o I)|4326|2203566|3566|2026-09-29 02:50:00
22|14|El Refugio Residencial|4326|2203567|3567|2026-09-29 02:50:00
22|14|Nuevo Refugio Residencial|4326|2203568|3568|2026-09-29 02:50:00
22|14|Alttica Residencial|4326|2203569|3569|2026-09-29 02:50:00
22|14|Rivello|4326|2203570|3570|2026-09-29 02:50:00
22|14|Generacion 2000|4326|2203571|3571|2026-09-29 02:50:00
22|14|La Espiga (roque?o Ii)|4326|2203572|3572|2026-09-29 02:50:00
22|14|Travertino Residencial|4326|2203573|3573|2026-09-29 02:50:00
22|14|La Vista (sin Nombre)|4326|2203574|3574|2026-09-29 02:50:00
22|14|La Espiga(betres I)|4326|2203575|3575|2026-09-29 02:50:00
22|17|Los Claustros|4326|2203576|3576|2026-09-29 02:50:00
22|17|Los Laureles|4326|2203577|3577|2026-09-29 02:50:00
22|17|Aleda?o Presa Centenario|4326|2203578|3578|2026-09-29 02:50:00
22|17|Vergel Del Acueducto|4326|2203579|3579|2026-09-29 02:50:00
22|17|El Puente Viejo|4326|2203580|3580|2026-09-29 02:50:00
22|17|Centro|4326|2203581|3581|2026-09-29 02:50:00
22|17|El Vergel|4326|2203582|3582|2026-09-29 02:50:00
22|17|La Magdalena|4326|2203583|3583|2026-09-29 02:50:00
22|17|Vista Hermosa|4326|2203584|3584|2026-09-29 02:50:00
22|17|Centro|4326|2203585|3585|2026-09-29 02:50:00
22|17|Los Jades|4326|2203586|3586|2026-09-29 02:50:00
22|17|Palmas Residencial|4326|2203587|3587|2026-09-29 02:50:00
22|17|Quintas De La Vi?a|4326|2203588|3588|2026-09-29 02:50:00
22|17|Manantiales Del Prado|4326|2203589|3589|2026-09-29 02:50:00
22|14|Jurica San Francisco|4326|2203590|3590|2026-09-29 02:50:00
22|14|Punta Juriquilla|4326|2203591|3591|2026-09-29 02:50:00
22|14|Caleto|4326|2203592|3592|2026-09-29 02:50:00
22|14|Universidades|4326|2203593|3593|2026-09-29 02:50:00
22|14|La Herradura|4326|2203594|3594|2026-09-29 02:50:00
22|14|La Herradura|4326|2203595|3595|2026-09-29 02:50:00
22|14|Sin Nombre|4326|2203596|3596|2026-09-29 02:50:00
22|14|Altavista Juriquilla|4326|2203597|3597|2026-09-29 02:50:00
22|14|Rancho Largo|4326|2203598|3598|2026-09-29 02:50:00
22|14|Atelier|4326|2203599|3599|2026-09-29 02:50:00
22|14|Nuevo Juriquilla|4326|2203600|3600|2026-09-29 02:50:00
22|14|Condos De Juriquilla|4326|2203601|3601|2026-09-29 02:50:00
22|5|Ciudad Maderas Corregidora|4326|2203602|3602|2026-09-29 02:50:00
22|5|La Cueva|4326|2203603|3603|2026-09-29 02:50:00
22|5|Charco Blanco|4326|2203604|3604|2026-09-29 02:50:00
22|5|Los Magueycitos|4326|2203605|3605|2026-09-29 02:50:00
22|5|Lomas De Charco Blanco|4326|2203606|3606|2026-09-29 02:50:00
22|5|Tierra Y Libertad|4326|2203607|3607|2026-09-29 02:50:00
22|5|Mision De San Carlos|4326|2203608|3608|2026-09-29 02:50:00
22|5|Mision De San Carlos 3a Seccion|4326|2203609|3609|2026-09-29 02:50:00
22|5|Bernardo Quintana|4326|2203610|3610|2026-09-29 02:50:00
22|5|Villas Fresnos|4326|2203611|3611|2026-09-29 02:50:00
22|5|Camino Real|4326|2203612|3612|2026-09-29 02:50:00
22|5|Jose Maria Truchuelo 2a Seccion|4326|2203613|3613|2026-09-29 02:50:00
22|7|Las Taponas|4326|2203614|3614|2026-09-29 02:50:00
22|7|Fraccion Los Martinez|4326|2203615|3615|2026-09-29 02:50:00
22|5|Las Taponas|4326|2203616|3616|2026-09-29 02:50:00
22|5|Bravo|4326|2203617|3617|2026-09-29 02:50:00
22|10|La Presa (san Antonio)|4326|2203618|3618|2026-09-29 02:50:00
22|14|La Cuesta|4326|2203619|3619|2026-09-29 02:50:00
22|14|La Laguna|4326|2203620|3620|2026-09-29 02:50:00
22|10|Lucepolis Coto Club|4326|2203621|3621|2026-09-29 02:50:00
22|14|8 De Diciembre|4326|2203622|3622|2026-09-29 02:50:00
22|14|Hercules|4326|2203623|3623|2026-09-29 02:50:00
22|14|Milenio Iii|4326|2203624|3624|2026-09-29 02:50:00
22|17|Colinas Campestre|4326|2203625|3625|2026-09-29 02:50:00
22|17|Vista Alta|4326|2203626|3626|2026-09-29 02:50:00
22|17|El Lienzo|4326|2203627|3627|2026-09-29 02:50:00
22|17|Estacion Bernal|4326|2203628|3628|2026-09-29 02:50:00
22|17|Boreal|4326|2203629|3629|2026-09-29 02:50:00
22|17|De Los Tepetates|4326|2203630|3630|2026-09-29 02:50:00
22|17|De Los Tepetates|4326|2203631|3631|2026-09-29 02:50:00
22|17|Residencial Tequisquiapan|4326|2203632|3632|2026-09-29 02:50:00
22|5|El Jaral|4326|2203633|3633|2026-09-29 02:50:00
22|9|Agua Zarca|4326|2203634|3634|2026-09-29 02:50:00
22|17|Bordo Blanco|4326|2203635|3635|2026-09-29 02:50:00
22|17|Adolfo Lopez Mateos|4326|2203636|3636|2026-09-29 02:50:00
22|17|Adolfo Lopez Mateos 2a Seccion|4326|2203637|3637|2026-09-29 02:50:00
22|17|Corraletas|4326|2203638|3638|2026-09-29 02:50:00
22|17|Cerritos San Jose|4326|2203639|3639|2026-09-29 02:50:00
22|17|Centenario|4326|2203640|3640|2026-09-29 02:50:00
22|17|Adolfo Lopez Mateos|4326|2203641|3641|2026-09-29 02:50:00
22|17|La Charretera|4326|2203642|3642|2026-09-29 02:50:00
22|6|La Queretana|4326|2203643|3643|2026-09-29 02:50:00
22|6|La Presa|4326|2203644|3644|2026-09-29 02:50:00
22|6|Tunas Blancas|4326|2203645|3645|2026-09-29 02:50:00
22|6|Los Tabascos|4326|2203646|3646|2026-09-29 02:50:00
22|6|El Fresno|4326|2203647|3647|2026-09-29 02:50:00
22|6|Arroyo Negro|4326|2203648|3648|2026-09-29 02:50:00
22|6|La Querencia|4326|2203649|3649|2026-09-29 02:50:00
22|6|Rancho Las Princesas|4326|2203650|3650|2026-09-29 02:50:00
22|6|Bothiji|4326|2203651|3651|2026-09-29 02:50:00
22|6|El Banthi|4326|2203652|3652|2026-09-29 02:50:00
22|8|Las Misiones|4326|2203653|3653|2026-09-29 02:50:00
22|8|San Nicolas|4326|2203654|3654|2026-09-29 02:50:00
22|8|El Mercado|4326|2203655|3655|2026-09-29 02:50:00
22|8|Centro|4326|2203656|3656|2026-09-29 02:50:00
22|8|Monte Elicon|4326|2203657|3657|2026-09-29 02:50:00
22|8|Las Terrazas|4326|2203658|3658|2026-09-29 02:50:00
22|8|Santa Ines|4326|2203659|3659|2026-09-29 02:50:00
22|8|Aurora|4326|2203660|3660|2026-09-29 02:50:00
22|8|Solidaridad|4326|2203661|3661|2026-09-29 02:50:00
22|8|Alcantarillas|4326|2203662|3662|2026-09-29 02:50:00
22|8|Vista Hermosa|4326|2203663|3663|2026-09-29 02:50:00
22|8|Puerto De San Nicolas|4326|2203664|3664|2026-09-29 02:50:00
22|8|La Cruz|4326|2203665|3665|2026-09-29 02:50:00
22|8|Cruz Blanca Del Cerril|4326|2203666|3666|2026-09-29 02:50:00
22|8|Linda Vista|4326|2203667|3667|2026-09-29 02:50:00
22|8|Luis Donaldo Colosio|4326|2203668|3668|2026-09-29 02:50:00
22|8|Jardines De La Sierra|4326|2203669|3669|2026-09-29 02:50:00
22|8|Bosques De La Sierra|4326|2203670|3670|2026-09-29 02:50:00
22|8|Santa Celia|4326|2203671|3671|2026-09-29 02:50:00
22|8|Nuevo Milenio|4326|2203672|3672|2026-09-29 02:50:00
22|8|Santa Ines|4326|2203673|3673|2026-09-29 02:50:00
22|6|La Uca|4326|2203674|3674|2026-09-29 02:50:00
22|6|La Laguna|4326|2203675|3675|2026-09-29 02:50:00
22|6|El Toril|4326|2203676|3676|2026-09-29 02:50:00
22|6|Las Fuentes|4326|2203677|3677|2026-09-29 02:50:00
22|6|Centro|4326|2203678|3678|2026-09-29 02:50:00
22|6|Los Angeles|4326|2203679|3679|2026-09-29 02:50:00
22|6|La Bola|4326|2203680|3680|2026-09-29 02:50:00
22|6|Pablo Vega|4326|2203681|3681|2026-09-29 02:50:00
22|6|La Redonda De Abajo|4326|2203682|3682|2026-09-29 02:50:00
22|6|Chino|4326|2203683|3683|2026-09-29 02:50:00
22|6|La Redonda|4326|2203684|3684|2026-09-29 02:50:00
22|6|El Lindero|4326|2203685|3685|2026-09-29 02:50:00
22|6|La Soledad|4326|2203686|3686|2026-09-29 02:50:00
22|6|Mansion De Bosque|4326|2203687|3687|2026-09-29 02:50:00
22|6|Mansion Del Ciervo|4326|2203688|3688|2026-09-29 02:50:00
22|4|Centro|4326|2203689|3689|2026-09-29 02:50:00
22|4|El Rosario|4326|2203690|3690|2026-09-29 02:50:00
22|4|Inifap|4326|2203691|3691|2026-09-29 02:50:00
22|17|Los Cerritos|4326|2203692|3692|2026-09-29 02:50:00
22|17|La Ca?adita|4326|2203693|3693|2026-09-29 02:50:00
22|17|Vista Hermosa|4326|2203694|3694|2026-09-29 02:50:00
22|17|La Fuente|4326|2203695|3695|2026-09-29 02:50:00
22|17|Villas Del Centenario|4326|2203696|3696|2026-09-29 02:50:00
22|17|Centenario|4326|2203697|3697|2026-09-29 02:50:00
22|17|Santa Fe 2da Seccion|4326|2203698|3698|2026-09-29 02:50:00
22|17|Santa Fe|4326|2203699|3699|2026-09-29 02:50:00
22|17|Balcones De Tequisquiapan|4326|2203700|3700|2026-09-29 02:50:00
22|17|Los Girasoles|4326|2203701|3701|2026-09-29 02:50:00
22|17|El Cerrito|4326|2203702|3702|2026-09-29 02:50:00
22|17|Nahui Ollin|4326|2203703|3703|2026-09-29 02:50:00
22|17|La Calera|4326|2203704|3704|2026-09-29 02:50:00
22|17|Flores De Hacienda (geranio)|4326|2203705|3705|2026-09-29 02:50:00
22|17|Flores De Hacienda (condominio Orquidea)|4326|2203706|3706|2026-09-29 02:50:00
22|17|Flores De Hacienda (condominio Laurel)|4326|2203707|3707|2026-09-29 02:50:00
22|17|Flores De Hacienda (condominio Lirio)|4326|2203708|3708|2026-09-29 02:50:00
22|17|Flores De Hacienda (condominio Azucena)|4326|2203709|3709|2026-09-29 02:50:00
22|17|Santa Fe 1ra Seccion|4326|2203710|3710|2026-09-29 02:50:00
22|17|La Lomita|4326|2203711|3711|2026-09-29 02:50:00
22|17|Tierra Nueva|4326|2203712|3712|2026-09-29 02:50:00
22|17|Lomas De Guadalupe|4326|2203713|3713|2026-09-29 02:50:00
22|17|Ramas Blancas|4326|2203714|3714|2026-09-29 02:50:00
22|17|San Juan|4326|2203715|3715|2026-09-29 02:50:00
22|16|Lomas Del Pedregal|4326|2203716|3716|2026-09-29 02:50:00
22|16|Nuevo San Juan|4326|2203717|3717|2026-09-29 02:50:00
22|16|San Francisco|4326|2203718|3718|2026-09-29 02:50:00
22|16|Guadalupana|4326|2203719|3719|2026-09-29 02:50:00
22|16|San Martin 3a Seccion|4326|2203720|3720|2026-09-29 02:50:00
22|16|Villas Del Sol 2a Seccion|4326|2203721|3721|2026-09-29 02:50:00
22|16|12 De Diciembre|4326|2203722|3722|2026-09-29 02:50:00
22|16|Lazaro Cardenas 1a Seccion|4326|2203723|3723|2026-09-29 02:50:00
22|16|Josefa Ortiz De Dominguez 4a Seccion|4326|2203724|3724|2026-09-29 02:50:00
22|16|Ampliacion Josefa Ortiz De Dominguez 4a Seccion|4326|2203725|3725|2026-09-29 02:50:00
22|16|Ampliacion Josefa Ortiz De Dominguez 5a Seccion|4326|2203726|3726|2026-09-29 02:50:00
22|16|Villas Del Sol|4326|2203727|3727|2026-09-29 02:50:00
22|16|Guadalupana Del Campo|4326|2203728|3728|2026-09-29 02:50:00
22|16|El Rodeo|4326|2203729|3729|2026-09-29 02:50:00
22|16|El Rodeo 2a Seccion (morelos)|4326|2203730|3730|2026-09-29 02:50:00
22|16|Villas De Santa Maria|4326|2203731|3731|2026-09-29 02:50:00
22|16|Santa Maria Del Rodeo|4326|2203732|3732|2026-09-29 02:50:00
22|16|Loma Bonita|4326|2203733|3733|2026-09-29 02:50:00
22|16|Invernadero 3a Seccion (miguel Hidalgo)|4326|2203734|3734|2026-09-29 02:50:00
22|16|San Antonio|4326|2203735|3735|2026-09-29 02:50:00
22|16|Santa Isabel|4326|2203736|3736|2026-09-29 02:50:00
22|16|Sin Nombre|4326|2203737|3737|2026-09-29 02:50:00
22|16|Divina Providencia|4326|2203738|3738|2026-09-29 02:50:00
22|16|Los Sabinos|4326|2203739|3739|2026-09-29 02:50:00
22|16|La Paz 3a Seccion Del Rodeo|4326|2203740|3740|2026-09-29 02:50:00
22|16|Santa Isabel|4326|2203741|3741|2026-09-29 02:50:00
22|16|Libertadores|4326|2203742|3742|2026-09-29 02:50:00
22|16|Indeco (pedregoso Comevi Banthi)|4326|2203748|3748|2026-09-29 02:50:00
22|16|Magisterial|4326|2203749|3749|2026-09-29 02:50:00
22|16|Paseo Lomas De San Juan|4326|2203750|3750|2026-09-29 02:50:00
22|16|Villas Del Parque|4326|2203751|3751|2026-09-29 02:50:00
22|16|Villas De Las Flores (comevi)|4326|2203752|3752|2026-09-29 02:50:00
22|16|Loma De San Juan Seccion Campestre|4326|2203753|3753|2026-09-29 02:50:00
22|16|Mexico|4326|2203754|3754|2026-09-29 02:50:00
22|16|Granjas Banthi|4326|2203755|3755|2026-09-29 02:50:00
22|16|Laguna De Lourdes|4326|2203756|3756|2026-09-29 02:50:00
22|16|El Organal|4326|2203757|3757|2026-09-29 02:50:00
22|16|San German|4326|2203758|3758|2026-09-29 02:50:00
22|16|San Javier (rancho Nuevo)|4326|2203759|3759|2026-09-29 02:50:00
22|16|Nuevo San Juan|4326|2203760|3760|2026-09-29 02:50:00
22|16|Deportiva|4326|2203761|3761|2026-09-29 02:50:00
22|16|Lomas De San Juan Seccion Jardines|4326|2203762|3762|2026-09-29 02:50:00
22|16|Infonavit Pedregoso|4326|2203763|3763|2026-09-29 02:50:00
22|16|Lomas De San Juan|4326|2203764|3764|2026-09-29 02:50:00
22|16|Nuevo San German|4326|2203765|3765|2026-09-29 02:50:00
22|16|Lomas De La Estancia|4326|2203766|3766|2026-09-29 02:50:00
22|16|La Estancia|4326|2203767|3767|2026-09-29 02:50:00
22|16|El Porvenir Residencial Campestre|4326|2203768|3768|2026-09-29 02:50:00
22|16|Nuevo Espiritu Santo|4326|2203769|3769|2026-09-29 02:50:00
22|16|De La Concepcion|4326|2203770|3770|2026-09-29 02:50:00
22|16|Loma Linda|4326|2203771|3771|2026-09-29 02:50:00
22|16|Los Fresnos|4326|2203772|3772|2026-09-29 02:50:00
22|16|Los Ordaz|4326|2203773|3773|2026-09-29 02:50:00
22|16|Jesusito|4326|2203774|3774|2026-09-29 02:50:00
22|16|Nuevo Espiritu Santo|4326|2203775|3775|2026-09-29 02:50:00
22|16|Villas Acuario|4326|2203776|3776|2026-09-29 02:50:00
22|16|El Encanto|4326|2203777|3777|2026-09-29 02:50:00
22|16|Los Mejia|4326|2203778|3778|2026-09-29 02:50:00
22|16|San Jose|4326|2203779|3779|2026-09-29 02:50:00
22|16|La Llave|4326|2203780|3780|2026-09-29 02:50:00
22|16|Del Nuevo Espiritu Santo|4326|2203781|3781|2026-09-29 02:50:00
22|16|Santa Matilde|4326|2203782|3782|2026-09-29 02:50:00
22|16|Nuevo San Isidro|4326|2203783|3783|2026-09-29 02:50:00
22|16|Del Espiritu Santo|4326|2203784|3784|2026-09-29 02:50:00
22|16|San Isidro|4326|2203785|3785|2026-09-29 02:50:00
22|16|San Pedro Ahuacatlan|4326|2203786|3786|2026-09-29 02:50:00
22|16|Vistha|4326|2203787|3787|2026-09-29 02:50:00
22|10|Del Panteon|4326|2203788|3788|2026-09-29 02:50:00
22|10|El Cerrito|4326|2203789|3789|2026-09-29 02:50:00
22|10|Huerta Grande (1er De Dolores)|4326|2203790|3790|2026-09-29 02:50:00
22|10|Centro|4326|2203791|3791|2026-09-29 02:50:00
22|10|Jardin|4326|2203792|3792|2026-09-29 02:50:00
22|10|San Jose (del Ba?o)|4326|2203793|3793|2026-09-29 02:50:00
22|10|San Francisco|4326|2203794|3794|2026-09-29 02:50:00
22|10|El Pinito|4326|2203795|3795|2026-09-29 02:50:00
22|10|San Felipe|4326|2203796|3796|2026-09-29 02:50:00
22|10|Cruz Alta|4326|2203797|3797|2026-09-29 02:50:00
22|10|Socavon|4326|2203798|3798|2026-09-29 02:50:00
22|10|San Juan (san Juan De Dios)|4326|2203799|3799|2026-09-29 02:50:00
22|10|Santa Maria De Guadalupe|4326|2203800|3800|2026-09-29 02:50:00
22|10|Rinconada El Capricho|4326|2203801|3801|2026-09-29 02:50:00
22|10|El Campanario|4326|2203802|3802|2026-09-29 02:50:00
22|7|Los Cues|4326|2203803|3803|2026-09-29 02:50:00
22|7|Bimbalete|4326|2203804|3804|2026-09-29 02:50:00
22|7|Real De Los Cues|4326|2203805|3805|2026-09-29 02:50:00
22|7|San Antonio La Galera|4326|2203806|3806|2026-09-29 02:50:00
22|7|Portola|4326|2203807|3807|2026-09-29 02:50:00
22|7|Gante|4326|2203808|3808|2026-09-29 02:50:00
22|7|Breda|4326|2203809|3809|2026-09-29 02:50:00
22|10|La Pradera|4326|2203810|3810|2026-09-29 02:50:00
22|10|Villas Del Refugio|4326|2203811|3811|2026-09-29 02:50:00
22|10|Terra Business Park|4326|2203812|3812|2026-09-29 02:50:00
22|10|Refugio Santa Marcela 111|4326|2203813|3813|2026-09-29 02:50:00
22|10|Villas Del Refugio|4326|2203814|3814|2026-09-29 02:50:00
22|10|Refugio Santa Maria 109|4326|2203815|3815|2026-09-29 02:50:00
22|10|Nogales 192|4326|2203816|3816|2026-09-29 02:50:00
22|10|Nogales 100|4326|2203817|3817|2026-09-29 02:50:00
22|10|Nogales|4326|2203818|3818|2026-09-29 02:50:00
22|10|Villas Del Refugio Sur|4326|2203819|3819|2026-09-29 02:50:00
22|16|San Jose Galindo|4326|2203820|3820|2026-09-29 02:50:00
22|16|Arcila|4326|2203821|3821|2026-09-29 02:50:00
22|10|Palo Alto|4326|2203822|3822|2026-09-29 02:50:00
22|10|Colorilandia|4326|2203823|3823|2026-09-29 02:50:00
22|10|San Cristobal (ampliacion Del Colorado)|4326|2203824|3824|2026-09-29 02:50:00
22|10|San Miguel Lazaro Cardenas (el Colorado)|4326|2203825|3825|2026-09-29 02:50:00
22|10|Argenta Filippo|4326|2203826|3826|2026-09-29 02:50:00
22|10|Zakia (limoncello)|4326|2203827|3827|2026-09-29 02:50:00
22|10|Modena|4326|2203828|3828|2026-09-29 02:50:00
22|10|Dolce Paradiso|4326|2203829|3829|2026-09-29 02:50:00
22|10|El Motivo|4326|2203830|3830|2026-09-29 02:50:00
22|10|La Esencia|4326|2203831|3831|2026-09-29 02:50:00
22|10|Madeira|4326|2203832|3832|2026-09-29 02:50:00
22|10|Dolce Paradiso Ii|4326|2203833|3833|2026-09-29 02:50:00
22|10|Arancione|4326|2203834|3834|2026-09-29 02:50:00
22|10|Sin Nombre|4326|2203835|3835|2026-09-29 02:50:00
22|10|Magenta|4326|2203836|3836|2026-09-29 02:50:00
22|10|Riscos Adagio Ii|4326|2203837|3837|2026-09-29 02:50:00
22|10|Lenna|4326|2203838|3838|2026-09-29 02:50:00
22|10|Los Robles|4326|2203839|3839|2026-09-29 02:50:00
22|10|Sabino 84|4326|2203840|3840|2026-09-29 02:50:00
22|10|Dos Motivos|4326|2203841|3841|2026-09-29 02:50:00
22|10|Celeste Residenziale|4326|2203842|3842|2026-09-29 02:50:00
22|10|Baktu Living|4326|2203843|3843|2026-09-29 02:50:00
22|10|Riscos Adagio Ii|4326|2203844|3844|2026-09-29 02:50:00
22|10|Argu|4326|2203845|3845|2026-09-29 02:50:00
22|10|Armonia|4326|2203846|3846|2026-09-29 02:50:00
22|10|Zaniah|4326|2203847|3847|2026-09-29 02:50:00
22|10|Zakia|4326|2203848|3848|2026-09-29 02:50:00
22|10|Argenta Galassi|4326|2203849|3849|2026-09-29 02:50:00
22|10|Riscos De Zaru(alpes I)|4326|2203850|3850|2026-09-29 02:50:00
22|10|Lucastra|4326|2203851|3851|2026-09-29 02:50:00
22|10|Riscos Alpes Ii|4326|2203852|3852|2026-09-29 02:50:00
22|10|Gran Motivo 951|4326|2203853|3853|2026-09-29 02:50:00
22|10|Distrito Sabino (cond Geranio)|4326|2203854|3854|2026-09-29 02:50:00
22|10|Torre De Piedra|4326|2203855|3855|2026-09-29 02:50:00
22|10|Altaira Tigrs|4326|2203856|3856|2026-09-29 02:50:00
22|10|Zaniah Iii|4326|2203857|3857|2026-09-29 02:50:00
22|10|Esencia(agatha)|4326|2203858|3858|2026-09-29 02:50:00
22|10|Altara Residencial|4326|2203859|3859|2026-09-29 02:50:00
22|10|Amaj Residencial|4326|2203860|3860|2026-09-29 02:50:00
22|10|Zania Ii|4326|2203861|3861|2026-09-29 02:50:00
22|10|Aurora|4326|2203862|3862|2026-09-29 02:50:00
22|10|Altaira Aquila|4326|2203863|3863|2026-09-29 02:50:00
22|10|Riscos|4326|2203864|3864|2026-09-29 02:50:00
22|10|Arenza|4326|2203865|3865|2026-09-29 02:50:00
22|10|Argu|4326|2203866|3866|2026-09-29 02:50:00
22|10|Nayenh|4326|2203867|3867|2026-09-29 02:50:00
22|10|Zizana (zante Residencial)|4326|2203868|3868|2026-09-29 02:50:00
22|10|Zizana (zuria Residencial)|4326|2203869|3869|2026-09-29 02:50:00
22|10|Zizana (condominio Cumbre Alta)|4326|2203870|3870|2026-09-29 02:50:00
22|10|Zizana|4326|2203871|3871|2026-09-29 02:50:00
22|10|Riscos Allegro|4326|2203872|3872|2026-09-29 02:50:00
22|10|Altaira|4326|2203873|3873|2026-09-29 02:50:00
22|10|Riscos Adagio|4326|2203874|3874|2026-09-29 02:50:00
22|10|Altaira Cetus|4326|2203875|3875|2026-09-29 02:50:00
22|10|Altaira Corvus|4326|2203876|3876|2026-09-29 02:50:00
22|10|Riscos Iii|4326|2203877|3877|2026-09-29 02:50:00
22|10|Amarello|4326|2203878|3878|2026-09-29 02:50:00
22|10|Riscos Ii|4326|2203879|3879|2026-09-29 02:50:00
22|10|Argu I|4326|2203880|3880|2026-09-29 02:50:00
22|10|Argu Ii|4326|2203881|3881|2026-09-29 02:50:00
22|10|Rinconada|4326|2203882|3882|2026-09-29 02:50:00
22|10|Xanadu|4326|2203883|3883|2026-09-29 02:50:00
22|10|Alhandra|4326|2203884|3884|2026-09-29 02:50:00
22|10|Kova Residencial|4326|2203885|3885|2026-09-29 02:50:00
22|10|Riscos Allegro Ii|4326|2203886|3886|2026-09-29 02:50:00
22|10|Riscos Allegro Iii|4326|2203887|3887|2026-09-29 02:50:00
22|10|Zizana (condominio Cumbre Alta Ii)|4326|2203888|3888|2026-09-29 02:50:00
22|10|El Consuelo|4326|2203889|3889|2026-09-29 02:50:00
22|10|Zire|4326|2203890|3890|2026-09-29 02:50:00
22|10|Condominio Altaira Noctua|4326|2203891|3891|2026-09-29 02:50:00
22|10|Zakia|4326|2203892|3892|2026-09-29 02:50:00
22|10|Condominio Masha|4326|2203893|3893|2026-09-29 02:50:00
22|10|Vitala Residencial|4326|2203894|3894|2026-09-29 02:50:00
22|10|Paseo Dali|4326|2203895|3895|2026-09-29 02:50:00
22|10|Luks|4326|2203896|3896|2026-09-29 02:50:00
22|10|Huizache|4326|2203897|3897|2026-09-29 02:50:00
22|10|Soneto|4326|2203898|3898|2026-09-29 02:50:00
22|10|Azhala|4326|2203899|3899|2026-09-29 02:50:00
22|10|Residencial Belmon|4326|2203900|3900|2026-09-29 02:50:00
22|10|Zibata (zona  Biznaga)|4326|2203901|3901|2026-09-29 02:50:00
22|10|Zibata (zona Maguey)|4326|2203902|3902|2026-09-29 02:50:00
22|10|Zona Mezquite (torre De Piedra I)|4326|2203903|3903|2026-09-29 02:50:00
22|10|Zibata (zona Torre Basalto)|4326|2203904|3904|2026-09-29 02:50:00
22|10|Zona Mezquite (basalto)|4326|2203905|3905|2026-09-29 02:50:00
22|10|Zona Mezquite (los Olivos)|4326|2203906|3906|2026-09-29 02:50:00
22|10|Zona Mezquite (natura)|4326|2203907|3907|2026-09-29 02:50:00
22|10|Zona Mezquite (mezquite 2 3 4 )|4326|2203908|3908|2026-09-29 02:50:00
22|10|Zona Mezquite (torre De Piedra Ii)|4326|2203909|3909|2026-09-29 02:50:00
22|10|Zona Mezquite (dominio)|4326|2203910|3910|2026-09-29 02:50:00
22|10|Zona Mezquite (agua Azul)|4326|2203911|3911|2026-09-29 02:50:00
22|10|Paseo Picasso|4326|2203912|3912|2026-09-29 02:50:00
22|10|Zibata (zona Cactus)|4326|2203913|3913|2026-09-29 02:50:00
22|10|Paseo Da Vinci|4326|2203914|3914|2026-09-29 02:50:00
22|10|Zibata (zona El Encanto)|4326|2203915|3915|2026-09-29 02:50:00
22|10|San Pedro Tehua|4326|2203916|3916|2026-09-29 02:50:00
22|10|El Bosque|4326|2203917|3917|2026-09-29 02:50:00
22|10|La Primavera|4326|2203918|3918|2026-09-29 02:50:00
22|10|San Isidro|4326|2203919|3919|2026-09-29 02:50:00
22|10|Amazcala|4326|2203920|3920|2026-09-29 02:50:00
22|10|Los Pinos|4326|2203921|3921|2026-09-29 02:50:00
22|10|Universidad|4326|2203922|3922|2026-09-29 02:50:00
22|10|Santa Maria Ticoman|4326|2203923|3923|2026-09-29 02:50:00
22|10|Campestre Amazcala|4326|2203924|3924|2026-09-29 02:50:00
22|5|San Francisco|4326|2203925|3925|2026-09-29 02:50:00
22|5|Vista Hermosa|4326|2203926|3926|2026-09-29 02:50:00
22|5|Valle Del Milagro|4326|2203927|3927|2026-09-29 02:50:00
22|5|Buena Ventura|4326|2203928|3928|2026-09-29 02:50:00
22|5|Real Del Bosque|4326|2203929|3929|2026-09-29 02:50:00
22|5|Loma De Vista Real|4326|2203930|3930|2026-09-29 02:50:00
22|5|Nuvole|4326|2203931|3931|2026-09-29 02:50:00
22|5|Colinas Del Bosque 1a Seccion|4326|2203932|3932|2026-09-29 02:50:00
22|5|Colinas Del Bosque 2a Seccion|4326|2203933|3933|2026-09-29 02:50:00
22|5|Vista Real|4326|2203934|3934|2026-09-29 02:50:00
22|5|Los Cipreses|4326|2203935|3935|2026-09-29 02:50:00
22|5|Las Condes|4326|2203936|3936|2026-09-29 02:50:00
22|5|Real De La Monta?a|4326|2203937|3937|2026-09-29 02:50:00
22|5|Ca?adas Del Lago|4326|2203938|3938|2026-09-29 02:50:00
22|5|Las Condes 2|4326|2203939|3939|2026-09-29 02:50:00
22|5|Parque Metropolitano|4326|2203940|3940|2026-09-29 02:50:00
22|5|Casta?o|4326|2203941|3941|2026-09-29 02:50:00
22|5|Cedro|4326|2203942|3942|2026-09-29 02:50:00
22|5|Cipres|4326|2203943|3943|2026-09-29 02:50:00
22|5|Las Condes 3|4326|2203944|3944|2026-09-29 02:50:00
22|5|El Asombro|4326|2203945|3945|2026-09-29 02:50:00
22|7|Los Timoteo|4326|2203946|3946|2026-09-29 02:50:00
22|5|El Manantial|4326|2203947|3947|2026-09-29 02:50:00
22|5|Residencial Vista Esmeralda|4326|2203948|3948|2026-09-29 02:50:00
22|5|Colinas Del Bosque Iii|4326|2203949|3949|2026-09-29 02:50:00
22|5|Fraccionamiento Balcones De Vista Real|4326|2203950|3950|2026-09-29 02:50:00
22|5|Vista Real Grand|4326|2203951|3951|2026-09-29 02:50:00
22|7|El Mogote|4326|2203952|3952|2026-09-29 02:50:00
22|5|Oporto|4326|2203953|3953|2026-09-29 02:50:00
22|5|San Antonio|4326|2203954|3954|2026-09-29 02:50:00
22|5|San Juan|4326|2203955|3955|2026-09-29 02:50:00
22|5|San Joaquin|4326|2203956|3956|2026-09-29 02:50:00
22|5|El Condado|4326|2203957|3957|2026-09-29 02:50:00
22|5|Privada Azafran|4326|2203958|3958|2026-09-29 02:50:00
22|5|Sin Nombre|4326|2203959|3959|2026-09-29 02:50:00
22|5|Santa Barbara|4326|2203960|3960|2026-09-29 02:50:00
22|5|Samsara|4326|2203961|3961|2026-09-29 02:50:00
22|5|Los Robles|4326|2203962|3962|2026-09-29 02:50:00
22|5|Los Naranjos|4326|2203963|3963|2026-09-29 02:50:00
22|5|Vistalago|4326|2203964|3964|2026-09-29 02:50:00
22|5|Ca?ada Towers|4326|2203965|3965|2026-09-29 02:50:00
22|5|Lago Bomu|4326|2203966|3966|2026-09-29 02:50:00
22|5|Valle Tinto|4326|2203967|3967|2026-09-29 02:50:00
22|5|Condado Valley|4326|2203968|3968|2026-09-29 02:50:00
22|5|Panorama|4326|2203969|3969|2026-09-29 02:50:00
22|5|Santa Barbara 1a Seccion|4326|2203970|3970|2026-09-29 02:50:00
22|5|Punta Esmeralda|4326|2203971|3971|2026-09-29 02:50:00
22|5|Real Del Bosque (condominio Coco)|4326|2203972|3972|2026-09-29 02:50:00
22|5|Parques Del Condado|4326|2203973|3973|2026-09-29 02:50:00
22|5|Odesza Residencial|4326|2203974|3974|2026-09-29 02:50:00
22|5|Aura Towers|4326|2203975|3975|2026-09-29 02:50:00
22|5|Sukha Punta Esmeralda|4326|2203976|3976|2026-09-29 02:50:00
22|5|Los Robles Iii|4326|2203977|3977|2026-09-29 02:50:00
22|5|Los Robles Ii|4326|2203978|3978|2026-09-29 02:50:00
22|5|Turmalina Kunar|4326|2203979|3979|2026-09-29 02:50:00
22|5|Turmalina|4326|2203980|3980|2026-09-29 02:50:00
22|5|Velasur|4326|2203981|3981|2026-09-29 02:50:00
22|5|Purisima De San Rafael|4326|2203982|3982|2026-09-29 02:50:00
22|5|Obrajuelo (obrajuelito)|4326|2203983|3983|2026-09-29 02:50:00
22|5|San Rafael|4326|2203984|3984|2026-09-29 02:50:00
22|5|Loma De San Isidro|4326|2203985|3985|2026-09-29 02:50:00
22|5|Presa De Bravo|4326|2203986|3986|2026-09-29 02:50:00
22|5|La Poza|4326|2203987|3987|2026-09-29 02:50:00
22|14|Nueva Imagen|4326|2203988|3988|2026-09-29 02:50:00
22|14|Jurica|4326|2203989|3989|2026-09-29 02:50:00
22|14|Privada De Los Portones|4326|2203990|3990|2026-09-29 02:50:00
22|14|Toliman|4326|2203991|3991|2026-09-29 02:50:00
22|14|Juriquilla Santa Fe|4326|2203992|3992|2026-09-29 02:50:00
22|14|Valle Juriquilla|4326|2203993|3993|2026-09-29 02:50:00
22|14|Juriquilla Santa Fe (q Home Valley)|4326|2203994|3994|2026-09-29 02:50:00
22|14|Juriquilla Santa Fe (el Destino)|4326|2203995|3995|2026-09-29 02:50:00
22|14|Juriquilla Santa Fe (dolce Terra)|4326|2203996|3996|2026-09-29 02:50:00
22|14|Juriquilla Santa Fe (blue)|4326|2203997|3997|2026-09-29 02:50:00
22|14|Juriquilla Santa Fe (valle De Manzanos)|4326|2203998|3998|2026-09-29 02:50:00
22|14|Juriquilla Santa Fe (vive Juriquilla)|4326|2203999|3999|2026-09-29 02:50:00
22|14|Juriquilla Santa Fe (la Castellana)|4326|2204000|4000|2026-09-29 02:50:00
22|14|Juriquilla Santa Fe (murano)|4326|2204001|4001|2026-09-29 02:50:00
22|14|Juriquilla Santa Fe (aura)|4326|2204002|4002|2026-09-29 02:50:00
22|14|Juriquilla Santa Fe (atenas)|4326|2204003|4003|2026-09-29 02:50:00
22|14|Juriquilla  Santa Fe (pontevedra Residencialii)|4326|2204004|4004|2026-09-29 02:50:00
22|14|Juriquilla Santa Fe (ponte Vedra Residencial Iii)|4326|2204005|4005|2026-09-29 02:50:00
22|14|Hacienda Juriquilla Santa Fe|4326|2204006|4006|2026-09-29 02:50:00
22|14|La Ca?ada|4326|2204007|4007|2026-09-29 02:50:00
22|14|Juriquilla Santa Fe (valle Juriquilla Ii)|4326|2204008|4008|2026-09-29 02:50:00
22|14|La Campana|4326|2204009|4009|2026-09-29 02:50:00
22|14|Condominio Life|4326|2204010|4010|2026-09-29 02:50:00
22|14|Wise Living Ca?ada|4326|2204011|4011|2026-09-29 02:50:00
22|14|Valle  Juriquilla (altara)|4326|2204012|4012|2026-09-29 02:50:00
22|14|Biosfera Towers|4326|2204013|4013|2026-09-29 02:50:00
22|14|Hacienda Juriquilla Santa Fe|4326|2204014|4014|2026-09-29 02:50:00
22|14|Juriquilla Santa Fe (laztana)|4326|2204015|4015|2026-09-29 02:50:00
22|14|Juriquilla Santa Fe (la Reserva)|4326|2204016|4016|2026-09-29 02:50:00
22|14|Jurica|4326|2204017|4017|2026-09-29 02:50:00
22|5|Bosque De Lourdes|4326|2204018|4018|2026-09-29 02:50:00
22|5|Vista Del Sol|4326|2204019|4019|2026-09-29 02:50:00
22|5|Lourdes|4326|2204020|4020|2026-09-29 02:50:00
22|5|Potrero De La Estancia|4326|2204021|4021|2026-09-29 02:50:00
22|5|Los Angeles|4326|2204022|4022|2026-09-29 02:50:00
22|5|Praderas De Los Angeles|4326|2204023|4023|2026-09-29 02:50:00
22|5|Pueblito Colonial|4326|2204024|4024|2026-09-29 02:50:00
22|5|Las Caba?as|4326|2204025|4025|2026-09-29 02:50:00
22|5|Praderas De Guadalupe|4326|2204026|4026|2026-09-29 02:50:00
22|5|La Estancia|4326|2204027|4027|2026-09-29 02:50:00
22|5|Colinas De Los Angeles|4326|2204028|4028|2026-09-29 02:50:00
22|5|Moralta|4326|2204029|4029|2026-09-29 02:50:00
22|5|Hacienda Del Bosque|4326|2204030|4030|2026-09-29 02:50:00
22|5|Corral Del Llano (la Chingada)|4326|2204031|4031|2026-09-29 02:50:00
22|5|Los Angeles|4326|2204032|4032|2026-09-29 02:50:00
22|5|El Romeral|4326|2204033|4033|2026-09-29 02:50:00
22|5|La Vida (condominio Terra 1)|4326|2204034|4034|2026-09-29 02:50:00
22|5|La Vida (condominio Terra 2)|4326|2204035|4035|2026-09-29 02:50:00
22|5|La Vida (condominio Terra 3)|4326|2204036|4036|2026-09-29 02:50:00
22|5|La Vida|4326|2204037|4037|2026-09-29 02:50:00
22|5|La Vida (condominio Helios)|4326|2204038|4038|2026-09-29 02:50:00
22|5|La Vida (condominio Hera 2)|4326|2204039|4039|2026-09-29 02:50:00
22|5|La Vida (condominio Hera 1)|4326|2204040|4040|2026-09-29 02:50:00
22|5|La Vida (condominio Aura)|4326|2204041|4041|2026-09-29 02:50:00
22|5|La Vida (condominio Telus)|4326|2204042|4042|2026-09-29 02:50:00
22|5|Villalba|4326|2204043|4043|2026-09-29 02:50:00
22|5|La Vida (condominio Venti)|4326|2204044|4044|2026-09-29 02:50:00
22|5|San Angel|4326|2204045|4045|2026-09-29 02:50:00
22|5|Terralta|4326|2204046|4046|2026-09-29 02:50:00
22|5|San Sebastian|4326|2204047|4047|2026-09-29 02:50:00
22|5|La Vida (condominio Livet)|4326|2204048|4048|2026-09-29 02:50:00
22|5|Villalba Ii|4326|2204049|4049|2026-09-29 02:50:00
22|5|Balvanera Seccion Panoramica|4326|2204050|4050|2026-09-29 02:50:00
22|5|Los Angeles|4326|2204051|4051|2026-09-29 02:50:00
22|5|Balvanera Seccion Fairway|4326|2204052|4052|2026-09-29 02:50:00
22|5|El Cerrito|4326|2204053|4053|2026-09-29 02:50:00
22|5|La Vida Condominio Lux|4326|2204054|4054|2026-09-29 02:50:00
22|5|La Vida Condomonio Horus|4326|2204055|4055|2026-09-29 02:50:00
22|5|Valle Corregidora|4326|2204056|4056|2026-09-29 02:50:00
22|5|Tauro|4326|2204057|4057|2026-09-29 02:50:00
22|14|Jardines Del Cimatario|4326|2204058|4058|2026-09-29 02:50:00
22|14|Lazaro Cardenas|4326|2204059|4059|2026-09-29 02:50:00
22|14|Prados De Queretaro|4326|2204060|4060|2026-09-29 02:50:00
22|14|Bosques De Queretaro|4326|2204061|4061|2026-09-29 02:50:00
22|14|Villas Del Cimatario|4326|2204062|4062|2026-09-29 02:50:00
22|14|Cuitlahuac 2a Seccion|4326|2204063|4063|2026-09-29 02:50:00
22|14|Universo 2000|4326|2204064|4064|2026-09-29 02:50:00
22|14|Vistas Del Cimatario|4326|2204065|4065|2026-09-29 02:50:00
22|14|San Andres|4326|2204066|4066|2026-09-29 02:50:00
22|14|Fraternidad De Santiago|4326|2204067|4067|2026-09-29 02:50:00
22|14|Colinas Del Sur|4326|2204068|4068|2026-09-29 02:50:00
22|14|Union|4326|2204069|4069|2026-09-29 02:50:00
22|14|Altos Del Cimatario|4326|2204070|4070|2026-09-29 02:50:00
22|14|Lomas Del Valle 2a Seccion|4326|2204071|4071|2026-09-29 02:50:00
22|14|Bosques Del Cimatario|4326|2204072|4072|2026-09-29 02:50:00
22|14|Lomas Del Valle 1a Seccion|4326|2204073|4073|2026-09-29 02:50:00
22|5|Venceremos|4326|2204074|4074|2026-09-29 02:50:00
22|5|Boulevares Del Cimatario|4326|2204075|4075|2026-09-29 02:50:00
22|5|Jose Maria Truchuelo|4326|2204076|4076|2026-09-29 02:50:00
22|14|Lomas De Pasteur|4326|2204077|4077|2026-09-29 02:50:00
22|14|Jardines Del Cimatario 2a Seccion|4326|2204078|4078|2026-09-29 02:50:00
22|14|Rincon Del Cimatario|4326|2204079|4079|2026-09-29 02:50:00
22|14|Mision Cimatario Residencial|4326|2204080|4080|2026-09-29 02:50:00
22|14|Campestre Italiana|4326|2204081|4081|2026-09-29 02:50:00
22|14|Mirador Del Cimatario|4326|2204082|4082|2026-09-29 02:50:00
22|5|Popular El Paraiso|4326|2204083|4083|2026-09-29 02:50:00
22|14|Pedregal Del Cimatario|4326|2204084|4084|2026-09-29 02:50:00
22|14|Bosques De Las Lomas|4326|2204085|4085|2026-09-29 02:50:00
22|14|Manantiales Del Cimatario|4326|2204086|4086|2026-09-29 02:50:00
22|14|Roma|4326|2204087|4087|2026-09-29 02:50:00
22|5|Los Agaves|4326|2204088|4088|2026-09-29 02:50:00
22|5|El Progreso (las Trojas)|4326|2204089|4089|2026-09-29 02:50:00
22|7|Amberes|4326|2204090|4090|2026-09-29 02:50:00
22|6|Los Perez|4326|2204091|4091|2026-09-29 02:50:00
22|17|Rivera De Los Sabinos|4326|2204092|4092|2026-09-29 02:50:00
22|17|De Los Patos|4326|2204093|4093|2026-09-29 02:50:00
22|17|Villas Del Sol|4326|2204094|4094|2026-09-29 02:50:00
22|17|Los Cactus|4326|2204095|4095|2026-09-29 02:50:00
22|17|Alborada|4326|2204096|4096|2026-09-29 02:50:00
22|17|Nueva Alborada|4326|2204097|4097|2026-09-29 02:50:00
22|17|Fundadores|4326|2204098|4098|2026-09-29 02:50:00
22|17|El Portalito|4326|2204099|4099|2026-09-29 02:50:00
22|16|Ampliacion Santa Barbara La Cueva (caseta De Palmillas)|4326|2204100|4100|2026-09-29 02:50:00
22|7|Puerta Del Tepozan|4326|2204101|4101|2026-09-29 02:50:00
22|4|Las Cenizas|4326|2204102|4102|2026-09-29 02:50:00
22|4|Las Cenizas|4326|2204103|4103|2026-09-29 02:50:00
22|10|Terrazu|4326|2204104|4104|2026-09-29 02:50:00
22|5|Puerta De San Rafael|4326|2204105|4105|2026-09-29 02:50:00
22|14|La Marquesa|4326|2204106|4106|2026-09-29 02:50:00
22|14|Los Huertos (condominio Manzanos)|4326|2204107|4107|2026-09-29 02:50:00
22|14|Granados|4326|2204108|4108|2026-09-29 02:50:00
22|14|Jardines De San Jose 4a Seccion|4326|2204109|4109|2026-09-29 02:50:00
22|14|La Cantera (condominio Marmol)|4326|2204110|4110|2026-09-29 02:50:00
22|14|La Cantera (condominio Balaustradas)|4326|2204111|4111|2026-09-29 02:50:00
22|14|La Cantera (condominio Pizarra)|4326|2204112|4112|2026-09-29 02:50:00
22|14|Cerrada Jade|4326|2204113|4113|2026-09-29 02:50:00
22|14|Monte Vita|4326|2204114|4114|2026-09-29 02:50:00
22|5|Catania|4326|2204115|4115|2026-09-29 02:50:00
22|5|Siena|4326|2204116|4116|2026-09-29 02:50:00
22|5|Carlota Hacienda Vanegas|4326|2204117|4117|2026-09-29 02:50:00
